#pragma once
#include <stdint.h>

// 320x170 RGB565, resized from images/Splash.png and alpha-composited
// against Ui::COLOR_BG (8,10,16) ahead of time - see the note in
// scripts/gen_logo.ps1. Regenerate with that script if the splash changes.
static const int SPLASH_BITMAP_W = 320;
static const int SPLASH_BITMAP_H = 170;
static const uint16_t SPLASH_BITMAP[] PROGMEM = {
    0x0842, 0x0842, 0x0842, 0x0842, 0x0842, 0x0842, 0x0842, 0x0842, 0x0842, 0x0842, 0x0842, 0x0842,
    0x0842, 0x0842, 0x0842, 0x0842, 0x0842, 0x0842, 0x0842, 0x0842, 0x0842, 0x0842, 0x0842, 0x0842,
    0x0842, 0x0842, 0x0842, 0x0842, 0x0842, 0x0842, 0x0842, 0x0842, 0x0842, 0x0842, 0x0842, 0x0842,
    0x0842, 0x0842, 0x0842, 0x0842, 0x0842, 0x0842, 0x0842, 0x0842, 0x0842, 0x0842, 0x0842, 0x0842,
    0x0842, 0x0842, 0x0842, 0x0842, 0x0842, 0x0842, 0x0842, 0x0842, 0x0842, 0x0842, 0x0842, 0x0842,
    0x0842, 0x0842, 0x0842, 0x0842, 0x0842, 0x0842, 0x0842, 0x0842, 0x0842, 0x0842, 0x0842, 0x0842,
    0x0842, 0x0842, 0x0842, 0x0842, 0x0842, 0x0842, 0x0842, 0x0842, 0x0842, 0x0842, 0x0842, 0x0842,
    0x0842, 0x0842, 0x0842, 0x0842, 0x0842, 0x0842, 0x0842, 0x0842, 0x0842, 0x0842, 0x0842, 0x0842,
    0x0842, 0x0842, 0x0842, 0x0842, 0x0842, 0x0842, 0x0842, 0x0842, 0x0842, 0x0842, 0x0842, 0x0842,
    0x0842, 0x0842, 0x0842, 0x0842, 0x0842, 0x0842, 0x0842, 0x0842, 0x0842, 0x0842, 0x0842, 0x0842,
    0x0842, 0x0842, 0x0842, 0x0842, 0x0842, 0x0842, 0x0842, 0x0842, 0x0842, 0x0842, 0x0842, 0x0842,
    0x0842, 0x0842, 0x0842, 0x0842, 0x0842, 0x0842, 0x0842, 0x0842, 0x0842, 0x0842, 0x0842, 0x0842,
    0x0842, 0x0842, 0x0842, 0x0842, 0x0842, 0x0842, 0x0842, 0x0842, 0x0842, 0x0842, 0x0842, 0x0842,
    0x0842, 0x0842, 0x0842, 0x0842, 0x0842, 0x0842, 0x0842, 0x0842, 0x0842, 0x0842, 0x0842, 0x0842,
    0x0842, 0x0842, 0x0842, 0x0842, 0x0842, 0x0842, 0x0842, 0x0842, 0x0842, 0x0842, 0x0842, 0x0842,
    0x0842, 0x0842, 0x0842, 0x0842, 0x0842, 0x0842, 0x0842, 0x0842, 0x0842, 0x0842, 0x0842, 0x0842,
    0x0842, 0x0842, 0x0842, 0x0842, 0x0842, 0x0842, 0x0842, 0x0842, 0x0842, 0x0842, 0x0842, 0x0842,
    0x0842, 0x0842, 0x0842, 0x0842, 0x0842, 0x0842, 0x0842, 0x0842, 0x0842, 0x0842, 0x0842, 0x0842,
    0x0842, 0x0842, 0x0842, 0x0842, 0x0842, 0x0842, 0x0842, 0x0842, 0x0842, 0x0842, 0x0842, 0x0842,
    0x0842, 0x0842, 0x0842, 0x0842, 0x0842, 0x0842, 0x0842, 0x0842, 0x0842, 0x0842, 0x0842, 0x0842,
    0x0842, 0x0842, 0x0842, 0x0842, 0x0842, 0x0842, 0x0842, 0x0842, 0x0842, 0x0842, 0x0842, 0x0842,
    0x0842, 0x0842, 0x0842, 0x0842, 0x0842, 0x0842, 0x0842, 0x0842, 0x0842, 0x0842, 0x0842, 0x0842,
    0x0842, 0x0842, 0x0842, 0x0842, 0x0842, 0x0842, 0x0842, 0x0842, 0x0842, 0x0842, 0x0842, 0x0842,
    0x0842, 0x0842, 0x0842, 0x0842, 0x0842, 0x0842, 0x0842, 0x0842, 0x0842, 0x0842, 0x0842, 0x0842,
    0x0842, 0x0842, 0x0842, 0x0842, 0x0842, 0x0842, 0x0842, 0x0842, 0x0842, 0x0842, 0x0842, 0x0842,
    0x0842, 0x0842, 0x0842, 0x0842, 0x0842, 0x0842, 0x0842, 0x0842, 0x0842, 0x0842, 0x0842, 0x0842,
    0x0842, 0x0842, 0x0842, 0x0842, 0x0842, 0x0842, 0x0842, 0x0842, 0x0842, 0x0842, 0x0842, 0x0842,
    0x0842, 0x0842, 0x0842, 0x0842, 0x0842, 0x0842, 0x0842, 0x0842, 0x0842, 0x0842, 0x0842, 0x0842,
    0x0842, 0x0842, 0x0842, 0x0842, 0x0842, 0x0842, 0x0842, 0x0842, 0x0842, 0x0842, 0x0842, 0x0842,
    0x0842, 0x0842, 0x0842, 0x0842, 0x0842, 0x0842, 0x0842, 0x0842, 0x0842, 0x0842, 0x0842, 0x0842,
    0x0842, 0x0842, 0x0842, 0x0842, 0x0842, 0x0842, 0x0842, 0x0842, 0x0842, 0x0842, 0x0842, 0x0842,
    0x0842, 0x0842, 0x0842, 0x0842, 0x0842, 0x0842, 0x0842, 0x0842, 0x0842, 0x0842, 0x0842, 0x0842,
    0x0842, 0x0842, 0x0842, 0x0842, 0x0842, 0x0842, 0x0842, 0x0842, 0x0842, 0x0842, 0x0842, 0x0842,
    0x0842, 0x0842, 0x0842, 0x0842, 0x0842, 0x0842, 0x0842, 0x0842, 0x0842, 0x0842, 0x0842, 0x0842,
    0x0842, 0x0842, 0x0842, 0x0842, 0x0842, 0x0842, 0x0842, 0x0842, 0x0842, 0x0842, 0x0842, 0x0842,
    0x0842, 0x0842, 0x0842, 0x0842, 0x0842, 0x0842, 0x0842, 0x0842, 0x0842, 0x0842, 0x0842, 0x0842,
    0x0842, 0x0842, 0x0842, 0x0842, 0x0842, 0x0842, 0x0842, 0x0842, 0x0842, 0x0842, 0x0842, 0x0842,
    0x0842, 0x0842, 0x0842, 0x0842, 0x0842, 0x0842, 0x0842, 0x0842, 0x0842, 0x0842, 0x0842, 0x0842,
    0x0842, 0x0842, 0x0842, 0x0842, 0x0842, 0x0842, 0x0842, 0x0842, 0x0842, 0x0842, 0x0842, 0x0842,
    0x0842, 0x0842, 0x0842, 0x0842, 0x0842, 0x0842, 0x0842, 0x0842, 0x0842, 0x0842, 0x0842, 0x0842,
    0x0842, 0x0842, 0x0842, 0x0842, 0x0842, 0x0842, 0x0842, 0x0842, 0x0842, 0x0842, 0x0842, 0x0842,
    0x0842, 0x0842, 0x0842, 0x0842, 0x0842, 0x0842, 0x0842, 0x0842, 0x0842, 0x0842, 0x0842, 0x0842,
    0x0842, 0x0842, 0x0842, 0x0842, 0x0842, 0x0842, 0x0842, 0x0842, 0x0842, 0x0842, 0x0842, 0x0842,
    0x0842, 0x0842, 0x0842, 0x0842, 0x0842, 0x0842, 0x0842, 0x0842, 0x0842, 0x0842, 0x0842, 0x0842,
    0x0842, 0x0842, 0x0842, 0x0842, 0x0842, 0x0842, 0x0842, 0x0842, 0x0842, 0x0842, 0x0842, 0x0842,
    0x0842, 0x0842, 0x0842, 0x0842, 0x0842, 0x0842, 0x0842, 0x0842, 0x0842, 0x0842, 0x0842, 0x0842,
    0x0842, 0x0842, 0x0842, 0x0842, 0x0842, 0x0842, 0x0842, 0x0842, 0x0842, 0x0842, 0x0842, 0x0842,
    0x0842, 0x0842, 0x0842, 0x0842, 0x0842, 0x0842, 0x0842, 0x0842, 0x0842, 0x0842, 0x0842, 0x0842,
    0x0842, 0x0842, 0x0842, 0x0842, 0x0842, 0x0842, 0x0842, 0x0842, 0x0842, 0x0842, 0x0842, 0x0842,
    0x0842, 0x0842, 0x0842, 0x0842, 0x0842, 0x0842, 0x0842, 0x0842, 0x0842, 0x0842, 0x0842, 0x0842,
    0x0842, 0x0842, 0x0842, 0x0842, 0x0842, 0x0842, 0x0842, 0x0842, 0x0842, 0x0842, 0x0842, 0x0842,
    0x0842, 0x0842, 0x0842, 0x0842, 0x0842, 0x0842, 0x0842, 0x0842, 0x0842, 0x0842, 0x0842, 0x0842,
    0x0842, 0x0842, 0x0842, 0x0842, 0x0842, 0x0842, 0x0842, 0x0842, 0x0842, 0x0842, 0x0842, 0x0842,
    0x0842, 0x0842, 0x0842, 0x0842, 0x0842, 0x0842, 0x0842, 0x0842, 0x0842, 0x0842, 0x0842, 0x0842,
    0x0842, 0x0842, 0x0842, 0x0842, 0x0842, 0x0842, 0x0842, 0x0842, 0x0842, 0x0842, 0x0842, 0x0842,
    0x0842, 0x0842, 0x0842, 0x0842, 0x0842, 0x0842, 0x0842, 0x0842, 0x0842, 0x0842, 0x0842, 0x0842,
    0x0842, 0x0842, 0x0842, 0x0842, 0x0842, 0x0842, 0x0842, 0x0842, 0x0842, 0x0842, 0x0842, 0x0842,
    0x0842, 0x0842, 0x0842, 0x0842, 0x0842, 0x0842, 0x0842, 0x0842, 0x0842, 0x0842, 0x0842, 0x0842,
    0x0842, 0x0842, 0x0842, 0x0842, 0x0842, 0x0842, 0x0842, 0x0842, 0x0842, 0x0842, 0x0842, 0x0842,
    0x0842, 0x0842, 0x0842, 0x0842, 0x0842, 0x0842, 0x0842, 0x0842, 0x0842, 0x0842, 0x0842, 0x0842,
    0x0842, 0x0842, 0x0842, 0x0842, 0x0842, 0x0842, 0x0842, 0x0842, 0x0842, 0x0842, 0x0842, 0x0842,
    0x0842, 0x0842, 0x0842, 0x0842, 0x0842, 0x0842, 0x0842, 0x0842, 0x0842, 0x0842, 0x0842, 0x0842,
    0x0842, 0x0842, 0x0842, 0x0842, 0x0842, 0x0842, 0x0842, 0x0842, 0x0842, 0x0842, 0x0842, 0x0842,
    0x0842, 0x0842, 0x0842, 0x0842, 0x0842, 0x0842, 0x0842, 0x0842, 0x0842, 0x0842, 0x0842, 0x0842,
    0x0842, 0x0842, 0x0842, 0x0842, 0x0842, 0x0842, 0x0842, 0x0842, 0x0842, 0x0842, 0x0842, 0x0842,
    0x0842, 0x0842, 0x0842, 0x0842, 0x0842, 0x0842, 0x0842, 0x0842, 0x0842, 0x0842, 0x0842, 0x0842,
    0x0842, 0x0842, 0x0842, 0x0842, 0x0842, 0x0842, 0x0842, 0x0842, 0x0842, 0x0842, 0x0842, 0x0842,
    0x0842, 0x0842, 0x0842, 0x0842, 0x0842, 0x0842, 0x0842, 0x0842, 0x0842, 0x0842, 0x0842, 0x0842,
    0x0842, 0x0842, 0x0842, 0x0842, 0x0842, 0x0842, 0x0842, 0x0842, 0x0842, 0x0842, 0x0842, 0x0842,
    0x0842, 0x0842, 0x0842, 0x0842, 0x0842, 0x0842, 0x0842, 0x0842, 0x0842, 0x0842, 0x0842, 0x0842,
    0x0842, 0x0842, 0x0842, 0x0842, 0x0842, 0x0842, 0x0842, 0x0842, 0x0842, 0x0842, 0x0842, 0x0842,
    0x0842, 0x0842, 0x0842, 0x0842, 0x0842, 0x0842, 0x0842, 0x0842, 0x0842, 0x0842, 0x0842, 0x0842,
    0x0842, 0x0842, 0x0842, 0x0842, 0x0842, 0x0842, 0x0842, 0x0842, 0x0842, 0x0842, 0x0842, 0x0842,
    0x0842, 0x0842, 0x0842, 0x0842, 0x0842, 0x0842, 0x0842, 0x0842, 0x0842, 0x0842, 0x0842, 0x0842,
    0x0842, 0x0842, 0x0842, 0x0842, 0x0842, 0x0842, 0x0842, 0x0842, 0x0842, 0x0842, 0x0842, 0x0842,
    0x0842, 0x0842, 0x0842, 0x0842, 0x0842, 0x0842, 0x0842, 0x0842, 0x0842, 0x0842, 0x0842, 0x0842,
    0x0842, 0x0842, 0x0842, 0x0842, 0x0842, 0x0842, 0x0842, 0x0842, 0x0842, 0x0842, 0x0842, 0x0842,
    0x0842, 0x0842, 0x0842, 0x0842, 0x0842, 0x0842, 0x0842, 0x0842, 0x0842, 0x0842, 0x0842, 0x0842,
    0x0842, 0x0842, 0x0842, 0x0842, 0x0842, 0x0842, 0x0842, 0x0842, 0x0842, 0x0842, 0x0842, 0x0842,
    0x0842, 0x0842, 0x0842, 0x0842, 0x0842, 0x0842, 0x0842, 0x0842, 0x0842, 0x0842, 0x0842, 0x0842,
    0x0842, 0x0842, 0x0842, 0x0842, 0x0842, 0x0842, 0x0842, 0x0842, 0x0842, 0x0842, 0x0842, 0x0842,
    0x0842, 0x0842, 0x0842, 0x0842, 0x0842, 0x0842, 0x0842, 0x0842, 0x0842, 0x0842, 0x0842, 0x0842,
    0x0842, 0x0842, 0x0842, 0x0842, 0x0842, 0x0842, 0x0842, 0x0842, 0x0842, 0x0842, 0x0842, 0x0842,
    0x0842, 0x0842, 0x0842, 0x0842, 0x0842, 0x0842, 0x0842, 0x0842, 0x0842, 0x0842, 0x0842, 0x0842,
    0x0842, 0x0842, 0x0842, 0x0842, 0x0842, 0x0842, 0x0842, 0x0842, 0x0842, 0x0842, 0x0842, 0x0842,
    0x0842, 0x0842, 0x0842, 0x0842, 0x0842, 0x0842, 0x0842, 0x0842, 0x0842, 0x0842, 0x0842, 0x0842,
    0x0842, 0x0842, 0x0842, 0x0842, 0x0842, 0x0842, 0x0842, 0x0842, 0x0842, 0x0842, 0x0842, 0x0842,
    0x0842, 0x0842, 0x0842, 0x0842, 0x0842, 0x0842, 0x0842, 0x0842, 0x0842, 0x0842, 0x0842, 0x0842,
    0x0842, 0x0842, 0x0842, 0x0842, 0x0842, 0x0842, 0x0842, 0x0842, 0x0842, 0x0842, 0x0842, 0x0842,
    0x0842, 0x0842, 0x0842, 0x0842, 0x0842, 0x0842, 0x0842, 0x0842, 0x0842, 0x0842, 0x0842, 0x0842,
    0x0842, 0x0842, 0x0842, 0x0842, 0x0842, 0x0842, 0x0842, 0x0842, 0x0842, 0x0842, 0x0842, 0x0842,
    0x0842, 0x0842, 0x0842, 0x0842, 0x0842, 0x0842, 0x0842, 0x0842, 0x0842, 0x0842, 0x0842, 0x0842,
    0x0842, 0x0842, 0x0842, 0x0842, 0x0842, 0x0842, 0x0842, 0x0842, 0x0842, 0x0842, 0x0842, 0x0842,
    0x0842, 0x0842, 0x0842, 0x0842, 0x0842, 0x0842, 0x0842, 0x0842, 0x0842, 0x0842, 0x0842, 0x0842,
    0x0842, 0x0842, 0x0842, 0x0842, 0x0842, 0x0842, 0x0842, 0x0842, 0x0842, 0x0842, 0x0842, 0x0842,
    0x0842, 0x0842, 0x0842, 0x0842, 0x0842, 0x0842, 0x0842, 0x0842, 0x0842, 0x0842, 0x0842, 0x0842,
    0x0842, 0x0842, 0x0842, 0x0842, 0x0842, 0x0842, 0x0842, 0x0842, 0x0842, 0x0842, 0x0842, 0x0842,
    0x0842, 0x0842, 0x0842, 0x0842, 0x0842, 0x0842, 0x0842, 0x0842, 0x0842, 0x0842, 0x0842, 0x0842,
    0x0842, 0x0842, 0x0842, 0x0842, 0x0842, 0x0842, 0x0842, 0x0842, 0x0842, 0x0842, 0x0842, 0x0842,
    0x0842, 0x0842, 0x0842, 0x0842, 0x0842, 0x0842, 0x0842, 0x0842, 0x0842, 0x0842, 0x0842, 0x0842,
    0x0842, 0x0842, 0x0842, 0x0842, 0x0842, 0x0842, 0x0842, 0x0842, 0x0842, 0x0842, 0x0842, 0x0842,
    0x0842, 0x0842, 0x0842, 0x0842, 0x0842, 0x0842, 0x0842, 0x0842, 0x0842, 0x0842, 0x0842, 0x0842,
    0x0842, 0x0842, 0x0842, 0x0842, 0x0842, 0x0842, 0x0842, 0x0842, 0x0842, 0x0842, 0x0842, 0x0842,
    0x0842, 0x0842, 0x0842, 0x0842, 0x0842, 0x0842, 0x0842, 0x0842, 0x0842, 0x0842, 0x0842, 0x0842,
    0x0842, 0x0842, 0x0842, 0x0842, 0x0842, 0x0842, 0x0842, 0x0842, 0x0842, 0x0842, 0x0842, 0x0842,
    0x0842, 0x0842, 0x0842, 0x0842, 0x0842, 0x0842, 0x0842, 0x0842, 0x0842, 0x0842, 0x0842, 0x0842,
    0x0842, 0x0842, 0x0842, 0x0842, 0x0842, 0x0842, 0x0842, 0x0842, 0x0842, 0x0842, 0x0842, 0x0842,
    0x0842, 0x0842, 0x0842, 0x0842, 0x0842, 0x0842, 0x0842, 0x0842, 0x0842, 0x0842, 0x0842, 0x0842,
    0x0842, 0x0842, 0x0842, 0x0842, 0x0842, 0x0842, 0x0842, 0x0842, 0x0842, 0x0842, 0x0842, 0x0842,
    0x0842, 0x0842, 0x0842, 0x0842, 0x0842, 0x0842, 0x0842, 0x0842, 0x0842, 0x0842, 0x0842, 0x0842,
    0x0842, 0x0842, 0x0842, 0x0842, 0x0842, 0x0842, 0x0842, 0x0842, 0x0842, 0x0842, 0x0842, 0x0842,
    0x0842, 0x0842, 0x0842, 0x0842, 0x0842, 0x0842, 0x0842, 0x0842, 0x0842, 0x0842, 0x0842, 0x0842,
    0x0842, 0x0842, 0x0842, 0x0842, 0x0842, 0x0842, 0x0842, 0x0842, 0x0842, 0x0842, 0x0842, 0x0842,
    0x0842, 0x0842, 0x0842, 0x0842, 0x0842, 0x0842, 0x0842, 0x0842, 0x0842, 0x0842, 0x0842, 0x0842,
    0x0842, 0x0842, 0x0842, 0x0842, 0x0842, 0x0842, 0x0842, 0x0842, 0x0842, 0x0842, 0x0842, 0x0842,
    0x0842, 0x0842, 0x0842, 0x0842, 0x0842, 0x0842, 0x0842, 0x0842, 0x0842, 0x0842, 0x0842, 0x0842,
    0x0842, 0x0842, 0x0842, 0x0842, 0x0842, 0x0842, 0x0842, 0x0842, 0x0842, 0x0842, 0x0842, 0x0842,
    0x0842, 0x0842, 0x0842, 0x0842, 0x0842, 0x0842, 0x0842, 0x0842, 0x0842, 0x0842, 0x0842, 0x0842,
    0x0842, 0x0842, 0x0842, 0x0842, 0x0842, 0x0842, 0x0842, 0x0842, 0x0842, 0x0842, 0x0842, 0x0842,
    0x0842, 0x0842, 0x0842, 0x0842, 0x0842, 0x0842, 0x0842, 0x0842, 0x0842, 0x0842, 0x0842, 0x0842,
    0x0842, 0x0842, 0x0842, 0x0842, 0x0842, 0x0842, 0x0842, 0x0842, 0x0842, 0x0842, 0x0842, 0x0842,
    0x0842, 0x0842, 0x0842, 0x0842, 0x0842, 0x0842, 0x0842, 0x0842, 0x0842, 0x0842, 0x0842, 0x0842,
    0x0842, 0x0842, 0x0842, 0x0842, 0x0842, 0x0842, 0x0842, 0x0842, 0x0842, 0x0842, 0x0842, 0x0842,
    0x0842, 0x0842, 0x0842, 0x0842, 0x0842, 0x0842, 0x0842, 0x0842, 0x0842, 0x0842, 0x0842, 0x0842,
    0x0842, 0x0842, 0x0842, 0x0842, 0x0842, 0x0842, 0x0842, 0x0842, 0x0842, 0x0842, 0x0842, 0x0842,
    0x0842, 0x0842, 0x0842, 0x0842, 0x0842, 0x0842, 0x0842, 0x0842, 0x0842, 0x0842, 0x0842, 0x0842,
    0x0842, 0x0842, 0x0842, 0x0842, 0x0842, 0x0842, 0x0842, 0x0842, 0x0842, 0x0842, 0x0842, 0x0842,
    0x0842, 0x0842, 0x0842, 0x0842, 0x0842, 0x0842, 0x0842, 0x0842, 0x0842, 0x0842, 0x0842, 0x0842,
    0x0842, 0x0842, 0x0842, 0x0842, 0x0842, 0x0842, 0x0842, 0x0842, 0x0842, 0x0842, 0x0842, 0x0842,
    0x0842, 0x0842, 0x0842, 0x0842, 0x0842, 0x0842, 0x0842, 0x0842, 0x0842, 0x0842, 0x0842, 0x0842,
    0x0842, 0x0842, 0x0842, 0x0842, 0x0842, 0x0842, 0x0842, 0x0842, 0x0842, 0x0842, 0x0842, 0x0842,
    0x0842, 0x0842, 0x0842, 0x0842, 0x0842, 0x0842, 0x0842, 0x0842, 0x0842, 0x0842, 0x0842, 0x0842,
    0x0842, 0x0842, 0x0842, 0x0842, 0x0842, 0x0842, 0x0842, 0x0842, 0x0842, 0x0842, 0x0842, 0x0842,
    0x0842, 0x0842, 0x0842, 0x0842, 0x0842, 0x0842, 0x0842, 0x0842, 0x0842, 0x0842, 0x0842, 0x0842,
    0x0842, 0x0842, 0x0842, 0x0842, 0x0842, 0x0842, 0x0842, 0x0842, 0x0842, 0x0842, 0x0842, 0x0842,
    0x0842, 0x0842, 0x0842, 0x0842, 0x0842, 0x0842, 0x0842, 0x0842, 0x0842, 0x0842, 0x0842, 0x0842,
    0x0842, 0x0842, 0x0842, 0x0842, 0x0842, 0x0842, 0x0842, 0x0842, 0x0842, 0x0842, 0x0842, 0x0842,
    0x0842, 0x0842, 0x0842, 0x0842, 0x0842, 0x0842, 0x0842, 0x0842, 0x0842, 0x0842, 0x0842, 0x0842,
    0x0842, 0x0842, 0x0842, 0x0842, 0x0842, 0x0842, 0x0842, 0x0842, 0x0842, 0x0842, 0x0842, 0x0842,
    0x0842, 0x0842, 0x0842, 0x0842, 0x0842, 0x0842, 0x0842, 0x0842, 0x0842, 0x0842, 0x0842, 0x0842,
    0x0842, 0x0842, 0x0842, 0x0842, 0x0842, 0x0842, 0x0842, 0x0842, 0x0842, 0x0842, 0x0842, 0x0842,
    0x0842, 0x0842, 0x0842, 0x0842, 0x0842, 0x0842, 0x0842, 0x0842, 0x0842, 0x0842, 0x0842, 0x0842,
    0x0842, 0x0842, 0x0842, 0x0842, 0x0842, 0x0842, 0x0842, 0x0842, 0x0842, 0x0842, 0x0842, 0x0842,
    0x0842, 0x0842, 0x0842, 0x0842, 0x0842, 0x0842, 0x0842, 0x0842, 0x0842, 0x0842, 0x0842, 0x0842,
    0x0842, 0x0842, 0x0842, 0x0842, 0x0842, 0x0842, 0x0842, 0x0842, 0x0842, 0x0842, 0x0842, 0x0842,
    0x0842, 0x0842, 0x0842, 0x0842, 0x0842, 0x0842, 0x0842, 0x0842, 0x0842, 0x0842, 0x0842, 0x0842,
    0x0842, 0x0842, 0x0842, 0x0842, 0x0842, 0x0842, 0x0842, 0x0842, 0x0842, 0x0842, 0x0842, 0x0842,
    0x0842, 0x0842, 0x0842, 0x0842, 0x0842, 0x0842, 0x0842, 0x0842, 0x0842, 0x0842, 0x0842, 0x0842,
    0x0842, 0x0842, 0x0842, 0x0842, 0x0842, 0x0842, 0x0842, 0x0842, 0x0842, 0x0842, 0x0842, 0x0842,
    0x0842, 0x0842, 0x0842, 0x0842, 0x0842, 0x0842, 0x0842, 0x0842, 0x0842, 0x0842, 0x0842, 0x0842,
    0x0842, 0x0842, 0x0842, 0x0842, 0x0842, 0x0842, 0x0842, 0x0842, 0x0842, 0x0842, 0x0842, 0x0842,
    0x0842, 0x0842, 0x0842, 0x0842, 0x0842, 0x0842, 0x0842, 0x0842, 0x0842, 0x0842, 0x0842, 0x0842,
    0x0842, 0x0842, 0x0842, 0x0842, 0x0842, 0x0842, 0x0842, 0x0842, 0x0842, 0x0842, 0x0842, 0x0842,
    0x0842, 0x0842, 0x0842, 0x0842, 0x0842, 0x0842, 0x0842, 0x0842, 0x0842, 0x0842, 0x0842, 0x0842,
    0x0842, 0x0842, 0x0842, 0x0842, 0x0842, 0x0842, 0x0842, 0x0842, 0x0842, 0x0842, 0x0842, 0x0842,
    0x0842, 0x0842, 0x0842, 0x0842, 0x0842, 0x0842, 0x0842, 0x0842, 0x0842, 0x0842, 0x0842, 0x0842,
    0x0842, 0x0842, 0x0842, 0x0842, 0x0842, 0x0842, 0x0842, 0x0842, 0x0842, 0x0842, 0x0842, 0x0842,
    0x0842, 0x0842, 0x0842, 0x0842, 0x0842, 0x0842, 0x0842, 0x0842, 0x0842, 0x0842, 0x0842, 0x0842,
    0x0842, 0x0842, 0x0842, 0x0842, 0x0842, 0x0842, 0x0842, 0x0842, 0x0842, 0x0842, 0x0842, 0x0842,
    0x0842, 0x0842, 0x0842, 0x0842, 0x0842, 0x0842, 0x0842, 0x0842, 0x0842, 0x0842, 0x0842, 0x0842,
    0x0842, 0x0842, 0x0842, 0x0842, 0x0842, 0x0842, 0x0842, 0x0842, 0x0842, 0x0842, 0x0842, 0x0842,
    0x0842, 0x0842, 0x0842, 0x0842, 0x0842, 0x0842, 0x0842, 0x0842, 0x0842, 0x0842, 0x0842, 0x0842,
    0x0842, 0x0842, 0x0842, 0x0842, 0x0842, 0x0842, 0x0842, 0x0842, 0x0842, 0x0842, 0x0842, 0x0842,
    0x0842, 0x0842, 0x0842, 0x0842, 0x0842, 0x0842, 0x0842, 0x0842, 0x0842, 0x0842, 0x0842, 0x0842,
    0x0842, 0x0842, 0x0842, 0x0842, 0x0842, 0x0842, 0x0842, 0x0842, 0x0842, 0x0842, 0x0842, 0x0842,
    0x0842, 0x0842, 0x0842, 0x0842, 0x0842, 0x0842, 0x0842, 0x0842, 0x0842, 0x0842, 0x0842, 0x0842,
    0x0842, 0x0842, 0x0842, 0x0842, 0x0842, 0x0842, 0x0842, 0x0842, 0x0842, 0x0842, 0x0842, 0x0842,
    0x0842, 0x0842, 0x0842, 0x0842, 0x0842, 0x0842, 0x0842, 0x0842, 0x0842, 0x0842, 0x0842, 0x0842,
    0x0842, 0x0842, 0x0842, 0x0842, 0x0842, 0x0842, 0x0842, 0x0842, 0x0842, 0x0842, 0x0842, 0x0842,
    0x0842, 0x0842, 0x0842, 0x0842, 0x0842, 0x0842, 0x0842, 0x0842, 0x0842, 0x0842, 0x0842, 0x0842,
    0x0842, 0x0842, 0x0842, 0x0842, 0x0842, 0x0842, 0x0842, 0x0842, 0x0842, 0x0842, 0x0842, 0x0842,
    0x0842, 0x0842, 0x0842, 0x0842, 0x0842, 0x0842, 0x0842, 0x0842, 0x0842, 0x0842, 0x0842, 0x0842,
    0x0842, 0x0842, 0x0842, 0x0842, 0x0842, 0x0842, 0x0842, 0x0842, 0x0842, 0x0842, 0x0842, 0x0842,
    0x0842, 0x0842, 0x0842, 0x0842, 0x0842, 0x0842, 0x0842, 0x0842, 0x0842, 0x0842, 0x0842, 0x0842,
    0x0842, 0x0842, 0x0842, 0x0842, 0x0842, 0x0842, 0x0842, 0x0842, 0x0842, 0x0842, 0x0842, 0x0842,
    0x0842, 0x0842, 0x0842, 0x0842, 0x0842, 0x0842, 0x0842, 0x0842, 0x0842, 0x0842, 0x0842, 0x0842,
    0x0842, 0x0842, 0x0842, 0x0842, 0x0842, 0x0842, 0x0842, 0x0842, 0x0842, 0x0842, 0x0842, 0x0842,
    0x0842, 0x0842, 0x0842, 0x0842, 0x0842, 0x0842, 0x0842, 0x0842, 0x0842, 0x0842, 0x0842, 0x0842,
    0x0842, 0x0842, 0x0842, 0x0842, 0x0842, 0x0842, 0x0842, 0x0842, 0x0842, 0x0842, 0x0842, 0x0842,
    0x0842, 0x0842, 0x0842, 0x0842, 0x0842, 0x0842, 0x0842, 0x0842, 0x0842, 0x0842, 0x0842, 0x0842,
    0x0842, 0x0842, 0x0842, 0x0842, 0x0842, 0x0842, 0x0842, 0x0842, 0x0842, 0x0842, 0x0842, 0x0842,
    0x0842, 0x0842, 0x0842, 0x0842, 0x0842, 0x0842, 0x0842, 0x0842, 0x0842, 0x0842, 0x0842, 0x0842,
    0x0842, 0x0842, 0x0842, 0x0842, 0x0842, 0x0842, 0x0842, 0x0842, 0x0842, 0x0842, 0x0842, 0x0842,
    0x0842, 0x0842, 0x0842, 0x0842, 0x0842, 0x0842, 0x0842, 0x0842, 0x0842, 0x0842, 0x0842, 0x0842,
    0x0842, 0x0842, 0x0842, 0x0842, 0x0842, 0x0842, 0x0842, 0x0842, 0x0842, 0x0842, 0x0842, 0x0842,
    0x0842, 0x0842, 0x0842, 0x0842, 0x0842, 0x0842, 0x0842, 0x0842, 0x0842, 0x0842, 0x0842, 0x0842,
    0x0842, 0x0842, 0x0842, 0x0842, 0x0842, 0x0842, 0x0842, 0x0842, 0x0842, 0x0842, 0x0842, 0x0842,
    0x0842, 0x0842, 0x0842, 0x0842, 0x0842, 0x0842, 0x0842, 0x0842, 0x0842, 0x0842, 0x0842, 0x0842,
    0x0842, 0x0842, 0x0842, 0x0842, 0x0842, 0x0842, 0x0842, 0x0842, 0x0842, 0x0842, 0x0842, 0x0842,
    0x0842, 0x0842, 0x0842, 0x0842, 0x0842, 0x0842, 0x0842, 0x0842, 0x0842, 0x0842, 0x0842, 0x0842,
    0x0842, 0x0842, 0x0842, 0x0842, 0x0842, 0x0842, 0x0842, 0x0842, 0x0842, 0x0842, 0x0842, 0x0842,
    0x0842, 0x0842, 0x0842, 0x0842, 0x0842, 0x0842, 0x0842, 0x0842, 0x0842, 0x0842, 0x0842, 0x0842,
    0x0842, 0x0842, 0x0842, 0x0842, 0x0842, 0x0842, 0x0842, 0x0842, 0x0842, 0x0842, 0x0842, 0x0842,
    0x0842, 0x0842, 0x0842, 0x0842, 0x0842, 0x0842, 0x0842, 0x0842, 0x0842, 0x0842, 0x0842, 0x0842,
    0x0842, 0x0842, 0x0842, 0x0842, 0x0842, 0x0842, 0x0842, 0x0842, 0x0842, 0x0842, 0x0842, 0x0842,
    0x0842, 0x0842, 0x0842, 0x0842, 0x0842, 0x0842, 0x0842, 0x0842, 0x0842, 0x0842, 0x0842, 0x0842,
    0x0842, 0x0842, 0x0842, 0x0842, 0x0842, 0x0842, 0x0842, 0x0842, 0x0842, 0x0842, 0x0842, 0x0842,
    0x0842, 0x0842, 0x0842, 0x0842, 0x0842, 0x0842, 0x0842, 0x0842, 0x0842, 0x0842, 0x0842, 0x0842,
    0x0842, 0x0842, 0x0842, 0x0842, 0x0842, 0x0842, 0x0842, 0x0842, 0x0842, 0x0842, 0x0842, 0x0842,
    0x0842, 0x0842, 0x0842, 0x0842, 0x0842, 0x0842, 0x0842, 0x0842, 0x0842, 0x0842, 0x0842, 0x0842,
    0x0842, 0x0842, 0x0842, 0x0842, 0x0842, 0x0842, 0x0842, 0x0842, 0x0842, 0x0842, 0x0842, 0x0842,
    0x0842, 0x0842, 0x0842, 0x0842, 0x0842, 0x0842, 0x0842, 0x0842, 0x0842, 0x0842, 0x0842, 0x0842,
    0x0842, 0x0842, 0x0842, 0x0842, 0x0842, 0x0842, 0x0842, 0x0842, 0x0842, 0x0842, 0x0842, 0x0842,
    0x0842, 0x0842, 0x0842, 0x0842, 0x0842, 0x0842, 0x0842, 0x0842, 0x0842, 0x0842, 0x0842, 0x0842,
    0x0842, 0x0842, 0x0842, 0x0842, 0x0842, 0x0842, 0x0842, 0x0842, 0x0842, 0x0842, 0x0842, 0x0842,
    0x0842, 0x0842, 0x0842, 0x0842, 0x0842, 0x0842, 0x0842, 0x0842, 0x0842, 0x0842, 0x0842, 0x0842,
    0x0842, 0x0842, 0x0842, 0x0842, 0x0842, 0x0842, 0x0842, 0x0842, 0x0842, 0x0842, 0x0842, 0x0842,
    0x0842, 0x0842, 0x0842, 0x0842, 0x0842, 0x0842, 0x0842, 0x0842, 0x0842, 0x0842, 0x0842, 0x0842,
    0x0842, 0x0842, 0x0842, 0x0842, 0x0842, 0x0842, 0x0842, 0x0842, 0x0842, 0x0842, 0x0842, 0x0842,
    0x0842, 0x0842, 0x0842, 0x0842, 0x0842, 0x0842, 0x0842, 0x0842, 0x0842, 0x0842, 0x0842, 0x0842,
    0x0842, 0x0842, 0x0842, 0x0842, 0x0842, 0x0842, 0x0842, 0x0842, 0x0842, 0x0842, 0x0842, 0x0842,
    0x0842, 0x0842, 0x0842, 0x0842, 0x0842, 0x0842, 0x0842, 0x0842, 0x0842, 0x0842, 0x0842, 0x0842,
    0x0842, 0x0842, 0x0842, 0x0842, 0x0842, 0x0842, 0x0842, 0x0842, 0x0842, 0x0842, 0x0842, 0x0842,
    0x0842, 0x0842, 0x0842, 0x0842, 0x0842, 0x0842, 0x0842, 0x0842, 0x0842, 0x0842, 0x0842, 0x0842,
    0x0842, 0x0842, 0x0842, 0x0842, 0x0842, 0x0842, 0x0842, 0x0842, 0x0842, 0x0842, 0x0842, 0x0842,
    0x0842, 0x0842, 0x0842, 0x0842, 0x0842, 0x0842, 0x0842, 0x0842, 0x0842, 0x0842, 0x0842, 0x0842,
    0x0842, 0x0842, 0x0842, 0x0842, 0x0842, 0x0842, 0x0842, 0x0842, 0x0842, 0x0842, 0x0842, 0x0842,
    0x0842, 0x0842, 0x0842, 0x0842, 0x0842, 0x0842, 0x0842, 0x0842, 0x0842, 0x0842, 0x0842, 0x0842,
    0x0842, 0x0842, 0x0842, 0x0842, 0x0842, 0x0842, 0x0842, 0x0842, 0x0842, 0x0842, 0x0842, 0x0842,
    0x0842, 0x0842, 0x0842, 0x0842, 0x0842, 0x0842, 0x0842, 0x0842, 0x0842, 0x0842, 0x0842, 0x0842,
    0x0842, 0x0842, 0x0842, 0x0842, 0x0842, 0x0842, 0x0842, 0x0842, 0x0842, 0x0842, 0x0842, 0x0842,
    0x0842, 0x0842, 0x0842, 0x0842, 0x0842, 0x0842, 0x0842, 0x0842, 0x0842, 0x0842, 0x0842, 0x0842,
    0x0842, 0x0842, 0x0842, 0x0842, 0x0842, 0x0842, 0x0842, 0x0842, 0x0842, 0x0842, 0x0842, 0x0842,
    0x0842, 0x0842, 0x0842, 0x0842, 0x0842, 0x0842, 0x0842, 0x0842, 0x0842, 0x0842, 0x0842, 0x0842,
    0x0842, 0x0842, 0x0842, 0x0842, 0x0842, 0x0842, 0x0842, 0x0842, 0x0842, 0x0842, 0x0842, 0x0842,
    0x0842, 0x0842, 0x0842, 0x0842, 0x0842, 0x0842, 0x0842, 0x0842, 0x0842, 0x0842, 0x0842, 0x0842,
    0x0842, 0x0842, 0x0842, 0x0842, 0x0842, 0x0842, 0x0842, 0x0842, 0x0842, 0x0842, 0x0842, 0x0842,
    0x0842, 0x0842, 0x0842, 0x0842, 0x0842, 0x0842, 0x0842, 0x0842, 0x0842, 0x0842, 0x0842, 0x0842,
    0x0842, 0x0842, 0x0842, 0x0842, 0x0842, 0x0842, 0x0842, 0x0842, 0x0842, 0x0842, 0x0842, 0x0842,
    0x0842, 0x0842, 0x0842, 0x0842, 0x0842, 0x0842, 0x0842, 0x0842, 0x0842, 0x0842, 0x0842, 0x0842,
    0x0842, 0x0842, 0x0842, 0x0842, 0x0842, 0x0842, 0x0842, 0x0842, 0x0842, 0x0842, 0x0842, 0x0842,
    0x0842, 0x0842, 0x0842, 0x0842, 0x0842, 0x0842, 0x0842, 0x0842, 0x0842, 0x0842, 0x0842, 0x0842,
    0x0842, 0x0842, 0x0842, 0x0842, 0x0842, 0x0842, 0x0842, 0x0842, 0x0842, 0x0842, 0x0842, 0x0842,
    0x0842, 0x0842, 0x0842, 0x0842, 0x0842, 0x0842, 0x0842, 0x0842, 0x0842, 0x0842, 0x0842, 0x0842,
    0x0842, 0x0842, 0x0842, 0x0842, 0x0842, 0x0842, 0x0842, 0x0842, 0x0842, 0x0842, 0x0842, 0x0842,
    0x0842, 0x0842, 0x0842, 0x0842, 0x0842, 0x0842, 0x0842, 0x0842, 0x0842, 0x0842, 0x0842, 0x0842,
    0x0842, 0x0842, 0x0842, 0x0842, 0x0842, 0x0842, 0x0842, 0x0842, 0x0842, 0x0842, 0x0842, 0x0842,
    0x0842, 0x0842, 0x0842, 0x0842, 0x0842, 0x0842, 0x0842, 0x0842, 0x0842, 0x0842, 0x0842, 0x0842,
    0x0842, 0x0842, 0x0842, 0x0842, 0x0842, 0x0842, 0x0842, 0x0842, 0x0842, 0x0842, 0x0842, 0x0842,
    0x0842, 0x0842, 0x0842, 0x0842, 0x0842, 0x0842, 0x0842, 0x0842, 0x0842, 0x0842, 0x0842, 0x0842,
    0x0842, 0x0842, 0x0842, 0x0842, 0x0842, 0x0842, 0x0842, 0x0842, 0x0842, 0x0842, 0x0842, 0x0842,
    0x0842, 0x0842, 0x0842, 0x0842, 0x0842, 0x0842, 0x0842, 0x0842, 0x0842, 0x0842, 0x0842, 0x0842,
    0x0842, 0x0842, 0x0842, 0x0842, 0x0842, 0x0842, 0x0842, 0x0842, 0x0842, 0x0842, 0x0842, 0x0842,
    0x0842, 0x0842, 0x0842, 0x0842, 0x0842, 0x0842, 0x0842, 0x0842, 0x0842, 0x0842, 0x0842, 0x0842,
    0x0842, 0x0842, 0x0842, 0x0842, 0x0842, 0x0842, 0x0842, 0x0842, 0x0842, 0x0842, 0x0842, 0x0842,
    0x0842, 0x0842, 0x0842, 0x0842, 0x0842, 0x0842, 0x0842, 0x0842, 0x0842, 0x0842, 0x0842, 0x0842,
    0x0842, 0x0842, 0x0842, 0x0842, 0x0842, 0x0842, 0x0842, 0x0842, 0x0842, 0x0842, 0x0842, 0x0842,
    0x0842, 0x0842, 0x0842, 0x0842, 0x0842, 0x0842, 0x0842, 0x0842, 0x0842, 0x0842, 0x0842, 0x0842,
    0x0842, 0x0842, 0x0842, 0x0842, 0x0842, 0x0842, 0x0842, 0x0842, 0x0842, 0x0842, 0x0842, 0x0842,
    0x0842, 0x0842, 0x0842, 0x0842, 0x0842, 0x0842, 0x0842, 0x0842, 0x0842, 0x0842, 0x0842, 0x0842,
    0x0842, 0x0842, 0x0842, 0x0842, 0x0842, 0x0842, 0x0842, 0x0842, 0x0842, 0x0842, 0x0842, 0x0842,
    0x0842, 0x0842, 0x0842, 0x0842, 0x0842, 0x0842, 0x0842, 0x0842, 0x0842, 0x0842, 0x0842, 0x0842,
    0x0842, 0x0842, 0x0842, 0x0842, 0x0842, 0x0842, 0x0842, 0x0842, 0x0842, 0x0842, 0x0842, 0x0842,
    0x0842, 0x0842, 0x0842, 0x0842, 0x0842, 0x0842, 0x0842, 0x0842, 0x0842, 0x0842, 0x0842, 0x0842,
    0x0842, 0x0842, 0x0842, 0x0842, 0x0842, 0x0842, 0x0842, 0x0842, 0x0842, 0x0842, 0x0842, 0x0842,
    0x0842, 0x0842, 0x0842, 0x0842, 0x0842, 0x0842, 0x0842, 0x0842, 0x0842, 0x0842, 0x0842, 0x0842,
    0x0842, 0x0842, 0x0842, 0x0842, 0x0842, 0x0842, 0x0842, 0x0842, 0x0842, 0x0842, 0x0842, 0x0842,
    0x0842, 0x0842, 0x0842, 0x0842, 0x0842, 0x0842, 0x0842, 0x0842, 0x0842, 0x0842, 0x0842, 0x0842,
    0x0842, 0x0842, 0x0842, 0x0842, 0x0842, 0x0842, 0x0842, 0x0842, 0x0842, 0x0842, 0x0842, 0x0842,
    0x0842, 0x0842, 0x0842, 0x0842, 0x0842, 0x0842, 0x0842, 0x0842, 0x0842, 0x0842, 0x0842, 0x0842,
    0x0842, 0x0842, 0x0842, 0x0842, 0x0842, 0x0842, 0x0842, 0x0842, 0x0842, 0x0842, 0x0842, 0x0842,
    0x0842, 0x0842, 0x0842, 0x0842, 0x0842, 0x0842, 0x0842, 0x0842, 0x0842, 0x0842, 0x0842, 0x0842,
    0x0842, 0x0842, 0x0842, 0x0842, 0x0842, 0x0842, 0x0842, 0x0842, 0x0842, 0x0842, 0x0842, 0x0842,
    0x0842, 0x0842, 0x0842, 0x0842, 0x0842, 0x0842, 0x0842, 0x0842, 0x0842, 0x0842, 0x0842, 0x0842,
    0x0842, 0x0842, 0x0842, 0x0842, 0x0842, 0x0842, 0x0842, 0x0842, 0x0842, 0x0842, 0x0842, 0x0842,
    0x0842, 0x0842, 0x0842, 0x0842, 0x0842, 0x0842, 0x0842, 0x0842, 0x0842, 0x0842, 0x0842, 0x0842,
    0x0842, 0x0842, 0x0842, 0x0842, 0x0842, 0x0842, 0x0842, 0x0842, 0x0842, 0x0842, 0x0842, 0x0842,
    0x0842, 0x0842, 0x0842, 0x0842, 0x0842, 0x0842, 0x0842, 0x0842, 0x0842, 0x0842, 0x0842, 0x0842,
    0x0842, 0x0842, 0x0842, 0x0842, 0x0842, 0x0842, 0x0842, 0x0842, 0x0842, 0x0842, 0x0842, 0x0842,
    0x0842, 0x0842, 0x0842, 0x0842, 0x0842, 0x0842, 0x0842, 0x0842, 0x0842, 0x0842, 0x0842, 0x0842,
    0x1041, 0x1041, 0x0842, 0x0842, 0x0842, 0x0842, 0x1041, 0x1841, 0x2041, 0x2041, 0x2041, 0x2041,
    0x1841, 0x1841, 0x1841, 0x2041, 0x2841, 0x2041, 0x2841, 0x2841, 0x2041, 0x1841, 0x2041, 0x2041,
    0x2841, 0x2841, 0x2041, 0x2041, 0x1841, 0x1841, 0x1841, 0x1841, 0x1041, 0x1841, 0x1841, 0x1841,
    0x1841, 0x2041, 0x1841, 0x1841, 0x2041, 0x1841, 0x2041, 0x1841, 0x1041, 0x1841, 0x1841, 0x2041,
    0x2841, 0x2841, 0x2041, 0x2841, 0x2841, 0x2841, 0x2841, 0x2841, 0x2041, 0x2041, 0x2041, 0x2041,
    0x2041, 0x2041, 0x2041, 0x2841, 0x2841, 0x2041, 0x2841, 0x2841, 0x2041, 0x2041, 0x2041, 0x2041,
    0x2041, 0x2041, 0x1041, 0x1041, 0x1041, 0x1041, 0x1041, 0x1041, 0x1841, 0x2041, 0x2041, 0x2041,
    0x2041, 0x2041, 0x2041, 0x2041, 0x2041, 0x2041, 0x2041, 0x2041, 0x1841, 0x1841, 0x1841, 0x2041,
    0x2041, 0x2841, 0x2841, 0x2841, 0x2841, 0x2041, 0x2041, 0x2041, 0x2041, 0x2841, 0x2041, 0x2041,
    0x2041, 0x2041, 0x1841, 0x1841, 0x1841, 0x1841, 0x1041, 0x1041, 0x1041, 0x1841, 0x1041, 0x1041,
    0x1041, 0x1841, 0x1841, 0x1841, 0x1841, 0x1041, 0x1041, 0x1841, 0x2041, 0x2841, 0x2841, 0x2041,
    0x2041, 0x2041, 0x2041, 0x2041, 0x2041, 0x2041, 0x2041, 0x2041, 0x2041, 0x2841, 0x2041, 0x2041,
    0x2041, 0x2041, 0x2041, 0x2041, 0x2041, 0x1841, 0x1841, 0x1841, 0x1841, 0x1841, 0x1841, 0x1841,
    0x1841, 0x1841, 0x1841, 0x2041, 0x1841, 0x1041, 0x1841, 0x1841, 0x1841, 0x1841, 0x1841, 0x1841,
    0x1841, 0x1841, 0x1041, 0x1041, 0x1841, 0x1841, 0x2041, 0x1841, 0x1841, 0x2041, 0x1841, 0x1041,
    0x1041, 0x1841, 0x1841, 0x1841, 0x1041, 0x1041, 0x1041, 0x1841, 0x2041, 0x2841, 0x2841, 0x2841,
    0x2841, 0x2841, 0x2841, 0x2041, 0x1841, 0x1841, 0x1841, 0x1041, 0x1041, 0x1841, 0x1841, 0x1841,
    0x1841, 0x1041, 0x1041, 0x2041, 0x2041, 0x2041, 0x2041, 0x2041, 0x2041, 0x2041, 0x1841, 0x1841,
    0x1841, 0x1841, 0x1841, 0x2041, 0x1841, 0x1841, 0x2041, 0x1841, 0x1841, 0x1841, 0x1841, 0x1841,
    0x2041, 0x2041, 0x2841, 0x2841, 0x1841, 0x1041, 0x1041, 0x0842, 0x0842, 0x0842, 0x0842, 0x0842,
    0x0842, 0x0842, 0x0842, 0x0842, 0x0842, 0x0842, 0x0842, 0x0842, 0x0842, 0x0842, 0x0842, 0x0842,
    0x0842, 0x0842, 0x0842, 0x0842, 0x0842, 0x0842, 0x0842, 0x0842, 0x0842, 0x0842, 0x0842, 0x0842,
    0x0842, 0x0842, 0x0842, 0x0842, 0x0842, 0x0842, 0x0842, 0x0842, 0x0842, 0x0842, 0x0842, 0x0842,
    0x0842, 0x0842, 0x0842, 0x0842, 0x0842, 0x0842, 0x0842, 0x0842, 0x0842, 0x0842, 0x0842, 0x0842,
    0x0842, 0x0842, 0x0842, 0x0842, 0x0842, 0x0842, 0x0842, 0x0842, 0x0842, 0x0842, 0x0842, 0x0842,
    0x0842, 0x0842, 0x0842, 0x0842, 0x0842, 0x0842, 0x0842, 0x0842, 0x0842, 0x0842, 0x0842, 0x0842,
    0x0842, 0x0842, 0x0842, 0x1841, 0x2841, 0x4041, 0x5841, 0x7041, 0x8041, 0x8041, 0x7041, 0x7841,
    0x8041, 0x7841, 0x8041, 0x8840, 0x9840, 0x9840, 0x9840, 0xa020, 0x9820, 0x9820, 0x9840, 0xa040,
    0xa040, 0xa040, 0xa020, 0xa040, 0x9040, 0x9040, 0x9840, 0xa020, 0xa020, 0xa020, 0xa040, 0xa020,
    0x9820, 0x9040, 0x9840, 0x9040, 0x8840, 0x8840, 0x9020, 0x8840, 0x9040, 0x9840, 0x8840, 0x9020,
    0x9040, 0x9040, 0x9041, 0x9020, 0x8021, 0x8840, 0x9040, 0x9840, 0xa020, 0xa020, 0x9820, 0xa020,
    0xa820, 0xa020, 0xa020, 0xa820, 0x9840, 0x9840, 0x9840, 0x9820, 0x9820, 0x9820, 0x9820, 0xa020,
    0xa020, 0x9820, 0x9820, 0x9820, 0x9840, 0x9840, 0xa040, 0x9820, 0xa020, 0x9820, 0x9020, 0x9020,
    0x9040, 0x9021, 0x8840, 0x9020, 0x9040, 0x9820, 0x9820, 0x9840, 0x9840, 0xa040, 0xa040, 0xa040,
    0xa040, 0xa020, 0xa840, 0xa040, 0x9040, 0x9040, 0x9840, 0x9840, 0x9820, 0xa840, 0xa020, 0xa020,
    0xa020, 0x9820, 0x9820, 0x9840, 0x9840, 0x9840, 0x9820, 0x9040, 0x9840, 0xa020, 0x9820, 0x9820,
    0x9040, 0x8840, 0x8041, 0x8041, 0x8040, 0x8841, 0x8841, 0x8841, 0x8840, 0x9040, 0x9020, 0x9840,
    0x9041, 0x8840, 0x9040, 0x9840, 0xa020, 0xa820, 0xa820, 0xa020, 0xa020, 0xa020, 0xa020, 0xa020,
    0xa040, 0xa040, 0xa040, 0xa040, 0x9820, 0xa040, 0xa040, 0xa020, 0xa020, 0x9820, 0x9820, 0xa020,
    0xa020, 0x9840, 0x9840, 0x9040, 0x9040, 0x9041, 0x9041, 0x9040, 0x9840, 0x9840, 0x9820, 0xa020,
    0x9840, 0x8820, 0x9840, 0x9840, 0x9040, 0x9041, 0x9041, 0x9040, 0x9040, 0x9040, 0x8840, 0x9040,
    0x9840, 0x9840, 0xa040, 0x9840, 0x9840, 0x9820, 0x9040, 0x8841, 0x8820, 0x9041, 0x9040, 0x9840,
    0x9040, 0x8840, 0x8820, 0x9840, 0xa040, 0xa840, 0xa840, 0xa840, 0xa840, 0xa840, 0xa040, 0x9820,
    0x9040, 0x9020, 0x9041, 0x8840, 0x8840, 0x9040, 0x9041, 0x9040, 0x9041, 0x8840, 0x8840, 0x9840,
    0x9840, 0x9840, 0x9820, 0x9840, 0x9840, 0x9820, 0x9040, 0x8840, 0x9040, 0x9040, 0x9840, 0x9840,
    0x9840, 0x9040, 0x9040, 0x9040, 0x9040, 0x9840, 0x9040, 0x9040, 0x9820, 0xa020, 0xa820, 0xa020,
    0x9040, 0x8040, 0x8041, 0x7841, 0x7041, 0x7841, 0x6841, 0x6041, 0x6841, 0x5841, 0x4041, 0x3041,
    0x2041, 0x0841, 0x0842, 0x0842, 0x0842, 0x0842, 0x0842, 0x0842, 0x0842, 0x0842, 0x0842, 0x0842,
    0x0842, 0x0842, 0x0842, 0x0842, 0x0842, 0x0842, 0x0842, 0x0842, 0x0842, 0x0842, 0x0842, 0x0842,
    0x0842, 0x0842, 0x0842, 0x0842, 0x0842, 0x0842, 0x0842, 0x0842, 0x0842, 0x0842, 0x0842, 0x0842,
    0x0842, 0x0842, 0x0842, 0x0842, 0x0842, 0x0842, 0x0842, 0x0842, 0x0842, 0x0842, 0x0842, 0x0842,
    0x0842, 0x0842, 0x0842, 0x0842, 0x0842, 0x0842, 0x0842, 0x0842, 0x0842, 0x0842, 0x0842, 0x0842,
    0x0842, 0x0842, 0x0842, 0x0842, 0x0842, 0x0842, 0x0842, 0x0842, 0x1841, 0x3841, 0x5841, 0x8021,
    0x9820, 0xb820, 0xd040, 0xe040, 0xe040, 0xe040, 0xe040, 0xe040, 0xe040, 0xe040, 0xd840, 0xe040,
    0xe040, 0xe040, 0xe040, 0xe840, 0xe840, 0xe840, 0xe840, 0xe840, 0xe840, 0xe840, 0xe840, 0xe840,
    0xe840, 0xe040, 0xe840, 0xe840, 0xe840, 0xe840, 0xe840, 0xe840, 0xe840, 0xe840, 0xe840, 0xe840,
    0xe040, 0xe040, 0xd860, 0xd840, 0xe040, 0xe040, 0xe040, 0xe040, 0xe040, 0xe040, 0xe040, 0xe040,
    0xe040, 0xe040, 0xe040, 0xe040, 0xe040, 0xe040, 0xe040, 0xe040, 0xe040, 0xe040, 0xe040, 0xe040,
    0xe040, 0xe040, 0xe060, 0xe040, 0xe040, 0xe040, 0xe040, 0xe040, 0xe040, 0xe040, 0xe040, 0xe040,
    0xe040, 0xe040, 0xe040, 0xe840, 0xe040, 0xe040, 0xe040, 0xe040, 0xe040, 0xe840, 0xe040, 0xe040,
    0xe040, 0xe040, 0xe040, 0xe040, 0xe040, 0xe840, 0xe840, 0xe840, 0xe840, 0xe840, 0xe840, 0xe040,
    0xe040, 0xe040, 0xe040, 0xe040, 0xe040, 0xe040, 0xe040, 0xe040, 0xe040, 0xe020, 0xe040, 0xe040,
    0xe040, 0xe040, 0xe040, 0xe040, 0xe040, 0xe040, 0xe840, 0xe040, 0xe040, 0xe040, 0xe040, 0xe040,
    0xe040, 0xe040, 0xe040, 0xe040, 0xe040, 0xe040, 0xe040, 0xe040, 0xe840, 0xe840, 0xe840, 0xe840,
    0xe840, 0xe840, 0xe040, 0xe040, 0xe040, 0xe840, 0xe840, 0xe840, 0xe840, 0xe840, 0xe840, 0xe840,
    0xe840, 0xe840, 0xe840, 0xe840, 0xe840, 0xe840, 0xe840, 0xe840, 0xe840, 0xe840, 0xe840, 0xe840,
    0xe840, 0xe840, 0xe840, 0xe040, 0xe040, 0xe840, 0xe840, 0xe840, 0xe840, 0xe040, 0xe040, 0xe840,
    0xe840, 0xe840, 0xe860, 0xe860, 0xe840, 0xe040, 0xe040, 0xe040, 0xe840, 0xe840, 0xe840, 0xe040,
    0xe040, 0xe040, 0xe040, 0xe040, 0xe040, 0xe840, 0xe840, 0xe840, 0xe840, 0xe040, 0xe040, 0xe840,
    0xe840, 0xe840, 0xe040, 0xe040, 0xe040, 0xe040, 0xe040, 0xe040, 0xe040, 0xe040, 0xe040, 0xe040,
    0xe040, 0xe040, 0xe040, 0xe040, 0xe040, 0xe040, 0xe060, 0xe060, 0xe040, 0xe060, 0xe040, 0xe040,
    0xe040, 0xe040, 0xe040, 0xe040, 0xe040, 0xe040, 0xe040, 0xe040, 0xe040, 0xe040, 0xe040, 0xe040,
    0xe040, 0xe040, 0xe840, 0xe040, 0xe040, 0xe840, 0xe840, 0xe040, 0xe040, 0xe040, 0xe040, 0xe040,
    0xd840, 0xd840, 0xd040, 0xd040, 0xd040, 0xd020, 0xc020, 0xb020, 0x9040, 0x6841, 0x4041, 0x2041,
    0x0841, 0x0842, 0x0842, 0x0842, 0x0842, 0x0842, 0x0842, 0x0842, 0x0842, 0x0842, 0x0842, 0x0842,
    0x0842, 0x0842, 0x0842, 0x0842, 0x0842, 0x0842, 0x0842, 0x0842, 0x0842, 0x0842, 0x0842, 0x0842,
    0x0842, 0x0842, 0x0842, 0x0842, 0x0842, 0x0842, 0x0842, 0x0842, 0x0842, 0x0842, 0x0842, 0x0842,
    0x0842, 0x0842, 0x0842, 0x0842, 0x0842, 0x0842, 0x0842, 0x0842, 0x0842, 0x0842, 0x0842, 0x0842,
    0x0842, 0x0842, 0x0842, 0x0842, 0x0842, 0x0842, 0x0842, 0x0842, 0x0842, 0x0842, 0x0842, 0x0842,
    0x0842, 0x0842, 0x1841, 0x4841, 0x8820, 0xa820, 0xc020, 0xd040, 0xd840, 0xe040, 0xe860, 0xe860,
    0xe860, 0xe860, 0xe880, 0xe860, 0xe860, 0xe860, 0xe860, 0xe860, 0xe860, 0xe860, 0xe860, 0xf080,
    0xf080, 0xf080, 0xf060, 0xf060, 0xf060, 0xf060, 0xf060, 0xf080, 0xf080, 0xf060, 0xf060, 0xf060,
    0xf060, 0xf060, 0xf060, 0xf060, 0xf060, 0xf060, 0xf060, 0xf060, 0xf060, 0xe860, 0xe860, 0xe860,
    0xe860, 0xe860, 0xe860, 0xe860, 0xe860, 0xe860, 0xe860, 0xf060, 0xf060, 0xf060, 0xf060, 0xe860,
    0xe860, 0xe860, 0xe860, 0xe860, 0xe860, 0xe860, 0xe860, 0xe860, 0xe860, 0xe860, 0xe860, 0xf060,
    0xf060, 0xe860, 0xe860, 0xe860, 0xe860, 0xe860, 0xe860, 0xe860, 0xe860, 0xe860, 0xe860, 0xe860,
    0xe860, 0xe860, 0xf060, 0xe860, 0xe860, 0xf060, 0xf060, 0xe860, 0xe860, 0xe860, 0xe860, 0xe860,
    0xe860, 0xe860, 0xf060, 0xf060, 0xf060, 0xf060, 0xe860, 0xe860, 0xe860, 0xe860, 0xe860, 0xe860,
    0xe860, 0xe860, 0xe860, 0xe860, 0xe860, 0xe860, 0xe860, 0xe860, 0xe860, 0xe860, 0xe860, 0xe860,
    0xe860, 0xf060, 0xf060, 0xe860, 0xe860, 0xe860, 0xf060, 0xf060, 0xe860, 0xe860, 0xe860, 0xe860,
    0xe860, 0xe860, 0xe860, 0xe860, 0xf060, 0xf080, 0xf060, 0xf060, 0xe860, 0xe860, 0xe860, 0xe860,
    0xe860, 0xe860, 0xf060, 0xf060, 0xf060, 0xf080, 0xf060, 0xe880, 0xe860, 0xf060, 0xf060, 0xf060,
    0xf060, 0xe860, 0xf060, 0xf060, 0xf060, 0xf060, 0xf060, 0xf080, 0xf080, 0xf060, 0xf060, 0xe860,
    0xe860, 0xe860, 0xf060, 0xe860, 0xe860, 0xe860, 0xe860, 0xf060, 0xf060, 0xf080, 0xf081, 0xf081,
    0xf060, 0xe860, 0xe860, 0xe860, 0xe860, 0xf080, 0xe860, 0xe860, 0xe860, 0xe860, 0xe860, 0xe860,
    0xe860, 0xf060, 0xf060, 0xf060, 0xf060, 0xf060, 0xe860, 0xe860, 0xe860, 0xe860, 0xe860, 0xe860,
    0xe860, 0xe860, 0xe860, 0xe860, 0xe860, 0xe860, 0xe860, 0xe860, 0xe860, 0xe860, 0xe880, 0xe860,
    0xe860, 0xe860, 0xe860, 0xe860, 0xe860, 0xe860, 0xe860, 0xe860, 0xe860, 0xe860, 0xe860, 0xe860,
    0xe860, 0xe860, 0xe860, 0xe860, 0xe860, 0xe860, 0xe860, 0xe860, 0xf060, 0xf060, 0xf060, 0xf060,
    0xe860, 0xe860, 0xe860, 0xe860, 0xe860, 0xe860, 0xe860, 0xe860, 0xe860, 0xe860, 0xe860, 0xe840,
    0xe840, 0xe840, 0xe840, 0xe040, 0xd840, 0xd040, 0xb840, 0x9840, 0x6041, 0x2841, 0x0842, 0x0842,
    0x0842, 0x0842, 0x0842, 0x0842, 0x0842, 0x0842, 0x0842, 0x0842, 0x0842, 0x0842, 0x0842, 0x0842,
    0x0842, 0x0842, 0x0842, 0x0842, 0x0842, 0x0842, 0x0842, 0x0842, 0x0842, 0x0842, 0x0842, 0x0842,
    0x0842, 0x0842, 0x0842, 0x0842, 0x0842, 0x0842, 0x0842, 0x0842, 0x0842, 0x0842, 0x0842, 0x0842,
    0x0842, 0x0842, 0x0842, 0x0842, 0x0842, 0x0842, 0x0842, 0x0842, 0x0842, 0x0842, 0x0842, 0x0842,
    0x0842, 0x0842, 0x0842, 0x0842, 0x0842, 0x0842, 0x0842, 0x0842, 0x1841, 0x5041, 0x8020, 0xb040,
    0xd040, 0xe040, 0xe840, 0xe860, 0xe860, 0xe880, 0xe880, 0xf081, 0xf081, 0xf0a1, 0xf0a1, 0xf0a1,
    0xf0a1, 0xf0a1, 0xf0a1, 0xe8a1, 0xf0a1, 0xe8a1, 0xf0a1, 0xf0a1, 0xf0a1, 0xf0a1, 0xf0a0, 0xf0a1,
    0xf0a1, 0xf0a1, 0xf0a1, 0xf0a1, 0xf0a1, 0xf0a1, 0xf0a1, 0xf0a1, 0xf0a1, 0xf0a1, 0xf0a1, 0xf0a1,
    0xf0a1, 0xf0a1, 0xf0a1, 0xf0a1, 0xf0a1, 0xf0a1, 0xf0a1, 0xf0a1, 0xf0a1, 0xf0a1, 0xf0a1, 0xf081,
    0xf081, 0xf0a1, 0xf0a1, 0xf0a1, 0xf0a1, 0xf0a1, 0xf0a1, 0xf0a1, 0xf0a1, 0xf0a1, 0xf0a1, 0xf0a1,
    0xf0a1, 0xf0a1, 0xf081, 0xf081, 0xf0a1, 0xf0a1, 0xf0a1, 0xf0a1, 0xf0a1, 0xf0a1, 0xf0a1, 0xf0a1,
    0xf0a1, 0xf0a1, 0xf0a1, 0xf0a1, 0xe881, 0xf080, 0xf080, 0xf080, 0xf080, 0xf080, 0xf081, 0xf081,
    0xf081, 0xf080, 0xf080, 0xf0a0, 0xf080, 0xf081, 0xf081, 0xf081, 0xf0a1, 0xf0a1, 0xf0a1, 0xf0a1,
    0xf0a1, 0xf0a1, 0xf0a1, 0xf0a1, 0xf0a1, 0xf0a1, 0xf0a1, 0xf0a1, 0xf0a1, 0xf081, 0xf081, 0xf081,
    0xf081, 0xf0a1, 0xf080, 0xf080, 0xf0a1, 0xe8a1, 0xf0a1, 0xf0a1, 0xf0a1, 0xf0a1, 0xf0a1, 0xf0a1,
    0xf0a1, 0xf0a1, 0xf0a1, 0xf0a1, 0xf0a1, 0xf0a1, 0xf0a1, 0xf081, 0xf081, 0xf0a1, 0xf0a1, 0xf0a1,
    0xf0a1, 0xf0a1, 0xf0a1, 0xf0a1, 0xf081, 0xf0a1, 0xf0a1, 0xf0a1, 0xf0a1, 0xf0a1, 0xf0a1, 0xf0a1,
    0xf0a1, 0xf0c1, 0xf0a1, 0xf0a1, 0xf0a1, 0xf0a1, 0xf0a1, 0xf0a1, 0xf0a1, 0xf0a1, 0xf0a1, 0xf0a1,
    0xf0a1, 0xf0a1, 0xf0a1, 0xf0a1, 0xf0a1, 0xf0a1, 0xf0a0, 0xf0a0, 0xf0a1, 0xf0a1, 0xf0a1, 0xf0a1,
    0xf0a1, 0xf0a1, 0xf0a1, 0xf0a1, 0xf0a1, 0xf0a1, 0xf0a1, 0xf0a1, 0xf0a1, 0xf0a1, 0xf0a1, 0xf0a1,
    0xf0a1, 0xf0a1, 0xf0a1, 0xf0a1, 0xf0a1, 0xf0a1, 0xf0a1, 0xf0a1, 0xf0a1, 0xf0a1, 0xf0a1, 0xf0a1,
    0xf0a1, 0xf0a1, 0xf0a1, 0xf0a1, 0xf0a1, 0xf0a1, 0xf0a1, 0xf081, 0xf081, 0xf081, 0xf081, 0xf081,
    0xf081, 0xf080, 0xf0a1, 0xe8a1, 0xe8a1, 0xe8a1, 0xf0a1, 0xf0a1, 0xe881, 0xe8a1, 0xe881, 0xe881,
    0xe8a1, 0xe880, 0xe880, 0xf080, 0xf080, 0xf081, 0xf0a1, 0xe8a1, 0xf0a1, 0xf0a1, 0xf0a1, 0xf0a1,
    0xf0a1, 0xf0a1, 0xf0a1, 0xf0a1, 0xf0a1, 0xf0a1, 0xf0a1, 0xf0a1, 0xf0a1, 0xf0a1, 0xf0a1, 0xf0a1,
    0xf081, 0xf081, 0xe880, 0xe880, 0xe880, 0xe880, 0xe880, 0xe880, 0xe881, 0xe880, 0xe881, 0xe860,
    0xe860, 0xe860, 0xe860, 0xe040, 0xc040, 0x9820, 0x5041, 0x1841, 0x0842, 0x0842, 0x0842, 0x0842,
    0x0842, 0x0842, 0x0842, 0x0842, 0x0842, 0x0842, 0x0842, 0x0842, 0x0842, 0x0842, 0x0842, 0x0842,
    0x0842, 0x0842, 0x0842, 0x0842, 0x0842, 0x0842, 0x0842, 0x0842, 0x0842, 0x0842, 0x0842, 0x0842,
    0x0842, 0x0842, 0x0842, 0x0842, 0x0842, 0x0842, 0x0842, 0x0842, 0x0842, 0x0842, 0x0842, 0x0842,
    0x0842, 0x0842, 0x0842, 0x0842, 0x0842, 0x0842, 0x0842, 0x0842, 0x0842, 0x0842, 0x0842, 0x0842,
    0x0842, 0x0842, 0x0842, 0x3041, 0x7821, 0xb820, 0xd040, 0xe040, 0xe060, 0xe860, 0xe860, 0xf080,
    0xf0a1, 0xf0a1, 0xf0c0, 0xf0c1, 0xf0c1, 0xf0c1, 0xf0c1, 0xf0c1, 0xf0c0, 0xf0c1, 0xf0c0, 0xf0c1,
    0xf0c1, 0xf0c0, 0xf0c1, 0xf0c0, 0xf0c0, 0xf0c0, 0xf0c0, 0xf0c0, 0xf0a1, 0xf0a1, 0xf0a1, 0xf0c1,
    0xf0c1, 0xf0c1, 0xf0c1, 0xf0c0, 0xf0c0, 0xf0c0, 0xf0c0, 0xf0c0, 0xf0a0, 0xf0a0, 0xf0a0, 0xf0a0,
    0xf0a1, 0xf0a1, 0xf0c1, 0xf0c1, 0xf0c1, 0xf0a1, 0xf0a1, 0xf0a0, 0xf0a0, 0xf0a0, 0xf0a0, 0xf0c1,
    0xf0c1, 0xf0c1, 0xf0c1, 0xf0a1, 0xf0c1, 0xf0c1, 0xf0c0, 0xf0c1, 0xf0a1, 0xf0a1, 0xf0a0, 0xf0a0,
    0xf0a0, 0xf0a0, 0xf0a0, 0xf0c0, 0xf0c1, 0xf0c1, 0xf0c1, 0xf0c1, 0xf0c0, 0xf0a0, 0xf0c0, 0xf0c0,
    0xf0a0, 0xf0a0, 0xf0a0, 0xf0a0, 0xf0a0, 0xf0a0, 0xf0a0, 0xf0a1, 0xf0a0, 0xf0a0, 0xf0a0, 0xf0a0,
    0xf0a0, 0xf0a0, 0xf0a0, 0xf0a0, 0xf0a0, 0xf0c1, 0xf0c0, 0xf0c1, 0xf0c1, 0xf0c1, 0xf0c1, 0xf0c1,
    0xf0c0, 0xf0a1, 0xf0c1, 0xf0a0, 0xf0a0, 0xf0a0, 0xf0a0, 0xf0a1, 0xf0a0, 0xf0a0, 0xf0a0, 0xf0a0,
    0xf0a0, 0xf0a1, 0xf0a0, 0xf0a0, 0xf0c1, 0xf0c1, 0xf0c1, 0xf0c1, 0xf0a0, 0xf0a0, 0xf0a1, 0xf0a1,
    0xf0a1, 0xf0a1, 0xf0a0, 0xf0a0, 0xf0a1, 0xf0a1, 0xf0c1, 0xf0c1, 0xf0c1, 0xf0c1, 0xf0c1, 0xf0a0,
    0xf0a0, 0xf0a0, 0xf0a0, 0xf0a1, 0xf0c1, 0xf0c0, 0xf0a0, 0xf0a1, 0xf0c1, 0xf0c0, 0xf0c0, 0xf0c1,
    0xf0c1, 0xf0c1, 0xf0c0, 0xf0a0, 0xf0a0, 0xf0a0, 0xf0c1, 0xf0c1, 0xf0c1, 0xf0c1, 0xf0c1, 0xf0c1,
    0xf0c1, 0xf0c1, 0xf0c1, 0xf0c1, 0xf0c1, 0xf0c1, 0xf0c1, 0xf0c1, 0xf0a0, 0xf0a1, 0xf0a1, 0xf0c1,
    0xf0c1, 0xf0c1, 0xf0c1, 0xf0c1, 0xf0c1, 0xf0c1, 0xf0c1, 0xf0a0, 0xf0a0, 0xf0a1, 0xf0a1, 0xf0a1,
    0xf0a1, 0xf0c1, 0xf0c1, 0xf0c1, 0xf0a0, 0xf0a1, 0xf0c1, 0xf0c1, 0xf0a1, 0xf0c1, 0xf0c1, 0xf0c1,
    0xf0c0, 0xf0a0, 0xf0a1, 0xf0a1, 0xf0a0, 0xf0a0, 0xf0a0, 0xf0a0, 0xf0a0, 0xf0a0, 0xf0a1, 0xf0a1,
    0xf0a0, 0xf0a1, 0xf0a0, 0xf0a0, 0xf0a0, 0xf0c0, 0xf0a1, 0xf0a1, 0xf0a0, 0xf0a0, 0xf0a0, 0xf0a0,
    0xf0a0, 0xf0a0, 0xf0c1, 0xf0c1, 0xf0c0, 0xf0c1, 0xf0a1, 0xf0a1, 0xf0c1, 0xf0c1, 0xf0c1, 0xf0c1,
    0xf0c0, 0xf0c0, 0xf0a0, 0xf0a0, 0xf0a0, 0xf0a0, 0xf0c0, 0xf0a0, 0xf0a1, 0xf0a0, 0xf0a0, 0xf0a0,
    0xf0a0, 0xf0a0, 0xf0a1, 0xf0a1, 0xf0c1, 0xf0c1, 0xf0a1, 0xf0a1, 0xf0a1, 0xf0a1, 0xf081, 0xe860,
    0xe840, 0xe040, 0xb820, 0x7041, 0x3041, 0x0842, 0x0842, 0x0842, 0x0842, 0x0842, 0x0842, 0x0842,
    0x0842, 0x0842, 0x0842, 0x0842, 0x0842, 0x0842, 0x0842, 0x0842, 0x0842, 0x0842, 0x0842, 0x0842,
    0x0842, 0x0842, 0x0842, 0x0842, 0x0842, 0x0842, 0x0842, 0x0842, 0x0842, 0x0842, 0x0842, 0x0842,
    0x0842, 0x0842, 0x0842, 0x0842, 0x0842, 0x0842, 0x0842, 0x0842, 0x0842, 0x0842, 0x0842, 0x0842,
    0x0842, 0x0842, 0x0842, 0x0842, 0x0842, 0x0842, 0x0842, 0x0842, 0x0842, 0x0841, 0x4041, 0x9020,
    0xc840, 0xe060, 0xe060, 0xe860, 0xe880, 0xf081, 0xf0a1, 0xf0a1, 0xf0a1, 0xf080, 0xf040, 0xf020,
    0xf020, 0xf020, 0xf000, 0xf020, 0xf000, 0xf000, 0xf000, 0xf000, 0xf000, 0xf000, 0xf000, 0xf000,
    0xf000, 0xf000, 0xf000, 0xf000, 0xf000, 0xf000, 0xf000, 0xf000, 0xf000, 0xf000, 0xf000, 0xf000,
    0xf000, 0xf000, 0xf000, 0xf000, 0xf000, 0xf000, 0xf000, 0xf000, 0xf000, 0xf000, 0xf000, 0xf000,
    0xf000, 0xf000, 0xf000, 0xf000, 0xf000, 0xf000, 0xf000, 0xf000, 0xf000, 0xf000, 0xf000, 0xf000,
    0xf000, 0xf000, 0xf000, 0xf000, 0xf000, 0xf000, 0xf000, 0xf000, 0xf000, 0xf000, 0xf000, 0xf000,
    0xf000, 0xf000, 0xf000, 0xf000, 0xf000, 0xf000, 0xf000, 0xf000, 0xf000, 0xf000, 0xf000, 0xf000,
    0xf000, 0xf000, 0xf000, 0xf000, 0xf000, 0xf000, 0xf000, 0xf000, 0xf000, 0xf000, 0xf000, 0xf000,
    0xf000, 0xf000, 0xf000, 0xf000, 0xf000, 0xf000, 0xf000, 0xf000, 0xf000, 0xf000, 0xf000, 0xf000,
    0xf000, 0xf000, 0xf000, 0xf000, 0xf000, 0xf000, 0xf000, 0xf000, 0xf000, 0xf000, 0xf000, 0xf000,
    0xf000, 0xf000, 0xf000, 0xf000, 0xf000, 0xf000, 0xf000, 0xf000, 0xf000, 0xf000, 0xf000, 0xf000,
    0xf000, 0xf000, 0xf000, 0xf000, 0xf000, 0xf000, 0xf000, 0xf000, 0xf000, 0xf000, 0xf000, 0xf000,
    0xf000, 0xf000, 0xf000, 0xf000, 0xf800, 0xf000, 0xf000, 0xf000, 0xf000, 0xf800, 0xf000, 0xf000,
    0xf000, 0xf000, 0xf000, 0xf000, 0xf000, 0xf020, 0xf020, 0xf020, 0xf020, 0xf020, 0xf020, 0xf020,
    0xf000, 0xf000, 0xf000, 0xf000, 0xf000, 0xf000, 0xf000, 0xf000, 0xf000, 0xf020, 0xf020, 0xf020,
    0xf020, 0xf020, 0xf020, 0xf000, 0xf000, 0xf000, 0xf000, 0xf000, 0xf000, 0xf000, 0xf800, 0xf000,
    0xf000, 0xf000, 0xf000, 0xf000, 0xf800, 0xf800, 0xf800, 0xf000, 0xf000, 0xf000, 0xf000, 0xf000,
    0xf000, 0xf000, 0xf000, 0xf000, 0xf000, 0xf000, 0xf000, 0xf000, 0xf000, 0xf000, 0xf000, 0xf000,
    0xf000, 0xf000, 0xf000, 0xf000, 0xf000, 0xf000, 0xf000, 0xf000, 0xf000, 0xf000, 0xf000, 0xf000,
    0xf000, 0xf000, 0xf000, 0xf000, 0xf000, 0xf000, 0xf020, 0xf020, 0xf000, 0xf000, 0xf020, 0xf000,
    0xf000, 0xf000, 0xf000, 0xf000, 0xf000, 0xf000, 0xf000, 0xf000, 0xf000, 0xf000, 0xf000, 0xf020,
    0xf020, 0xf040, 0xf060, 0xf080, 0xf0c1, 0xf0c1, 0xf0a1, 0xf081, 0xe860, 0xe860, 0xe060, 0xc840,
    0x9820, 0x5841, 0x1841, 0x0842, 0x0842, 0x0842, 0x0842, 0x0842, 0x0842, 0x0842, 0x0842, 0x0842,
    0x0842, 0x0842, 0x0842, 0x0842, 0x0842, 0x0842, 0x0842, 0x0842, 0x0842, 0x0842, 0x0842, 0x0842,
    0x0842, 0x0842, 0x0842, 0x0842, 0x0842, 0x0842, 0x0842, 0x0842, 0x0842, 0x0842, 0x0842, 0x0842,
    0x0842, 0x0842, 0x0842, 0x0842, 0x0842, 0x0842, 0x0842, 0x0842, 0x0842, 0x0842, 0x0842, 0x0842,
    0x0842, 0x0842, 0x0842, 0x0842, 0x1041, 0x4841, 0x9820, 0xc840, 0xd860, 0xe080, 0xe880, 0xe881,
    0xf0a1, 0xf0a1, 0xf080, 0xf020, 0xf000, 0xf040, 0xf0e3, 0xf186, 0xf228, 0xf269, 0xf269, 0xf269,
    0xf269, 0xf269, 0xf269, 0xf269, 0xfa69, 0xfa69, 0xfa69, 0xfa69, 0xfa69, 0xf269, 0xfa69, 0xfa69,
    0xfa69, 0xf269, 0xf269, 0xfa69, 0xfa69, 0xf269, 0xfa69, 0xfa69, 0xfa69, 0xfa69, 0xfa69, 0xf269,
    0xf269, 0xfa69, 0xf269, 0xf269, 0xfa69, 0xfa69, 0xfa69, 0xfa69, 0xf269, 0xfa69, 0xfa69, 0xfa69,
    0xfa69, 0xfa8a, 0xfa89, 0xfa8a, 0xf289, 0xf269, 0xf269, 0xfa89, 0xfa89, 0xfa89, 0xfa89, 0xf269,
    0xf289, 0xfa89, 0xfa69, 0xf269, 0xf269, 0xf269, 0xf269, 0xfa89, 0xfa89, 0xf289, 0xfa89, 0xfa69,
    0xf269, 0xf269, 0xf269, 0xfa69, 0xfa69, 0xf269, 0xf249, 0xf269, 0xf269, 0xf269, 0xf269, 0xf269,
    0xfa69, 0xfa69, 0xfa69, 0xf269, 0xfa89, 0xfa89, 0xf289, 0xfa89, 0xf269, 0xf269, 0xfa69, 0xfa69,
    0xfa69, 0xfa89, 0xf269, 0xf269, 0xfa89, 0xfa89, 0xfa89, 0xfa89, 0xfa8a, 0xfa8a, 0xfa8a, 0xf289,
    0xf289, 0xfa89, 0xfa69, 0xf269, 0xfa89, 0xfa89, 0xfa8a, 0xf289, 0xf269, 0xfa69, 0xf269, 0xf269,
    0xf269, 0xf269, 0xf269, 0xfa69, 0xfa89, 0xf289, 0xf289, 0xf269, 0xf269, 0xf269, 0xf289, 0xf269,
    0xf28a, 0xf28a, 0xf269, 0xf269, 0xf289, 0xf269, 0xf269, 0xfa89, 0xfa89, 0xfa69, 0xfa89, 0xfa89,
    0xfa89, 0xfa8a, 0xfa89, 0xfa69, 0xfa69, 0xfa89, 0xfa89, 0xfa69, 0xf269, 0xf269, 0xfa89, 0xfa89,
    0xfa89, 0xfaa9, 0xfa8a, 0xfa8a, 0xfa89, 0xfa69, 0xfa89, 0xfa89, 0xfa89, 0xf269, 0xf269, 0xf269,
    0xf289, 0xf289, 0xf269, 0xfa69, 0xf269, 0xf289, 0xfa89, 0xfa89, 0xfa89, 0xfa89, 0xfa89, 0xfa89,
    0xf289, 0xfa89, 0xf269, 0xf269, 0xfa89, 0xfa89, 0xfa89, 0xfa89, 0xf269, 0xfa89, 0xfa89, 0xf269,
    0xfa89, 0xfa89, 0xfa69, 0xfa89, 0xfa8a, 0xf289, 0xfa89, 0xfa69, 0xfa69, 0xfa89, 0xfa89, 0xfa89,
    0xfa89, 0xfa89, 0xf269, 0xfa69, 0xfa69, 0xf289, 0xf289, 0xfa89, 0xf269, 0xf269, 0xf269, 0xf289,
    0xf269, 0xf289, 0xfa69, 0xfa69, 0xf269, 0xf269, 0xf269, 0xfa69, 0xf269, 0xf269, 0xf289, 0xf289,
    0xfa69, 0xfa89, 0xfa89, 0xfa89, 0xfa89, 0xf289, 0xfa89, 0xf289, 0xf289, 0xfa89, 0xf269, 0xf269,
    0xfa69, 0xfa89, 0xfa89, 0xf289, 0xf28a, 0xfaaa, 0xfa8a, 0xfa89, 0xf228, 0xf165, 0xf0a2, 0xf040,
    0xf020, 0xf080, 0xf0c1, 0xf0a1, 0xf0a1, 0xe881, 0xe880, 0xe060, 0xd840, 0xb840, 0x6841, 0x2041,
    0x0842, 0x0842, 0x0842, 0x0842, 0x0842, 0x0842, 0x0842, 0x0842, 0x0842, 0x0842, 0x0842, 0x0842,
    0x0842, 0x0842, 0x0842, 0x0842, 0x0842, 0x0842, 0x0842, 0x0842, 0x0842, 0x0842, 0x0842, 0x0842,
    0x0842, 0x0842, 0x0842, 0x0842, 0x0842, 0x0842, 0x0842, 0x0842, 0x0842, 0x0842, 0x0842, 0x0842,
    0x0842, 0x0842, 0x0842, 0x0842, 0x0842, 0x0842, 0x0842, 0x0842, 0x0842, 0x0842, 0x0842, 0x1041,
    0x4841, 0x9820, 0xc840, 0xd860, 0xe080, 0xe881, 0xf0a1, 0xf0a0, 0xf060, 0xf000, 0xf020, 0xf185,
    0xfbae, 0xfd95, 0xfeb9, 0xff1b, 0xff3b, 0xff3b, 0xff3b, 0xff3b, 0xff3b, 0xff3b, 0xff3b, 0xff3b,
    0xff3b, 0xff3b, 0xff3b, 0xff3b, 0xff3b, 0xff3b, 0xff3b, 0xff3b, 0xff3b, 0xff3b, 0xff3b, 0xff3b,
    0xff3b, 0xff3a, 0xff3a, 0xff3b, 0xff3b, 0xff3a, 0xff3b, 0xff3b, 0xff3b, 0xff3b, 0xff3b, 0xff3b,
    0xff3b, 0xff3b, 0xff3b, 0xff3b, 0xff3b, 0xff3b, 0xff3b, 0xff3b, 0xff3b, 0xff3b, 0xff3b, 0xff3b,
    0xff3b, 0xff3b, 0xff3b, 0xff3b, 0xff3b, 0xff3b, 0xff3b, 0xff3b, 0xff3b, 0xff3b, 0xff3b, 0xff3b,
    0xff3b, 0xff3b, 0xff3b, 0xff3b, 0xff3b, 0xff3b, 0xff3b, 0xff3b, 0xff3b, 0xff3b, 0xff3b, 0xff3b,
    0xff3b, 0xff3b, 0xff3b, 0xff3b, 0xff3b, 0xff3b, 0xff3b, 0xff3b, 0xff3b, 0xff3b, 0xff3b, 0xff3b,
    0xff3b, 0xff3b, 0xff3b, 0xff3b, 0xff3b, 0xff3b, 0xff3b, 0xff3b, 0xff3b, 0xff3b, 0xff3b, 0xff3b,
    0xff3b, 0xff3b, 0xff3b, 0xff3b, 0xff3b, 0xff3b, 0xff3b, 0xff3b, 0xff3b, 0xff3b, 0xff3b, 0xff3b,
    0xff3b, 0xff3b, 0xff3b, 0xff3b, 0xff3b, 0xff3b, 0xff3b, 0xff3b, 0xff3b, 0xff3b, 0xff3b, 0xff3b,
    0xff3b, 0xff3b, 0xff3b, 0xff3b, 0xff3b, 0xff3b, 0xff3b, 0xff3b, 0xff3b, 0xff3b, 0xff3b, 0xff3b,
    0xff3b, 0xff3b, 0xff3b, 0xff3b, 0xff3b, 0xff3b, 0xff3b, 0xff3b, 0xff3b, 0xff3b, 0xff3b, 0xff3b,
    0xff3b, 0xff3b, 0xff3b, 0xff3b, 0xff3b, 0xff3b, 0xff3b, 0xff3b, 0xff3b, 0xff3b, 0xff3b, 0xff3b,
    0xff3b, 0xff3b, 0xff3b, 0xff3b, 0xff3b, 0xff3b, 0xff3b, 0xff3b, 0xff3b, 0xff3b, 0xff3b, 0xff3b,
    0xff3b, 0xff3b, 0xff3b, 0xff3b, 0xff3b, 0xff3b, 0xff3b, 0xff3b, 0xff3b, 0xff3b, 0xff3b, 0xff3b,
    0xff3b, 0xff3b, 0xff3b, 0xff3b, 0xff3b, 0xff3b, 0xff3b, 0xff3b, 0xff3b, 0xff3b, 0xff3b, 0xff3b,
    0xff3b, 0xff3b, 0xff3b, 0xff3b, 0xff3b, 0xff3b, 0xff3b, 0xff3b, 0xff3b, 0xff3b, 0xff3b, 0xff3b,
    0xff3b, 0xff3b, 0xff3b, 0xff3b, 0xff3b, 0xff3b, 0xff3b, 0xff3b, 0xff3b, 0xff3b, 0xff3b, 0xff3b,
    0xff3b, 0xff3b, 0xff3b, 0xff3b, 0xff3b, 0xff3b, 0xff3b, 0xff3b, 0xff3b, 0xff3b, 0xff3b, 0xff3b,
    0xff3b, 0xff3b, 0xff3b, 0xff3b, 0xff3b, 0xff3b, 0xff3b, 0xff3b, 0xff3b, 0xff3b, 0xff3b, 0xff3b,
    0xff3b, 0xff3b, 0xff3b, 0xff3b, 0xff1a, 0xfefa, 0xfe58, 0xfd13, 0xfacb, 0xf0c3, 0xf000, 0xf060,
    0xf0c1, 0xf0c1, 0xf0a1, 0xf081, 0xe860, 0xe040, 0xc040, 0x7041, 0x2041, 0x0842, 0x0842, 0x0842,
    0x0842, 0x0842, 0x0842, 0x0842, 0x0842, 0x0842, 0x0842, 0x0842, 0x0842, 0x0842, 0x0842, 0x0842,
    0x0842, 0x0842, 0x0842, 0x0842, 0x0842, 0x0842, 0x0842, 0x0842, 0x0842, 0x0842, 0x0842, 0x0842,
    0x0842, 0x0842, 0x0842, 0x0842, 0x0842, 0x0842, 0x0842, 0x0842, 0x0842, 0x0842, 0x0842, 0x0842,
    0x0842, 0x0842, 0x0842, 0x0842, 0x0842, 0x0842, 0x0842, 0x4841, 0x9820, 0xc820, 0xd860, 0xe080,
    0xe8a1, 0xf0a1, 0xf0a0, 0xf000, 0xf000, 0xf1e7, 0xfd13, 0xff1b, 0xff7b, 0xfeb8, 0xf594, 0xf4b2,
    0xf410, 0xf3cf, 0xf3af, 0xf3cf, 0xf3d0, 0xf3d0, 0xf3d0, 0xf3f0, 0xf3f0, 0xf3f0, 0xf3f0, 0xf3f0,
    0xf3f0, 0xf410, 0xf410, 0xf411, 0xf431, 0xf411, 0xf410, 0xf3f0, 0xf3f0, 0xf3f0, 0xf3f0, 0xf3f0,
    0xf3d0, 0xf3d0, 0xf3f0, 0xf410, 0xf3f0, 0xf3d0, 0xf3b0, 0xf3d0, 0xf3d0, 0xf3d0, 0xf3d0, 0xf3d0,
    0xf3f0, 0xf3f0, 0xf3d0, 0xf3d0, 0xf3d0, 0xf3b0, 0xf3b0, 0xf3d0, 0xf3d0, 0xf3d0, 0xf3d0, 0xf3d0,
    0xf3d0, 0xf3d0, 0xf3d0, 0xf3d0, 0xf3d0, 0xf3d0, 0xf3d0, 0xf3d0, 0xf3d0, 0xf3d0, 0xf3d0, 0xf3d0,
    0xf3d0, 0xf3d0, 0xf3d0, 0xf3d0, 0xf3d0, 0xf3f1, 0xf3f1, 0xf3f1, 0xf411, 0xf3f1, 0xf3f0, 0xf3f0,
    0xf3d0, 0xf3d0, 0xf3f0, 0xf3d0, 0xf3d0, 0xf3d0, 0xf3d0, 0xf3b0, 0xf3b0, 0xf3d0, 0xf3f1, 0xf411,
    0xf411, 0xf3f1, 0xf3f1, 0xf3d0, 0xf3d0, 0xf3d0, 0xf3d0, 0xf3d0, 0xf3d0, 0xf3d0, 0xf3b0, 0xf3d0,
    0xf3d0, 0xf3d0, 0xf3b0, 0xf3b0, 0xf3b0, 0xf3d0, 0xfbd0, 0xf3f1, 0xf411, 0xf411, 0xf3f1, 0xf3d0,
    0xf3d0, 0xf3d0, 0xf3f0, 0xf3f0, 0xf3d0, 0xf3d0, 0xf3d0, 0xf3d0, 0xf3d0, 0xf3d0, 0xf3f0, 0xfc11,
    0xf411, 0xf411, 0xf411, 0xf3d0, 0xf3f0, 0xf410, 0xf411, 0xf3f1, 0xf3d0, 0xf3d0, 0xf3b0, 0xf3b0,
    0xf3b0, 0xf3b0, 0xf3d0, 0xf3d0, 0xf3f0, 0xf3f0, 0xf3f0, 0xf410, 0xf410, 0xf410, 0xf3f0, 0xf3f0,
    0xf3f0, 0xf3d0, 0xf3d0, 0xf3d0, 0xf3d0, 0xf3d0, 0xf3b0, 0xf3b0, 0xf3b0, 0xf3b0, 0xf3af, 0xf38f,
    0xf38f, 0xf3b0, 0xf3d0, 0xf3d0, 0xf3d0, 0xf3f0, 0xf3f0, 0xf3f0, 0xf3f0, 0xf3d0, 0xf3d0, 0xf3b0,
    0xf38f, 0xf38f, 0xf38f, 0xf3b0, 0xf3b0, 0xf3b0, 0xf3b0, 0xf3d0, 0xf3d0, 0xf3d0, 0xf3d0, 0xf3d0,
    0xf3d0, 0xf3d0, 0xf3d0, 0xf3d0, 0xf3d0, 0xf3b0, 0xf3b0, 0xf3b0, 0xf3af, 0xf38f, 0xf3b0, 0xf3b0,
    0xf390, 0xf3b0, 0xf3d0, 0xf3d0, 0xf3d0, 0xf3d0, 0xf3d0, 0xf3d0, 0xf3d0, 0xfbd0, 0xfbb0, 0xf3b0,
    0xf38f, 0xf38f, 0xf3b0, 0xf3b0, 0xf3b0, 0xf38f, 0xf38f, 0xf38f, 0xf38f, 0xf38f, 0xf36f, 0xf36f,
    0xf38f, 0xf38f, 0xf38f, 0xf3b0, 0xf3b0, 0xf3b0, 0xf3d0, 0xf3d0, 0xf3d0, 0xf3d0, 0xf3d0, 0xf3d0,
    0xf3d0, 0xf3d0, 0xf3d0, 0xf3d0, 0xf3b0, 0xf3af, 0xf3b0, 0xfbd0, 0xfbd0, 0xf3b0, 0xf3af, 0xf3af,
    0xf3d0, 0xf492, 0xfdb5, 0xfed9, 0xff5b, 0xfe58, 0xfb8d, 0xf0c3, 0xf000, 0xf080, 0xf0c1, 0xf0c1,
    0xf081, 0xe880, 0xe060, 0xc020, 0x6841, 0x1841, 0x0842, 0x0842, 0x0842, 0x0842, 0x0842, 0x0842,
    0x0842, 0x0842, 0x0842, 0x0842, 0x0842, 0x0842, 0x0842, 0x0842, 0x0842, 0x0842, 0x0842, 0x0842,
    0x0842, 0x0842, 0x0842, 0x0842, 0x0842, 0x0842, 0x0842, 0x0842, 0x0842, 0x0842, 0x0842, 0x0842,
    0x0842, 0x0842, 0x0842, 0x0842, 0x0842, 0x0842, 0x0842, 0x0842, 0x0842, 0x0842, 0x0842, 0x0842,
    0x0842, 0x0842, 0x3041, 0x9040, 0xc820, 0xd860, 0xe080, 0xe8a1, 0xf0c1, 0xf080, 0xf000, 0xf0e3,
    0xfc71, 0xff1b, 0xff5a, 0xfdb4, 0xf3ae, 0xf24b, 0xf1aa, 0xf16a, 0xf149, 0xf129, 0xf129, 0xf149,
    0xf14a, 0xf14a, 0xf14a, 0xf16a, 0xf16a, 0xf16a, 0xf16a, 0xf16a, 0xf16a, 0xf16a, 0xf18b, 0xf1ab,
    0xf1ab, 0xf1ab, 0xf1ab, 0xf18b, 0xf18b, 0xf18b, 0xf18b, 0xf18b, 0xf16a, 0xf16a, 0xf16b, 0xf16b,
    0xf16b, 0xf14a, 0xf12a, 0xf14a, 0xf14a, 0xf16a, 0xf16b, 0xf16b, 0xf18b, 0xf16b, 0xf16b, 0xf16b,
    0xf14a, 0xf14a, 0xf14a, 0xf14a, 0xf96a, 0xf16a, 0xf16a, 0xf94a, 0xf94a, 0xf14a, 0xf14a, 0xf14a,
    0xf96a, 0xf16b, 0xf16a, 0xf16a, 0xf16a, 0xf96a, 0xf16b, 0xf96b, 0xf14a, 0xf14a, 0xf94a, 0xf14a,
    0xf16b, 0xf98b, 0xf9ab, 0xf18b, 0xf18b, 0xf16b, 0xf16b, 0xf16b, 0xf16a, 0xf16a, 0xf16a, 0xf16a,
    0xf16a, 0xf16a, 0xf94a, 0xf14a, 0xf16a, 0xf16b, 0xf98b, 0xf18b, 0xf18b, 0xf98b, 0xf18b, 0xf16b,
    0xf16a, 0xf16a, 0xf16a, 0xf16a, 0xf14a, 0xf14a, 0xf14a, 0xf16a, 0xf96a, 0xf94a, 0xf12a, 0xf12a,
    0xf12a, 0xf16a, 0xf96b, 0xf98b, 0xf9ab, 0xf18b, 0xf18b, 0xf18b, 0xf18b, 0xf18b, 0xf98b, 0xf98b,
    0xf16a, 0xf16a, 0xf16a, 0xf16b, 0xf16a, 0xf16a, 0xf16a, 0xf18b, 0xf18b, 0xf18b, 0xf18b, 0xf18a,
    0xf18a, 0xf18a, 0xf18b, 0xf98b, 0xf96b, 0xf16a, 0xf14a, 0xf14a, 0xf14a, 0xf14a, 0xf14a, 0xf16a,
    0xf16a, 0xf18a, 0xf18a, 0xf9ab, 0xf1ab, 0xf18a, 0xf18a, 0xf18b, 0xf16b, 0xf18b, 0xf18b, 0xf18b,
    0xf18a, 0xf16a, 0xf14a, 0xf14a, 0xf14a, 0xf14a, 0xf12a, 0xf129, 0xf12a, 0xf14a, 0xf14a, 0xf96a,
    0xf96b, 0xf18b, 0xf18b, 0xf18b, 0xf18a, 0xf16a, 0xf14a, 0xf12a, 0xf129, 0xf129, 0xf929, 0xf94a,
    0xf94a, 0xf14a, 0xf16a, 0xf16a, 0xf16b, 0xf18b, 0xf18b, 0xf16b, 0xf16a, 0xf16a, 0xf16a, 0xf94a,
    0xf14a, 0xf14a, 0xf12a, 0xf12a, 0xf129, 0xf109, 0xf109, 0xf129, 0xf12a, 0xf14a, 0xf14a, 0xf16a,
    0xf16b, 0xf16b, 0xf18b, 0xf96a, 0xf96a, 0xf96a, 0xf14a, 0xf14a, 0xf12a, 0xf12a, 0xf14a, 0xf94a,
    0xf14a, 0xf12a, 0xf129, 0xf12a, 0xf129, 0xf129, 0xf109, 0xf109, 0xf109, 0xf909, 0xf929, 0xf94a,
    0xf94a, 0xf94a, 0xf94a, 0xf96a, 0xf96a, 0xf96a, 0xf96a, 0xf16a, 0xf96a, 0xf96a, 0xf16a, 0xf96a,
    0xf94a, 0xf12a, 0xf12a, 0xf92a, 0xf92a, 0xf94a, 0xf92a, 0xf12a, 0xf129, 0xf14a, 0xf1ca, 0xf26c,
    0xf3cf, 0xfe16, 0xff7c, 0xfe17, 0xf269, 0xf020, 0xf060, 0xf0c1, 0xf0a1, 0xe880, 0xe860, 0xe040,
    0xb020, 0x5841, 0x0841, 0x0842, 0x0842, 0x0842, 0x0842, 0x0842, 0x0842, 0x0842, 0x0842, 0x0842,
    0x0842, 0x0842, 0x0842, 0x0842, 0x0842, 0x0842, 0x0842, 0x0842, 0x0842, 0x0842, 0x0842, 0x0842,
    0x0842, 0x0842, 0x0842, 0x0842, 0x0842, 0x0842, 0x0842, 0x0842, 0x0842, 0x0842, 0x0842, 0x0842,
    0x0842, 0x0842, 0x0842, 0x0842, 0x0842, 0x0842, 0x0842, 0x0842, 0x0842, 0x1841, 0x7041, 0xc040,
    0xe060, 0xe880, 0xe881, 0xf0c1, 0xf060, 0xf000, 0xf228, 0xfe58, 0xff7b, 0xf593, 0xf32d, 0xf1ea,
    0xf149, 0xf909, 0xf909, 0xf90a, 0xf90a, 0xf90a, 0xf92a, 0xf92a, 0xf92a, 0xf94a, 0xf92a, 0xf94b,
    0xf94b, 0xf94b, 0xf94b, 0xf94b, 0xf94a, 0xf94b, 0xf94b, 0xf96b, 0xf96b, 0xf98b, 0xf96b, 0xf96b,
    0xf96b, 0xf98b, 0xf98b, 0xf96b, 0xf96b, 0xf94b, 0xf96b, 0xf96b, 0xf94b, 0xf94b, 0xf94b, 0xf92b,
    0xf92b, 0xf94b, 0xf96b, 0xf96c, 0xf96c, 0xf96c, 0xf96c, 0xf96c, 0xf96b, 0xf96b, 0xf96b, 0xf96b,
    0xf96c, 0xf96c, 0xf94b, 0xf94b, 0xf94b, 0xf94b, 0xf94b, 0xf94b, 0xf96b, 0xf96c, 0xf96c, 0xf96c,
    0xf96c, 0xf96c, 0xf96c, 0xf94b, 0xf96b, 0xf96b, 0xf96b, 0xf96b, 0xf96b, 0xf96c, 0xf98c, 0xf98c,
    0xf96c, 0xf96c, 0xf96c, 0xf96c, 0xf96c, 0xf96b, 0xf96b, 0xf94b, 0xf94b, 0xf94b, 0xf96b, 0xf96b,
    0xf96b, 0xf96c, 0xf98c, 0xf98c, 0xf98c, 0xf98c, 0xf98c, 0xf96b, 0xf96b, 0xf96b, 0xf96b, 0xf96b,
    0xf94b, 0xf96b, 0xf96b, 0xf96b, 0xf96b, 0xf94b, 0xf94b, 0xf94b, 0xf94b, 0xf96b, 0xf96c, 0xf98c,
    0xf98c, 0xf98c, 0xf98c, 0xf98c, 0xf9ac, 0xf9ac, 0xf98c, 0xf96c, 0xf96b, 0xf96b, 0xf96b, 0xf96b,
    0xf96b, 0xf96b, 0xf96b, 0xf96b, 0xf96b, 0xf96b, 0xf96b, 0xf96b, 0xf96b, 0xf96b, 0xf96b, 0xf98c,
    0xf96b, 0xf96b, 0xf96b, 0xf96b, 0xf96b, 0xf96b, 0xf94b, 0xf94b, 0xf96b, 0xf96b, 0xf96b, 0xf96b,
    0xf98b, 0xf98b, 0xf96b, 0xf96b, 0xf96b, 0xf96b, 0xf96b, 0xf96b, 0xf96b, 0xf96b, 0xf96b, 0xf94b,
    0xf94b, 0xf96b, 0xf94b, 0xf94b, 0xf94b, 0xf94b, 0xf96b, 0xf96b, 0xf96c, 0xf96c, 0xf96c, 0xf96b,
    0xf94b, 0xf94b, 0xf94b, 0xf92b, 0xf94b, 0xf94b, 0xf94b, 0xf94b, 0xf94b, 0xf94b, 0xf96b, 0xf96b,
    0xf96c, 0xf96c, 0xf96b, 0xf94b, 0xf94b, 0xf94b, 0xf94b, 0xf94b, 0xf94b, 0xf94b, 0xf94b, 0xf92b,
    0xf92a, 0xf90a, 0xf90a, 0xf92b, 0xf94b, 0xf94b, 0xf94b, 0xf94b, 0xf94b, 0xf94b, 0xf96b, 0xf94b,
    0xf94b, 0xf94b, 0xf94b, 0xf94b, 0xf94b, 0xf94b, 0xf94b, 0xf94b, 0xf94b, 0xf92b, 0xf92b, 0xf92b,
    0xf92b, 0xf92a, 0xf92a, 0xf92a, 0xf92a, 0xf92a, 0xf92a, 0xf92a, 0xf92b, 0xf94b, 0xf94b, 0xf94b,
    0xf94b, 0xf94b, 0xf96b, 0xf96b, 0xf96b, 0xf94b, 0xf96b, 0xf96b, 0xf94b, 0xf92b, 0xf90a, 0xf90a,
    0xf90a, 0xf90a, 0xf90a, 0xf90a, 0xf90a, 0xf90a, 0xf90a, 0xf909, 0xf129, 0xf1ea, 0xf3cf, 0xfe57,
    0xff1b, 0xfbef, 0xf061, 0xf040, 0xf0a1, 0xf0a1, 0xf081, 0xe860, 0xe040, 0x9820, 0x3041, 0x0842,
    0x0842, 0x0842, 0x0842, 0x0842, 0x0842, 0x0842, 0x0842, 0x0842, 0x0842, 0x0842, 0x0842, 0x0842,
    0x0842, 0x0842, 0x0842, 0x0842, 0x0842, 0x0842, 0x0842, 0x0842, 0x0842, 0x0842, 0x0842, 0x0842,
    0x0842, 0x0842, 0x0842, 0x0842, 0x0842, 0x0842, 0x0842, 0x0842, 0x0842, 0x0842, 0x0842, 0x0842,
    0x0842, 0x0842, 0x0842, 0x0842, 0x0842, 0x5041, 0xb020, 0xd040, 0xe080, 0xe881, 0xf0a1, 0xf060,
    0xf020, 0xf30c, 0xfefb, 0xfed8, 0xf40e, 0xf1e9, 0xf129, 0xf92a, 0xf92a, 0xf109, 0xd8c8, 0xc0a8,
    0xb0a7, 0xa8a7, 0xa0a7, 0xa0a7, 0xa0a7, 0xa0a7, 0xa0a8, 0xa0a8, 0xa0a8, 0xa0a7, 0xa0a7, 0xa0c7,
    0xa8c8, 0xa8c8, 0xa8c8, 0xa0a7, 0xa0a7, 0xa0c8, 0xa0c8, 0xa0c8, 0xa0c8, 0xa0c8, 0xa0c8, 0xa0c8,
    0xa0c8, 0xa0c8, 0xa0c8, 0xa0c8, 0xa0c8, 0xa0c8, 0xa0c8, 0xa0a8, 0xa0a8, 0xa0c8, 0xa0c8, 0xa0c8,
    0xa0c8, 0x98c8, 0x98c8, 0xa0c8, 0xa0c8, 0xa0c8, 0xa0c8, 0x98c8, 0x98e8, 0x98c8, 0x98c8, 0x98a8,
    0x98a8, 0x98c8, 0x98c8, 0x98c8, 0x98c8, 0x98c8, 0x98c8, 0xa0c8, 0x98c8, 0x98c8, 0x98c8, 0x98c8,
    0x98c8, 0x98c8, 0x98c8, 0x98c8, 0x98c8, 0x98c8, 0x98c8, 0x98c8, 0x98c8, 0xa0c8, 0x98c8, 0x98c8,
    0x98c8, 0x98c8, 0x98c8, 0x98c8, 0x98c8, 0x98c8, 0x98c8, 0x98c8, 0x98c8, 0x98c8, 0x98c8, 0x98c8,
    0x98c8, 0x98c8, 0x98c8, 0x98c8, 0x98c8, 0x98c8, 0x98c8, 0x98c8, 0x98c8, 0x98c8, 0x98c8, 0x98c8,
    0x98c8, 0x98c8, 0x98c8, 0x98c8, 0x98c8, 0x98c8, 0x98c8, 0x98c8, 0x98c8, 0x98c8, 0x98c8, 0x98c8,
    0x98e8, 0x98e8, 0x98e8, 0x98c8, 0x98c8, 0x98c8, 0x98c8, 0x98c8, 0x98c8, 0x98c8, 0x98c8, 0x98c8,
    0x98c8, 0x98c8, 0x98c8, 0x98c8, 0x98c8, 0x98c8, 0x98c8, 0x98c8, 0x98c8, 0x98c8, 0xa0c8, 0xa0c8,
    0xa0e8, 0xa0c8, 0xa0c8, 0xa0c8, 0x98c8, 0x98c8, 0x98c8, 0x98c8, 0x98c8, 0x98c8, 0xa0c8, 0xa0c8,
    0xa0c8, 0x98c8, 0x98c8, 0x98c8, 0x98c8, 0x98c8, 0x98c8, 0x98c8, 0x98c8, 0x98c8, 0x98c8, 0x98c8,
    0x98c8, 0x98c8, 0x98c8, 0x98c8, 0x98c8, 0x98c8, 0x98c8, 0x98c8, 0x98c8, 0x98a8, 0x98a8, 0x98a8,
    0x98c8, 0x98c8, 0x98c8, 0x98a8, 0x98a8, 0x98c8, 0xa0c8, 0xa0c8, 0x98c8, 0x98c8, 0x98c8, 0x98c8,
    0xa0c8, 0x98c8, 0x98c8, 0x98c8, 0xa0c8, 0xa0c8, 0x98c8, 0x98a8, 0x98a8, 0xa0a8, 0xa0a8, 0x98a8,
    0x98a8, 0x98a8, 0x98c8, 0xa0a8, 0x98a8, 0x98a8, 0x98a8, 0x98a8, 0x98a8, 0x98a8, 0x98a8, 0x98c8,
    0x98c8, 0x98c8, 0x98a8, 0x98a8, 0x98a8, 0x98a8, 0x98a8, 0x98a7, 0x98a8, 0x98a8, 0x98a8, 0x98a8,
    0x98a8, 0x98a8, 0x98a8, 0x98a8, 0x98a8, 0x98a8, 0x98a8, 0x98a8, 0x98a8, 0x98c8, 0x98c8, 0x98c8,
    0x98a8, 0x98a8, 0x98a8, 0x98c8, 0x98a8, 0x98a7, 0x98a7, 0x9887, 0x9887, 0x9887, 0x9887, 0xa887,
    0xb8a8, 0xd0c8, 0xe8e9, 0xf92a, 0xf92a, 0xf109, 0xf129, 0xf24a, 0xfd53, 0xff7c, 0xf4f3, 0xf082,
    0xf020, 0xf0a1, 0xf0a1, 0xe860, 0xe860, 0xc840, 0x7841, 0x1841, 0x0842, 0x0842, 0x0842, 0x0842,
    0x0842, 0x0842, 0x0842, 0x0842, 0x0842, 0x0842, 0x0842, 0x0842, 0x0842, 0x0842, 0x0842, 0x0842,
    0x0842, 0x0842, 0x0842, 0x0842, 0x0842, 0x0842, 0x0842, 0x0842, 0x0842, 0x0842, 0x0842, 0x0842,
    0x0842, 0x0842, 0x0842, 0x0842, 0x0842, 0x0842, 0x0842, 0x0842, 0x0842, 0x0842, 0x0842, 0x0842,
    0x3041, 0x9020, 0xd040, 0xe060, 0xe880, 0xf0a1, 0xf060, 0xf020, 0xf32c, 0xff3c, 0xf636, 0xf2eb,
    0xf189, 0xf94a, 0xf92b, 0xe0e9, 0xb087, 0x8845, 0x7025, 0x5804, 0x5004, 0x4804, 0x4004, 0x4004,
    0x4004, 0x4004, 0x4004, 0x4004, 0x4004, 0x4004, 0x4004, 0x4004, 0x4804, 0x5004, 0x4804, 0x4804,
    0x4804, 0x4804, 0x4804, 0x4804, 0x4804, 0x4004, 0x4004, 0x4004, 0x4004, 0x4804, 0x4804, 0x4004,
    0x4004, 0x4004, 0x4004, 0x4004, 0x4004, 0x3804, 0x3804, 0x3804, 0x3804, 0x3804, 0x3804, 0x3804,
    0x3804, 0x3804, 0x3804, 0x3004, 0x3004, 0x3004, 0x3004, 0x3004, 0x2804, 0x2804, 0x2804, 0x3004,
    0x3004, 0x3004, 0x3004, 0x3004, 0x3004, 0x3004, 0x3004, 0x3004, 0x3004, 0x2803, 0x2803, 0x3004,
    0x3004, 0x3004, 0x3004, 0x3004, 0x3004, 0x3004, 0x3004, 0x3004, 0x3004, 0x3004, 0x3004, 0x3004,
    0x3004, 0x3004, 0x3004, 0x2804, 0x2803, 0x2804, 0x2804, 0x3004, 0x3004, 0x3004, 0x3004, 0x3004,
    0x3004, 0x3004, 0x3004, 0x3004, 0x3004, 0x3004, 0x3004, 0x3004, 0x3004, 0x3004, 0x3004, 0x3004,
    0x3004, 0x2803, 0x2803, 0x2803, 0x3003, 0x3003, 0x3004, 0x3004, 0x3003, 0x3003, 0x3003, 0x3004,
    0x3004, 0x3004, 0x3004, 0x3004, 0x3004, 0x3004, 0x3004, 0x3004, 0x3004, 0x3004, 0x3004, 0x3004,
    0x3004, 0x3004, 0x3004, 0x3004, 0x3004, 0x3004, 0x3804, 0x3804, 0x3804, 0x3804, 0x3804, 0x3004,
    0x3004, 0x3003, 0x3003, 0x3003, 0x3003, 0x3003, 0x3004, 0x3004, 0x3004, 0x3004, 0x3004, 0x3004,
    0x3003, 0x3004, 0x3004, 0x3004, 0x3004, 0x3003, 0x3003, 0x3003, 0x3003, 0x2803, 0x2803, 0x2803,
    0x3003, 0x3004, 0x3004, 0x3004, 0x3004, 0x3004, 0x3004, 0x3004, 0x3004, 0x3004, 0x3004, 0x3004,
    0x3004, 0x3004, 0x3004, 0x3004, 0x3004, 0x3004, 0x3004, 0x3004, 0x3004, 0x3004, 0x3003, 0x3004,
    0x3004, 0x3004, 0x3004, 0x3004, 0x3004, 0x3004, 0x3004, 0x3004, 0x3004, 0x3004, 0x3004, 0x3004,
    0x3004, 0x3003, 0x3003, 0x3003, 0x3003, 0x2803, 0x2803, 0x2803, 0x3004, 0x3004, 0x3004, 0x3003,
    0x3003, 0x3003, 0x3003, 0x3003, 0x3003, 0x3003, 0x3003, 0x3003, 0x3003, 0x3003, 0x3003, 0x3004,
    0x3004, 0x2803, 0x2803, 0x3003, 0x3003, 0x3003, 0x3003, 0x3003, 0x3003, 0x3003, 0x3003, 0x3003,
    0x3003, 0x3003, 0x3003, 0x3003, 0x3004, 0x3004, 0x3804, 0x3804, 0x4004, 0x5004, 0x6825, 0x9866,
    0xc8a7, 0xf909, 0xf92a, 0xf109, 0xf1c9, 0xfc91, 0xff7c, 0xfcf4, 0xf062, 0xf020, 0xf0a1, 0xf081,
    0xe861, 0xe060, 0xb820, 0x4841, 0x0842, 0x0842, 0x0842, 0x0842, 0x0842, 0x0842, 0x0842, 0x0842,
    0x0842, 0x0842, 0x0842, 0x0842, 0x0842, 0x0842, 0x0842, 0x0842, 0x0842, 0x0842, 0x0842, 0x0842,
    0x0842, 0x0842, 0x0842, 0x0842, 0x0842, 0x0842, 0x0842, 0x0842, 0x0842, 0x0842, 0x0842, 0x0842,
    0x0842, 0x0842, 0x0842, 0x0842, 0x0842, 0x0842, 0x0842, 0x0842, 0x6041, 0xc040, 0xd860, 0xe080,
    0xf0a0, 0xf080, 0xf000, 0xf249, 0xff1b, 0xfe16, 0xf26a, 0xf129, 0xf94a, 0xf12a, 0xb8a7, 0x7825,
    0x5804, 0x5004, 0x5004, 0x5004, 0x5004, 0x4804, 0x4004, 0x4004, 0x4004, 0x4004, 0x4004, 0x4004,
    0x4004, 0x4804, 0x4804, 0x4804, 0x4803, 0x5004, 0x5024, 0x5024, 0x5024, 0x5024, 0x4824, 0x4824,
    0x4804, 0x4804, 0x4804, 0x4824, 0x4824, 0x4804, 0x4804, 0x4804, 0x4804, 0x4004, 0x4004, 0x4004,
    0x3804, 0x3804, 0x3804, 0x3804, 0x3004, 0x3804, 0x3804, 0x3004, 0x3004, 0x3004, 0x3004, 0x3004,
    0x3004, 0x2803, 0x2803, 0x2803, 0x2803, 0x2804, 0x2804, 0x2803, 0x2804, 0x3004, 0x3004, 0x3004,
    0x3004, 0x3004, 0x3004, 0x2804, 0x2803, 0x2803, 0x2803, 0x2803, 0x2804, 0x3004, 0x3004, 0x3004,
    0x3004, 0x3004, 0x3004, 0x3004, 0x2804, 0x2804, 0x2804, 0x2804, 0x2804, 0x2804, 0x2804, 0x2804,
    0x2803, 0x2804, 0x2804, 0x2804, 0x2804, 0x2804, 0x2804, 0x2804, 0x2804, 0x2804, 0x2804, 0x2804,
    0x2804, 0x2803, 0x2803, 0x2803, 0x2803, 0x2803, 0x2803, 0x2803, 0x2803, 0x2803, 0x2803, 0x2803,
    0x2803, 0x2803, 0x2803, 0x2803, 0x2803, 0x2803, 0x2803, 0x2803, 0x2803, 0x2804, 0x2803, 0x2803,
    0x2804, 0x2804, 0x2803, 0x2803, 0x2803, 0x2803, 0x2803, 0x2803, 0x3003, 0x3003, 0x3003, 0x3003,
    0x3004, 0x3004, 0x3004, 0x3004, 0x3004, 0x3004, 0x3004, 0x3004, 0x3003, 0x3003, 0x3003, 0x3003,
    0x3003, 0x3003, 0x3003, 0x3003, 0x3003, 0x3003, 0x3003, 0x2803, 0x2803, 0x2803, 0x2803, 0x2803,
    0x2803, 0x2803, 0x2803, 0x2803, 0x2803, 0x2803, 0x2803, 0x2803, 0x2803, 0x2803, 0x2803, 0x2803,
    0x2803, 0x2803, 0x2804, 0x2804, 0x2804, 0x3004, 0x3004, 0x2804, 0x2804, 0x3003, 0x3003, 0x3003,
    0x3003, 0x3004, 0x3004, 0x3003, 0x3003, 0x3003, 0x2803, 0x2803, 0x2803, 0x3003, 0x3003, 0x3004,
    0x3004, 0x3004, 0x3004, 0x3004, 0x3004, 0x3003, 0x3003, 0x3003, 0x3003, 0x3003, 0x2803, 0x2803,
    0x2803, 0x2803, 0x2803, 0x2803, 0x2803, 0x2803, 0x2803, 0x2803, 0x2803, 0x2803, 0x2803, 0x2803,
    0x2803, 0x2803, 0x2803, 0x2803, 0x2803, 0x2803, 0x2803, 0x2803, 0x2803, 0x2803, 0x2803, 0x2803,
    0x2803, 0x2803, 0x2803, 0x2803, 0x3003, 0x3003, 0x3003, 0x2803, 0x2803, 0x2803, 0x2803, 0x3003,
    0x3004, 0x3004, 0x3004, 0x3003, 0x3003, 0x3003, 0x3803, 0x3803, 0x5004, 0x9866, 0xe908, 0xf92a,
    0xf0e9, 0xf148, 0xf42f, 0xff7c, 0xf451, 0xf020, 0xf060, 0xf0a1, 0xe881, 0xe080, 0xd040, 0x8840,
    0x1841, 0x0842, 0x0842, 0x0842, 0x0842, 0x0842, 0x0842, 0x0842, 0x0842, 0x0842, 0x0842, 0x0842,
    0x0842, 0x0842, 0x0842, 0x0842, 0x0842, 0x0842, 0x0842, 0x0842, 0x0842, 0x0842, 0x0842, 0x0842,
    0x0842, 0x0842, 0x0842, 0x0842, 0x0842, 0x0842, 0x0842, 0x0842, 0x0842, 0x0842, 0x0842, 0x0842,
    0x0842, 0x0842, 0x0842, 0x1841, 0x9040, 0xd040, 0xe080, 0xe8a1, 0xf0a1, 0xf020, 0xf124, 0xfe99,
    0xfeb8, 0xf2cb, 0xf128, 0xf90a, 0xd8c9, 0x9846, 0x6804, 0x6004, 0x5804, 0x5004, 0x5804, 0x5804,
    0x5804, 0x5804, 0x5004, 0x5004, 0x5004, 0x4804, 0x4824, 0x5024, 0x5024, 0x5824, 0x6044, 0x6044,
    0x6044, 0x6044, 0x6044, 0x6864, 0x6864, 0x6864, 0x6044, 0x6044, 0x6044, 0x6044, 0x6044, 0x6044,
    0x6044, 0x6044, 0x5824, 0x5824, 0x5024, 0x5024, 0x5024, 0x4824, 0x4004, 0x4004, 0x4004, 0x4004,
    0x4004, 0x3804, 0x3804, 0x3804, 0x3804, 0x3804, 0x3804, 0x3004, 0x3004, 0x3004, 0x3004, 0x3004,
    0x3004, 0x3004, 0x3004, 0x3004, 0x3004, 0x3004, 0x3004, 0x3004, 0x3004, 0x3004, 0x3004, 0x3004,
    0x3004, 0x3004, 0x3004, 0x3004, 0x3004, 0x3004, 0x3004, 0x3004, 0x3004, 0x3004, 0x3004, 0x3004,
    0x3004, 0x3004, 0x3004, 0x3004, 0x3004, 0x3004, 0x3004, 0x3004, 0x3004, 0x3004, 0x3004, 0x3004,
    0x3004, 0x3004, 0x3004, 0x3004, 0x3004, 0x3004, 0x3004, 0x3004, 0x3004, 0x3004, 0x3004, 0x3004,
    0x3004, 0x3004, 0x3004, 0x3004, 0x3004, 0x3004, 0x3004, 0x3004, 0x3004, 0x3004, 0x3004, 0x3004,
    0x3004, 0x3004, 0x3004, 0x3004, 0x3004, 0x3004, 0x3004, 0x3004, 0x3004, 0x3004, 0x3004, 0x3004,
    0x3004, 0x3004, 0x3004, 0x3004, 0x3004, 0x3004, 0x3004, 0x3804, 0x3804, 0x3804, 0x3804, 0x3804,
    0x3804, 0x3804, 0x3804, 0x3804, 0x3804, 0x3804, 0x3804, 0x3804, 0x3804, 0x3804, 0x3004, 0x3004,
    0x3004, 0x3004, 0x3004, 0x3004, 0x3004, 0x3004, 0x3004, 0x3004, 0x3004, 0x3004, 0x3004, 0x3004,
    0x3004, 0x3004, 0x3004, 0x3004, 0x3004, 0x3004, 0x3004, 0x3004, 0x3004, 0x3004, 0x3004, 0x3004,
    0x3004, 0x3004, 0x3004, 0x3004, 0x3004, 0x3004, 0x3004, 0x3004, 0x3004, 0x3004, 0x3004, 0x3004,
    0x3004, 0x3004, 0x3004, 0x3004, 0x3004, 0x3004, 0x3004, 0x3804, 0x3804, 0x3804, 0x3804, 0x3804,
    0x3804, 0x3804, 0x3804, 0x3004, 0x3004, 0x3004, 0x3004, 0x3003, 0x3004, 0x3004, 0x3004, 0x3004,
    0x3004, 0x3004, 0x3004, 0x3004, 0x3004, 0x3004, 0x3003, 0x3004, 0x3004, 0x3003, 0x3004, 0x3004,
    0x3004, 0x3004, 0x3003, 0x3003, 0x3004, 0x3004, 0x3004, 0x3004, 0x3004, 0x3004, 0x3004, 0x3004,
    0x3004, 0x3004, 0x3004, 0x3004, 0x3004, 0x3004, 0x3004, 0x3004, 0x3804, 0x3804, 0x3804, 0x3804,
    0x4004, 0x4004, 0x3804, 0x3804, 0x3804, 0x4804, 0x8825, 0xd0a7, 0xf8e9, 0xf0c9, 0xf168, 0xf4f2,
    0xff5c, 0xf2cb, 0xf020, 0xf080, 0xe8a1, 0xe880, 0xe060, 0xa840, 0x3041, 0x0842, 0x0842, 0x0842,
    0x0842, 0x0842, 0x0842, 0x0842, 0x0842, 0x0842, 0x0842, 0x0842, 0x0842, 0x0842, 0x0842, 0x0842,
    0x0842, 0x0842, 0x0842, 0x0842, 0x0842, 0x0842, 0x0842, 0x0842, 0x0842, 0x0842, 0x0842, 0x0842,
    0x0842, 0x0842, 0x0842, 0x0842, 0x0842, 0x0842, 0x0842, 0x0842, 0x0842, 0x0842, 0x0842, 0x4041,
    0xb820, 0xe060, 0xe881, 0xf0a1, 0xf060, 0xf020, 0xfcd2, 0xff7b, 0xf38d, 0xf969, 0xf92a, 0xd8c8,
    0x8825, 0x6804, 0x6004, 0x6004, 0x6004, 0x5804, 0x4003, 0x3002, 0x2802, 0x2001, 0x2801, 0x2801,
    0x2001, 0x2001, 0x2801, 0x2801, 0x2801, 0x3001, 0x3001, 0x3801, 0x3801, 0x3801, 0x4001, 0x4021,
    0x4021, 0x4021, 0x4021, 0x3801, 0x3801, 0x3801, 0x3821, 0x3801, 0x3801, 0x3801, 0x3801, 0x3001,
    0x3001, 0x2801, 0x2801, 0x2801, 0x2001, 0x2001, 0x2001, 0x2001, 0x1801, 0x1801, 0x1801, 0x1001,
    0x1001, 0x1001, 0x1001, 0x1001, 0x1001, 0x1001, 0x1001, 0x1001, 0x1001, 0x1001, 0x1001, 0x1001,
    0x1001, 0x1001, 0x1001, 0x1001, 0x1001, 0x1001, 0x1001, 0x1001, 0x1001, 0x1001, 0x1001, 0x1001,
    0x1001, 0x1001, 0x1001, 0x1001, 0x1001, 0x1001, 0x1001, 0x1001, 0x1001, 0x1001, 0x1001, 0x1001,
    0x1001, 0x1001, 0x1001, 0x1001, 0x1001, 0x1001, 0x1001, 0x1001, 0x1001, 0x1001, 0x1001, 0x1001,
    0x1001, 0x1001, 0x1001, 0x1001, 0x1001, 0x1001, 0x1001, 0x1001, 0x1001, 0x1001, 0x1001, 0x1001,
    0x1001, 0x1001, 0x1001, 0x1001, 0x1001, 0x1001, 0x1001, 0x1001, 0x1001, 0x1001, 0x1001, 0x1001,
    0x1001, 0x1001, 0x1001, 0x1001, 0x1001, 0x1001, 0x1001, 0x1001, 0x1001, 0x1001, 0x1001, 0x1001,
    0x1001, 0x1001, 0x1001, 0x1001, 0x1001, 0x1001, 0x1001, 0x1001, 0x1001, 0x1001, 0x1001, 0x1001,
    0x1001, 0x1001, 0x1001, 0x1801, 0x1801, 0x1001, 0x1001, 0x1001, 0x1001, 0x1001, 0x1001, 0x1001,
    0x1001, 0x1001, 0x1001, 0x1001, 0x1001, 0x1001, 0x1001, 0x1001, 0x1001, 0x1001, 0x1001, 0x1001,
    0x1001, 0x1001, 0x1001, 0x1001, 0x1001, 0x1001, 0x1001, 0x1001, 0x1001, 0x1001, 0x1001, 0x1001,
    0x1001, 0x1001, 0x1001, 0x1001, 0x1001, 0x1001, 0x1001, 0x1001, 0x1001, 0x1001, 0x1001, 0x1001,
    0x1001, 0x1001, 0x1001, 0x1001, 0x1001, 0x1001, 0x1001, 0x1001, 0x1001, 0x1001, 0x1001, 0x1001,
    0x1001, 0x1001, 0x1001, 0x1001, 0x1001, 0x1001, 0x1001, 0x1001, 0x1001, 0x1001, 0x1001, 0x1001,
    0x1001, 0x1001, 0x1001, 0x1001, 0x1001, 0x1001, 0x1001, 0x1001, 0x1001, 0x1001, 0x1001, 0x1001,
    0x1001, 0x1001, 0x1001, 0x1001, 0x1001, 0x1001, 0x1001, 0x1001, 0x1001, 0x1001, 0x1001, 0x1001,
    0x1001, 0x1001, 0x1001, 0x1001, 0x1001, 0x1001, 0x1001, 0x1801, 0x2002, 0x2802, 0x3804, 0x4804,
    0x4804, 0x4804, 0x4804, 0x7804, 0xd087, 0xf90a, 0xf109, 0xf20a, 0xfe36, 0xfe99, 0xf104, 0xf020,
    0xf0a1, 0xe881, 0xe860, 0xc040, 0x5841, 0x0842, 0x0842, 0x0842, 0x0842, 0x0842, 0x0842, 0x0842,
    0x0842, 0x0842, 0x0842, 0x0842, 0x0842, 0x0842, 0x0842, 0x0842, 0x0842, 0x0842, 0x0842, 0x0842,
    0x0842, 0x0842, 0x0842, 0x0842, 0x0842, 0x0842, 0x0842, 0x0842, 0x0842, 0x0842, 0x0842, 0x0842,
    0x0842, 0x0842, 0x0842, 0x0842, 0x0842, 0x0842, 0x1041, 0x6841, 0xd040, 0xe860, 0xf0a1, 0xf0a1,
    0xf000, 0xf228, 0xff3c, 0xf511, 0xf1a8, 0xf909, 0xe0c9, 0x9825, 0x7803, 0x7004, 0x6804, 0x6004,
    0x4002, 0x2001, 0x1000, 0x0800, 0x0800, 0x0800, 0x0800, 0x0800, 0x1000, 0x1000, 0x1800, 0x1800,
    0x1800, 0x2000, 0x2000, 0x2800, 0x3000, 0x3800, 0x3800, 0x3800, 0x3000, 0x3000, 0x3000, 0x3000,
    0x3000, 0x3000, 0x3000, 0x3000, 0x3000, 0x2800, 0x2800, 0x2800, 0x2800, 0x2000, 0x1800, 0x1800,
    0x1800, 0x1800, 0x1000, 0x1000, 0x0800, 0x0800, 0x0000, 0x0000, 0x0000, 0x0000, 0x0000, 0x0000,
    0x0000, 0x0000, 0x0000, 0x0000, 0x0000, 0x0000, 0x0000, 0x0000, 0x0000, 0x0000, 0x0000, 0x0000,
    0x0000, 0x0000, 0x0000, 0x0000, 0x0000, 0x0000, 0x0000, 0x0000, 0x0000, 0x0000, 0x0000, 0x0000,
    0x0000, 0x0000, 0x0000, 0x0000, 0x0000, 0x0000, 0x0000, 0x0000, 0x0000, 0x0000, 0x0000, 0x0000,
    0x0000, 0x0000, 0x0000, 0x0000, 0x0000, 0x0000, 0x0000, 0x0000, 0x0000, 0x0000, 0x0000, 0x0000,
    0x0000, 0x0000, 0x0000, 0x0000, 0x0000, 0x0000, 0x0000, 0x0000, 0x0000, 0x0000, 0x0000, 0x0000,
    0x0000, 0x0000, 0x0000, 0x0000, 0x0000, 0x0000, 0x0000, 0x0000, 0x0000, 0x0000, 0x0000, 0x0000,
    0x0000, 0x0000, 0x0000, 0x0000, 0x0000, 0x0000, 0x0000, 0x0000, 0x0000, 0x0000, 0x0000, 0x0000,
    0x0000, 0x0000, 0x0000, 0x0000, 0x0000, 0x0000, 0x0000, 0x0000, 0x0000, 0x0000, 0x0000, 0x0000,
    0x0000, 0x0000, 0x0000, 0x0000, 0x0000, 0x0000, 0x0000, 0x0000, 0x0000, 0x0000, 0x0000, 0x0000,
    0x0000, 0x0000, 0x0000, 0x0000, 0x0000, 0x0000, 0x0000, 0x0000, 0x0000, 0x0000, 0x0000, 0x0000,
    0x0000, 0x0000, 0x0000, 0x0000, 0x0000, 0x0000, 0x0000, 0x0000, 0x0000, 0x0000, 0x0000, 0x0000,
    0x0000, 0x0000, 0x0000, 0x0000, 0x0000, 0x0000, 0x0000, 0x0000, 0x0000, 0x0000, 0x0000, 0x0000,
    0x0000, 0x0000, 0x0000, 0x0000, 0x0000, 0x0000, 0x0000, 0x0000, 0x0000, 0x0000, 0x0000, 0x0000,
    0x0000, 0x0000, 0x0000, 0x0000, 0x0000, 0x0000, 0x0000, 0x0000, 0x0000, 0x0000, 0x0000, 0x0000,
    0x0000, 0x0000, 0x0000, 0x0000, 0x0000, 0x0000, 0x0000, 0x0000, 0x0000, 0x0000, 0x0000, 0x0000,
    0x0000, 0x0000, 0x0000, 0x0000, 0x0000, 0x0000, 0x0000, 0x0000, 0x0000, 0x0000, 0x0000, 0x0000,
    0x0000, 0x0000, 0x0000, 0x0000, 0x0000, 0x0800, 0x1001, 0x3002, 0x4804, 0x5004, 0x5004, 0x5804,
    0x8825, 0xe0a8, 0xf8ea, 0xf109, 0xf32c, 0xff5a, 0xf410, 0xf020, 0xf0a0, 0xf0a1, 0xe881, 0xd060,
    0x8040, 0x1841, 0x0842, 0x0842, 0x0842, 0x0842, 0x0842, 0x0842, 0x0842, 0x0842, 0x0842, 0x0842,
    0x0842, 0x0842, 0x0842, 0x0842, 0x0842, 0x0842, 0x0842, 0x0842, 0x0842, 0x0842, 0x0842, 0x0842,
    0x0842, 0x0842, 0x0842, 0x0842, 0x0842, 0x0842, 0x0842, 0x0842, 0x0842, 0x0842, 0x0842, 0x0842,
    0x0842, 0x0842, 0x2041, 0x9040, 0xd860, 0xe880, 0xf0a1, 0xf060, 0xf061, 0xfd54, 0xff1a, 0xf2cb,
    0xf929, 0xf0c9, 0xb045, 0x7803, 0x7803, 0x7804, 0x6804, 0x3801, 0x1000, 0x0800, 0x0800, 0x0800,
    0x0800, 0x1000, 0x1000, 0x1000, 0x1800, 0x2000, 0x2800, 0x3800, 0x5000, 0x6820, 0x7881, 0x80c2,
    0x88c2, 0x98e2, 0x98e2, 0x90e2, 0x90e2, 0x90e2, 0x90c2, 0x90c2, 0x90c2, 0x88c1, 0x88c1, 0x88c2,
    0x88e2, 0x88e2, 0x88e2, 0x88c2, 0x88c2, 0x80c2, 0x7081, 0x6820, 0x5800, 0x4000, 0x2000, 0x1800,
    0x1800, 0x1000, 0x0800, 0x0800, 0x0000, 0x0000, 0x0000, 0x0000, 0x0000, 0x0000, 0x0000, 0x0000,
    0x0000, 0x0000, 0x0000, 0x0000, 0x0000, 0x0000, 0x0000, 0x0000, 0x0000, 0x0000, 0x0000, 0x0000,
    0x0000, 0x0000, 0x0000, 0x0000, 0x0000, 0x0000, 0x0000, 0x0000, 0x0000, 0x0000, 0x0000, 0x0000,
    0x0000, 0x0000, 0x0000, 0x0000, 0x0000, 0x0000, 0x0000, 0x0000, 0x0000, 0x0000, 0x0000, 0x0000,
    0x0000, 0x0000, 0x0000, 0x0000, 0x0000, 0x0000, 0x0000, 0x0000, 0x0000, 0x0000, 0x0000, 0x0000,
    0x0000, 0x0000, 0x0000, 0x0000, 0x0000, 0x0000, 0x0000, 0x0000, 0x0000, 0x0000, 0x0000, 0x0000,
    0x0000, 0x0000, 0x0000, 0x0000, 0x0000, 0x0000, 0x0000, 0x0000, 0x0000, 0x0000, 0x0000, 0x0000,
    0x0000, 0x0000, 0x0000, 0x0000, 0x0000, 0x0000, 0x0000, 0x0000, 0x0000, 0x0800, 0x0000, 0x0000,
    0x0000, 0x0000, 0x0000, 0x0000, 0x0800, 0x0800, 0x0800, 0x0800, 0x0800, 0x0800, 0x0800, 0x0800,
    0x0000, 0x0000, 0x0000, 0x0000, 0x0000, 0x0000, 0x0000, 0x0000, 0x0000, 0x0000, 0x0000, 0x0000,
    0x0000, 0x0000, 0x0000, 0x0000, 0x0000, 0x0000, 0x0000, 0x0000, 0x0000, 0x0000, 0x0000, 0x0000,
    0x0000, 0x0000, 0x0000, 0x0000, 0x0000, 0x0000, 0x0000, 0x0000, 0x0000, 0x0000, 0x0000, 0x0000,
    0x0000, 0x0000, 0x0000, 0x0000, 0x0000, 0x0000, 0x0000, 0x0000, 0x0000, 0x0000, 0x0000, 0x0000,
    0x0000, 0x0000, 0x0000, 0x0000, 0x0000, 0x0000, 0x0000, 0x0000, 0x0000, 0x0000, 0x0000, 0x0000,
    0x0000, 0x0000, 0x0000, 0x0000, 0x0000, 0x0000, 0x0000, 0x0000, 0x0000, 0x0000, 0x0000, 0x0000,
    0x0000, 0x0000, 0x0000, 0x0000, 0x0000, 0x0000, 0x0000, 0x0000, 0x0000, 0x0000, 0x0000, 0x0000,
    0x0000, 0x0000, 0x0000, 0x0000, 0x0000, 0x0000, 0x0000, 0x0000, 0x0000, 0x0000, 0x0000, 0x0000,
    0x0000, 0x0800, 0x0800, 0x0800, 0x2001, 0x4804, 0x6005, 0x6004, 0x6004, 0x9825, 0xe8a8, 0xf8e9,
    0xf169, 0xfd53, 0xfeb9, 0xf124, 0xf040, 0xf0c1, 0xe881, 0xd860, 0xa840, 0x3041, 0x0842, 0x0842,
    0x0842, 0x0842, 0x0842, 0x0842, 0x0842, 0x0842, 0x0842, 0x0842, 0x0842, 0x0842, 0x0842, 0x0842,
    0x0842, 0x0842, 0x0842, 0x0842, 0x0842, 0x0842, 0x0842, 0x0842, 0x0842, 0x0842, 0x0842, 0x0842,
    0x0842, 0x0842, 0x0842, 0x0842, 0x0842, 0x0842, 0x0842, 0x0842, 0x0842, 0x0842, 0x3041, 0xb020,
    0xe060, 0xe880, 0xf0a0, 0xf020, 0xf185, 0xff3b, 0xfd52, 0xf1a8, 0xf909, 0xd887, 0x9003, 0x7803,
    0x7804, 0x7004, 0x3801, 0x1800, 0x1000, 0x1000, 0x1000, 0x1000, 0x1000, 0x1000, 0x1800, 0x2000,
    0x2800, 0x3800, 0x6800, 0xa9a5, 0xd3cc, 0xe531, 0xedf4, 0xee35, 0xf614, 0xf5f3, 0xf5f3, 0xf614,
    0xf614, 0xf614, 0xf5f4, 0xf5f3, 0xf5f3, 0xf5d3, 0xedd3, 0xedf3, 0xedf3, 0xedf3, 0xedf3, 0xedb3,
    0xedb3, 0xedd3, 0xedb3, 0xed51, 0xe48e, 0xcb08, 0x90c1, 0x4000, 0x1800, 0x1800, 0x1000, 0x0800,
    0x0800, 0x0800, 0x0000, 0x0000, 0x0000, 0x0000, 0x0000, 0x0000, 0x0000, 0x0000, 0x0000, 0x0000,
    0x0000, 0x0000, 0x0000, 0x0000, 0x0000, 0x0000, 0x0000, 0x0000, 0x0000, 0x0000, 0x0000, 0x0000,
    0x0000, 0x0000, 0x0000, 0x0000, 0x0000, 0x0000, 0x0000, 0x0000, 0x0000, 0x0000, 0x0000, 0x0000,
    0x0000, 0x0000, 0x0000, 0x0000, 0x0000, 0x0000, 0x0000, 0x0000, 0x0000, 0x0000, 0x0000, 0x0000,
    0x0000, 0x0000, 0x0000, 0x0000, 0x0000, 0x0000, 0x0000, 0x0000, 0x0000, 0x0000, 0x0000, 0x0000,
    0x0000, 0x0000, 0x0000, 0x0000, 0x0000, 0x0000, 0x0000, 0x0000, 0x0000, 0x0000, 0x0000, 0x0000,
    0x0000, 0x0000, 0x0000, 0x0000, 0x0000, 0x0000, 0x0000, 0x0000, 0x0000, 0x0000, 0x0800, 0x0800,
    0x0800, 0x0800, 0x0800, 0x0800, 0x0800, 0x0800, 0x0800, 0x0800, 0x0800, 0x0800, 0x0800, 0x0800,
    0x0800, 0x0800, 0x0800, 0x0800, 0x0800, 0x0800, 0x0800, 0x0800, 0x0800, 0x0800, 0x0800, 0x0000,
    0x0000, 0x0000, 0x0000, 0x0000, 0x0000, 0x0000, 0x0000, 0x0000, 0x0000, 0x0000, 0x0000, 0x0000,
    0x0000, 0x0000, 0x0000, 0x0000, 0x0000, 0x0000, 0x0000, 0x0000, 0x0000, 0x0000, 0x0000, 0x0000,
    0x0000, 0x0000, 0x0000, 0x0000, 0x0000, 0x0000, 0x0000, 0x0000, 0x0000, 0x0000, 0x0000, 0x0000,
    0x0000, 0x0000, 0x0000, 0x0000, 0x0000, 0x0000, 0x0000, 0x0000, 0x0000, 0x0000, 0x0000, 0x0000,
    0x0000, 0x0000, 0x0000, 0x0000, 0x0000, 0x0000, 0x0000, 0x0000, 0x0000, 0x0000, 0x0000, 0x0000,
    0x0000, 0x0000, 0x0000, 0x0000, 0x0000, 0x0000, 0x0000, 0x0000, 0x0000, 0x0000, 0x0000, 0x0000,
    0x0000, 0x0000, 0x0000, 0x0000, 0x0000, 0x0000, 0x0000, 0x0000, 0x0000, 0x0000, 0x0000, 0x0000,
    0x0000, 0x0000, 0x0000, 0x0000, 0x0000, 0x0000, 0x0000, 0x0000, 0x0800, 0x0800, 0x0800, 0x0800,
    0x0800, 0x1800, 0x5004, 0x6005, 0x6004, 0x7004, 0xc046, 0xf8e9, 0xf109, 0xf32d, 0xff5b, 0xf32c,
    0xf020, 0xf0a0, 0xf0a1, 0xe080, 0xc040, 0x5841, 0x0842, 0x0842, 0x0842, 0x0842, 0x0842, 0x0842,
    0x0842, 0x0842, 0x0842, 0x0842, 0x0842, 0x0842, 0x0842, 0x0842, 0x0842, 0x0842, 0x0842, 0x0842,
    0x0842, 0x0842, 0x0842, 0x0842, 0x0842, 0x0842, 0x0842, 0x0842, 0x0842, 0x0842, 0x0842, 0x0842,
    0x0842, 0x0842, 0x0842, 0x0842, 0x0842, 0x0842, 0x4841, 0xc040, 0xe080, 0xe8a1, 0xf080, 0xf020,
    0xf32c, 0xff5b, 0xf38c, 0xf148, 0xf0e8, 0xc024, 0x9003, 0x8803, 0x7804, 0x4001, 0x1800, 0x1800,
    0x1000, 0x1000, 0x1000, 0x1000, 0x1000, 0x1800, 0x2000, 0x3000, 0x6000, 0xa984, 0xe4af, 0xfe53,
    0xfdb0, 0xfc8e, 0xfc2e, 0xfc4e, 0xfc2d, 0xfbcc, 0xfbac, 0xfbed, 0xfc0d, 0xfbcd, 0xfbad, 0xfbad,
    0xfbcd, 0xfbad, 0xfbac, 0xfbad, 0xfbad, 0xfbad, 0xfbad, 0xfb6c, 0xfb6c, 0xfb8d, 0xfbad, 0xfbcd,
    0xfc8e, 0xfd6f, 0xf54d, 0xcaa7, 0x6800, 0x2000, 0x1800, 0x1000, 0x0800, 0x0800, 0x0800, 0x0000,
    0x0000, 0x0000, 0x0000, 0x0000, 0x0000, 0x0000, 0x0000, 0x0000, 0x0000, 0x0000, 0x0000, 0x0000,
    0x0000, 0x0000, 0x0000, 0x0000, 0x0000, 0x0000, 0x0000, 0x0000, 0x0000, 0x0000, 0x0000, 0x0000,
    0x0000, 0x0000, 0x0000, 0x0000, 0x0000, 0x0000, 0x0000, 0x0000, 0x0000, 0x0000, 0x0000, 0x0000,
    0x0000, 0x0000, 0x0000, 0x0000, 0x0000, 0x0000, 0x0000, 0x0000, 0x0000, 0x0000, 0x0000, 0x0000,
    0x0000, 0x0000, 0x0000, 0x0000, 0x0000, 0x0000, 0x0000, 0x0000, 0x0000, 0x0000, 0x0000, 0x0000,
    0x0000, 0x0000, 0x0000, 0x0000, 0x0000, 0x0000, 0x0000, 0x0000, 0x0000, 0x0000, 0x0000, 0x0000,
    0x0000, 0x0000, 0x0000, 0x0000, 0x0000, 0x0800, 0x0800, 0x0800, 0x0800, 0x1000, 0x1000, 0x1000,
    0x1000, 0x0800, 0x0800, 0x0800, 0x0800, 0x0800, 0x0800, 0x0800, 0x0800, 0x1000, 0x1000, 0x1000,
    0x1000, 0x1000, 0x1000, 0x1000, 0x0800, 0x0800, 0x0800, 0x0800, 0x0800, 0x0000, 0x0000, 0x0000,
    0x0000, 0x0000, 0x0000, 0x0000, 0x0000, 0x0000, 0x0000, 0x0000, 0x0000, 0x0000, 0x0000, 0x0000,
    0x0000, 0x0000, 0x0000, 0x0000, 0x0000, 0x0000, 0x0000, 0x0000, 0x0000, 0x0000, 0x0000, 0x0000,
    0x0000, 0x0000, 0x0000, 0x0000, 0x0000, 0x0000, 0x0000, 0x0000, 0x0000, 0x0000, 0x0000, 0x0000,
    0x0000, 0x0000, 0x0000, 0x0000, 0x0000, 0x0000, 0x0000, 0x0000, 0x0000, 0x0000, 0x0000, 0x0000,
    0x0000, 0x0000, 0x0000, 0x0000, 0x0000, 0x0000, 0x0000, 0x0000, 0x0000, 0x0000, 0x0000, 0x0000,
    0x0000, 0x0000, 0x0000, 0x0000, 0x0000, 0x0000, 0x0000, 0x0000, 0x0000, 0x0000, 0x0000, 0x0000,
    0x0000, 0x0000, 0x0000, 0x0000, 0x0000, 0x0000, 0x0000, 0x0000, 0x0000, 0x0000, 0x0000, 0x0000,
    0x0000, 0x0000, 0x0000, 0x0000, 0x0800, 0x0800, 0x0800, 0x0800, 0x1000, 0x0800, 0x2000, 0x5804,
    0x6805, 0x7004, 0x9824, 0xe8c8, 0xf0e9, 0xf1ea, 0xfe57, 0xf554, 0xf061, 0xf060, 0xf0a1, 0xe881,
    0xd860, 0x8841, 0x1041, 0x0842, 0x0842, 0x0842, 0x0842, 0x0842, 0x0842, 0x0842, 0x0842, 0x0842,
    0x0842, 0x0842, 0x0842, 0x0842, 0x0842, 0x0842, 0x0842, 0x0842, 0x0842, 0x0842, 0x0842, 0x0842,
    0x0842, 0x0842, 0x0842, 0x0842, 0x0842, 0x0842, 0x0842, 0x0842, 0x0842, 0x0842, 0x0842, 0x0842,
    0x0842, 0x0842, 0x6041, 0xd040, 0xe880, 0xf0a1, 0xf080, 0xf041, 0xf4f2, 0xfed8, 0xf26a, 0xf928,
    0xe8a7, 0xb003, 0x9003, 0x9003, 0x6002, 0x2000, 0x1800, 0x1800, 0x1800, 0x1000, 0x1000, 0x1000,
    0x1800, 0x2000, 0x2800, 0x6000, 0xca27, 0xf675, 0xfe73, 0xfb8b, 0xf146, 0xc084, 0x9863, 0x9063,
    0x9863, 0xa043, 0xa843, 0xa043, 0xa043, 0xa043, 0xa043, 0xa043, 0xa843, 0xa843, 0xa043, 0xa043,
    0xa043, 0xa043, 0xa043, 0xa043, 0x9823, 0x9844, 0x9844, 0xa064, 0xc8a5, 0xf988, 0xfbcb, 0xfdae,
    0xe389, 0x7840, 0x2800, 0x1800, 0x1000, 0x0800, 0x0800, 0x0000, 0x0000, 0x0000, 0x0000, 0x0000,
    0x0000, 0x0000, 0x0000, 0x0000, 0x0000, 0x0000, 0x0000, 0x0000, 0x0000, 0x0000, 0x0000, 0x0000,
    0x0000, 0x0000, 0x0000, 0x0000, 0x0000, 0x0000, 0x0000, 0x0000, 0x0000, 0x0000, 0x0000, 0x0000,
    0x0000, 0x0000, 0x0000, 0x0000, 0x0000, 0x0020, 0x0000, 0x0000, 0x0000, 0x0000, 0x0000, 0x0000,
    0x0000, 0x0000, 0x0000, 0x0000, 0x0000, 0x0000, 0x0000, 0x0000, 0x0000, 0x0000, 0x0000, 0x0000,
    0x0000, 0x0000, 0x0000, 0x0000, 0x0000, 0x0000, 0x0000, 0x0000, 0x0000, 0x0000, 0x0000, 0x0000,
    0x0000, 0x0000, 0x0000, 0x0000, 0x0000, 0x0000, 0x0000, 0x0000, 0x0000, 0x0000, 0x0000, 0x0000,
    0x0800, 0x0800, 0x1000, 0x0800, 0x0800, 0x1000, 0x1000, 0x1800, 0x1000, 0x1000, 0x1000, 0x1000,
    0x0800, 0x0800, 0x0800, 0x1000, 0x1000, 0x1000, 0x1000, 0x1000, 0x1000, 0x1000, 0x1000, 0x1800,
    0x1000, 0x1000, 0x0800, 0x0800, 0x0800, 0x0800, 0x0800, 0x0800, 0x0800, 0x0800, 0x0800, 0x0800,
    0x0000, 0x0000, 0x0000, 0x0000, 0x0000, 0x0000, 0x0000, 0x0000, 0x0000, 0x0800, 0x0800, 0x0800,
    0x0000, 0x0000, 0x0800, 0x0000, 0x0000, 0x0000, 0x0000, 0x0000, 0x0000, 0x0000, 0x0000, 0x0000,
    0x0000, 0x0000, 0x0800, 0x0000, 0x0800, 0x0800, 0x0800, 0x0800, 0x0800, 0x0800, 0x0800, 0x0800,
    0x0800, 0x0800, 0x0800, 0x0800, 0x0000, 0x0000, 0x0000, 0x0800, 0x0000, 0x0000, 0x0800, 0x0800,
    0x0800, 0x0800, 0x0800, 0x0800, 0x0000, 0x0000, 0x0000, 0x0000, 0x0000, 0x0000, 0x0000, 0x0000,
    0x0000, 0x0000, 0x0000, 0x0000, 0x0000, 0x0000, 0x0000, 0x0000, 0x0000, 0x0000, 0x0000, 0x0000,
    0x0000, 0x0000, 0x0000, 0x0000, 0x0000, 0x0000, 0x0000, 0x0000, 0x0000, 0x0000, 0x0000, 0x0800,
    0x0800, 0x0800, 0x0800, 0x0800, 0x1000, 0x1000, 0x1000, 0x3001, 0x7004, 0x7004, 0x8004, 0xd086,
    0xf8e9, 0xf149, 0xf4d2, 0xf699, 0xf0e3, 0xf040, 0xf0a1, 0xe881, 0xe060, 0xa040, 0x2041, 0x0842,
    0x0842, 0x0842, 0x0842, 0x0842, 0x0842, 0x0842, 0x0842, 0x0842, 0x0842, 0x0842, 0x0842, 0x0842,
    0x0842, 0x0842, 0x0842, 0x0842, 0x0842, 0x0842, 0x0842, 0x0842, 0x0842, 0x0842, 0x0842, 0x0842,
    0x0842, 0x0842, 0x0842, 0x0842, 0x0842, 0x0842, 0x0842, 0x0842, 0x0842, 0x0842, 0x7041, 0xd040,
    0xe880, 0xf0a1, 0xf060, 0xf081, 0xf5f6, 0xfdf5, 0xf1c8, 0xf908, 0xd865, 0xa802, 0x9803, 0x8803,
    0x3000, 0x1800, 0x1800, 0x1800, 0x1800, 0x1000, 0x1000, 0x1800, 0x2000, 0x2800, 0x4800, 0xb984,
    0xfdf3, 0xfd4f, 0xf9e8, 0xb023, 0x6000, 0x3000, 0x1800, 0x1000, 0x1800, 0x2000, 0x2800, 0x2800,
    0x2000, 0x2000, 0x2800, 0x3000, 0x3000, 0x3000, 0x3000, 0x3000, 0x2800, 0x2800, 0x2000, 0x2000,
    0x1800, 0x1000, 0x1000, 0x1800, 0x2000, 0x6001, 0xc866, 0xfaea, 0xfdad, 0xdae7, 0x5800, 0x2000,
    0x1000, 0x0800, 0x0800, 0x0800, 0x0000, 0x0000, 0x0000, 0x0000, 0x0020, 0x4a49, 0x73ae, 0x73ae,
    0x73ae, 0x73ae, 0x73ae, 0x738e, 0x738e, 0x738e, 0x6b8e, 0x738e, 0x6b6d, 0x5acb, 0x31a7, 0x0841,
    0x0000, 0x0000, 0x0020, 0x0020, 0x0000, 0x0020, 0x4229, 0x8c71, 0x8c71, 0x8c71, 0x9492, 0x9492,
    0x5acb, 0x0021, 0x0000, 0x0000, 0x0000, 0x0000, 0x0000, 0x0000, 0x0000, 0x0000, 0x0000, 0x0000,
    0x0000, 0x0000, 0x0000, 0x0000, 0x0000, 0x0000, 0x0000, 0x0000, 0x0000, 0x0000, 0x0000, 0x0000,
    0x0000, 0x0000, 0x0000, 0x0000, 0x0000, 0x0000, 0x0000, 0x0000, 0x0000, 0x0000, 0x0000, 0x0000,
    0x0000, 0x0000, 0x0000, 0x0000, 0x0000, 0x0000, 0x0000, 0x0800, 0x0800, 0x1000, 0x2020, 0x6183,
    0x7a45, 0x7a25, 0x8225, 0x8266, 0x8266, 0x48e2, 0x1800, 0x1000, 0x1000, 0x0800, 0x1000, 0x1000,
    0x2820, 0x69c4, 0x8245, 0x8245, 0x8246, 0x8245, 0x8225, 0x40a1, 0x1800, 0x1000, 0x1000, 0x0800,
    0x0800, 0x0800, 0x0800, 0x0800, 0x0800, 0x0800, 0x0800, 0x0800, 0x0800, 0x0800, 0x0800, 0x0000,
    0x0800, 0x0000, 0x0800, 0x0800, 0x0800, 0x0800, 0x0800, 0x0800, 0x0800, 0x0800, 0x0800, 0x0800,
    0x0800, 0x0800, 0x0800, 0x0800, 0x0800, 0x0800, 0x0800, 0x0800, 0x0800, 0x0800, 0x0800, 0x0800,
    0x0800, 0x0800, 0x0800, 0x0800, 0x0800, 0x0800, 0x0800, 0x0800, 0x0800, 0x0800, 0x0800, 0x0800,
    0x0800, 0x0800, 0x0800, 0x0800, 0x0800, 0x0800, 0x0800, 0x0800, 0x0800, 0x0800, 0x0800, 0x0800,
    0x0800, 0x0800, 0x0800, 0x0800, 0x0000, 0x0000, 0x0000, 0x0000, 0x0000, 0x0000, 0x0000, 0x0000,
    0x0000, 0x0000, 0x0000, 0x0000, 0x0000, 0x0000, 0x0000, 0x0000, 0x0000, 0x0000, 0x0000, 0x0000,
    0x0000, 0x0000, 0x0000, 0x0000, 0x0000, 0x0000, 0x0000, 0x0800, 0x0800, 0x0800, 0x0800, 0x0800,
    0x1000, 0x1000, 0x1000, 0x1800, 0x5803, 0x7804, 0x8004, 0xb845, 0xf0e8, 0xf129, 0xf3ef, 0xf71a,
    0xf1c7, 0xf020, 0xf080, 0xe880, 0xe860, 0xb820, 0x3041, 0x0842, 0x0842, 0x0842, 0x0842, 0x0842,
    0x0842, 0x0842, 0x0842, 0x0842, 0x0842, 0x0842, 0x0842, 0x0842, 0x0842, 0x0842, 0x0842, 0x0842,
    0x0842, 0x0842, 0x0842, 0x0842, 0x0842, 0x0842, 0x0842, 0x0842, 0x0842, 0x0842, 0x0842, 0x0842,
    0x0842, 0x0842, 0x0842, 0x0842, 0x0842, 0x1041, 0x7841, 0xd840, 0xe8a0, 0xf0c1, 0xf060, 0xf0e2,
    0xf637, 0xfd32, 0xf188, 0xf8e8, 0xd044, 0xa802, 0xa003, 0x6802, 0x2000, 0x2000, 0x2000, 0x1800,
    0x1800, 0x1800, 0x1800, 0x1800, 0x2000, 0x3800, 0x9881, 0xf4ef, 0xfd4f, 0xe905, 0x8001, 0x2000,
    0x0800, 0x0800, 0x1000, 0x1000, 0x1000, 0x1800, 0x2000, 0x2000, 0x2000, 0x2800, 0x3000, 0x3800,
    0x4000, 0x4000, 0x3800, 0x3000, 0x2800, 0x2000, 0x2000, 0x1800, 0x1000, 0x1000, 0x0800, 0x0000,
    0x0000, 0x0000, 0x2801, 0xb025, 0xfb09, 0xfccc, 0xa923, 0x3000, 0x1800, 0x1000, 0x0800, 0x0800,
    0x0000, 0x0000, 0x0000, 0x0000, 0x0841, 0x9cf3, 0xef7d, 0xef7d, 0xef7d, 0xef7d, 0xef7d, 0xef7d,
    0xef7d, 0xef7d, 0xef5d, 0xef5d, 0xef5d, 0xe73c, 0xdedb, 0xb5b6, 0x6b6d, 0x10a3, 0x0000, 0x0000,
    0x0000, 0x0020, 0x8430, 0xf79e, 0xf7be, 0xf7be, 0xf7bf, 0xf7be, 0x9d14, 0x0841, 0x0000, 0x0000,
    0x0000, 0x0000, 0x0000, 0x0000, 0x0000, 0x0000, 0x0000, 0x0000, 0x0000, 0x0000, 0x0000, 0x0000,
    0x0000, 0x0000, 0x0000, 0x0000, 0x0000, 0x0000, 0x0000, 0x0000, 0x0000, 0x0000, 0x0000, 0x0000,
    0x0000, 0x0000, 0x0000, 0x0000, 0x0000, 0x0000, 0x0000, 0x0000, 0x0000, 0x0000, 0x0000, 0x0000,
    0x0000, 0x0000, 0x0000, 0x0800, 0x0800, 0x1000, 0x3020, 0xc388, 0xed4d, 0xed0c, 0xed0c, 0xed2c,
    0xed4d, 0x8a05, 0x2000, 0x1000, 0x1000, 0x1000, 0x1000, 0x1000, 0x4060, 0xdc4a, 0xed6d, 0xed4c,
    0xed2d, 0xed2d, 0xe4ec, 0x7143, 0x1800, 0x1000, 0x1000, 0x1000, 0x0800, 0x0800, 0x0800, 0x0800,
    0x0800, 0x0800, 0x0800, 0x0800, 0x0800, 0x0800, 0x0800, 0x0800, 0x0800, 0x0800, 0x0800, 0x0800,
    0x0800, 0x0800, 0x0800, 0x1000, 0x1000, 0x1000, 0x0800, 0x0800, 0x0800, 0x0800, 0x0800, 0x0800,
    0x0800, 0x0800, 0x0800, 0x0800, 0x0800, 0x0800, 0x0800, 0x0800, 0x0800, 0x0800, 0x0800, 0x0800,
    0x0800, 0x0800, 0x0800, 0x0800, 0x0800, 0x0800, 0x0800, 0x0800, 0x0800, 0x0800, 0x0800, 0x0800,
    0x0800, 0x0800, 0x0800, 0x0800, 0x0800, 0x1000, 0x1000, 0x0800, 0x0800, 0x0800, 0x0800, 0x0800,
    0x0800, 0x0000, 0x0000, 0x0000, 0x0000, 0x0000, 0x0000, 0x0000, 0x0000, 0x0000, 0x0000, 0x0000,
    0x0000, 0x0000, 0x0000, 0x0000, 0x0000, 0x0000, 0x0000, 0x0000, 0x0000, 0x0000, 0x0000, 0x0000,
    0x0000, 0x0000, 0x0000, 0x0800, 0x0800, 0x0800, 0x0800, 0x1000, 0x1000, 0x1000, 0x1800, 0x1000,
    0x4002, 0x8004, 0x8804, 0xa825, 0xf0c8, 0xf928, 0xf34d, 0xff1a, 0xf269, 0xf000, 0xf080, 0xe880,
    0xe860, 0xc040, 0x3841, 0x0842, 0x0842, 0x0842, 0x0842, 0x0842, 0x0842, 0x0842, 0x0842, 0x0842,
    0x0842, 0x0842, 0x0842, 0x0842, 0x0842, 0x0842, 0x0842, 0x0842, 0x0842, 0x0842, 0x0842, 0x0842,
    0x0842, 0x0842, 0x0842, 0x0842, 0x0842, 0x0842, 0x0842, 0x0842, 0x0842, 0x0842, 0x0842, 0x0842,
    0x0842, 0x1041, 0x8041, 0xe060, 0xe881, 0xf0c1, 0xf040, 0xf103, 0xf678, 0xfcf1, 0xf988, 0xf0c7,
    0xd043, 0xb002, 0xa003, 0x5001, 0x2000, 0x2000, 0x2000, 0x1800, 0x1800, 0x1800, 0x1800, 0x2000,
    0x2800, 0x5800, 0xda88, 0xfe52, 0xfa08, 0x9802, 0x1000, 0x0000, 0x1000, 0x1800, 0x2000, 0x2800,
    0x3000, 0x3800, 0x5000, 0x7020, 0x88a0, 0x9101, 0x9941, 0xa161, 0xa981, 0xa961, 0x9141, 0x88e1,
    0x7880, 0x7020, 0x6000, 0x4000, 0x2800, 0x2000, 0x2000, 0x1000, 0x0800, 0x0000, 0x0000, 0x2800,
    0xd086, 0xfbe9, 0xeaa7, 0x5820, 0x2000, 0x1000, 0x0800, 0x0800, 0x0800, 0x0000, 0x0000, 0x0000,
    0x0841, 0xa534, 0xffdf, 0xffdf, 0xffdf, 0xffdf, 0xffdf, 0xffdf, 0xffdf, 0xffdf, 0xffdf, 0xffdf,
    0xffdf, 0xffdf, 0xffdf, 0xffdf, 0xef5d, 0xb596, 0x2945, 0x0000, 0x0000, 0x0020, 0x8451, 0xffdf,
    0xffdf, 0xffdf, 0xffdf, 0xffdf, 0xa514, 0x0841, 0x0000, 0x0000, 0x0000, 0x0000, 0x0000, 0x0000,
    0x0000, 0x0000, 0x0000, 0x0000, 0x0000, 0x0000, 0x0000, 0x0000, 0x0000, 0x0000, 0x0000, 0x0000,
    0x0000, 0x0000, 0x0000, 0x0000, 0x0000, 0x0000, 0x0000, 0x0000, 0x0000, 0x0000, 0x0000, 0x0000,
    0x0000, 0x0000, 0x0000, 0x0000, 0x0000, 0x0000, 0x0000, 0x0000, 0x0000, 0x0000, 0x0800, 0x0800,
    0x1000, 0x1800, 0x3820, 0xd3a8, 0xfd6c, 0xfd2b, 0xfd0b, 0xfd2c, 0xfd4c, 0x99e4, 0x2000, 0x1800,
    0x1000, 0x1000, 0x1000, 0x1800, 0x5080, 0xe46a, 0xfd6d, 0xfd2c, 0xfd2b, 0xfd4c, 0xfd0b, 0x8163,
    0x2000, 0x1800, 0x1800, 0x1000, 0x1000, 0x1000, 0x1000, 0x1000, 0x1000, 0x1000, 0x1000, 0x1000,
    0x1000, 0x1000, 0x0800, 0x0800, 0x0800, 0x1000, 0x1000, 0x1000, 0x1000, 0x1000, 0x1000, 0x1000,
    0x1000, 0x1000, 0x1000, 0x1000, 0x1000, 0x1000, 0x0800, 0x0800, 0x0800, 0x0800, 0x0800, 0x0800,
    0x1000, 0x1000, 0x1000, 0x1000, 0x1000, 0x1000, 0x1000, 0x1000, 0x1000, 0x1000, 0x1000, 0x1000,
    0x1000, 0x1000, 0x1000, 0x1000, 0x1000, 0x0800, 0x0800, 0x0800, 0x1000, 0x1000, 0x1000, 0x1000,
    0x1000, 0x1000, 0x1000, 0x1000, 0x1000, 0x1000, 0x0800, 0x0800, 0x0800, 0x0800, 0x0000, 0x0000,
    0x0000, 0x0000, 0x0000, 0x0000, 0x0000, 0x0000, 0x0000, 0x0000, 0x0000, 0x0000, 0x0000, 0x0000,
    0x0000, 0x0000, 0x0000, 0x0000, 0x0000, 0x0000, 0x0000, 0x0000, 0x0000, 0x0000, 0x0000, 0x0000,
    0x0800, 0x0800, 0x0800, 0x1000, 0x1000, 0x1000, 0x1800, 0x1800, 0x3001, 0x8004, 0x8804, 0xa824,
    0xe8c7, 0xf928, 0xf32c, 0xfefa, 0xf28a, 0xf020, 0xf080, 0xe880, 0xe860, 0xc840, 0x3841, 0x0842,
    0x0842, 0x0842, 0x0842, 0x0842, 0x0842, 0x0842, 0x0842, 0x0842, 0x0842, 0x0842, 0x0842, 0x0842,
    0x0842, 0x0842, 0x0842, 0x0842, 0x0842, 0x0842, 0x0842, 0x0842, 0x0842, 0x0842, 0x0842, 0x0842,
    0x0842, 0x0842, 0x0842, 0x0842, 0x0842, 0x0842, 0x0842, 0x0842, 0x0842, 0x1041, 0x8040, 0xe060,
    0xe8a1, 0xf0c1, 0xf060, 0xf123, 0xf678, 0xfcd0, 0xf968, 0xf0c7, 0xd023, 0xb802, 0xa002, 0x4800,
    0x2000, 0x2000, 0x2000, 0x1800, 0x1800, 0x1800, 0x2000, 0x2000, 0x3000, 0x7840, 0xf48d, 0xfd0e,
    0xe085, 0x4800, 0x0800, 0x1000, 0x1800, 0x2000, 0x2000, 0x4000, 0x8101, 0xb263, 0xd345, 0xe406,
    0xec66, 0xec86, 0xf4a6, 0xf4a7, 0xf4a7, 0xf4a7, 0xec67, 0xec46, 0xec26, 0xe3c6, 0xd305, 0xb223,
    0x78c1, 0x3800, 0x1800, 0x1800, 0x1000, 0x0800, 0x0000, 0x0000, 0x8803, 0xfaa8, 0xfb68, 0x8862,
    0x2800, 0x1000, 0x1000, 0x0800, 0x0800, 0x0000, 0x0000, 0x0000, 0x0841, 0xa514, 0xffdf, 0xffdf,
    0xffbe, 0xf7be, 0xf7be, 0xf7be, 0xffdf, 0xffdf, 0xffdf, 0xffdf, 0xffbf, 0xffdf, 0xffdf, 0xffdf,
    0xffdf, 0xffdf, 0xbdd7, 0x2104, 0x0000, 0x0020, 0x8430, 0xf7be, 0xffdf, 0xf7be, 0xffdf, 0xffdf,
    0x9cf4, 0x0841, 0x0000, 0x0000, 0x0000, 0x0000, 0x0000, 0x0000, 0x0000, 0x0000, 0x0000, 0x0000,
    0x0000, 0x0000, 0x0000, 0x0000, 0x0000, 0x0020, 0x0000, 0x0000, 0x0000, 0x0000, 0x0000, 0x0000,
    0x0000, 0x0000, 0x0000, 0x0000, 0x0000, 0x0000, 0x0000, 0x0000, 0x0000, 0x0000, 0x0000, 0x0000,
    0x0020, 0x0000, 0x0000, 0x0000, 0x0000, 0x0000, 0x0800, 0x0800, 0x1000, 0x1800, 0x4020, 0xd367,
    0xfcea, 0xfcca, 0xf4aa, 0xfcca, 0xf4ab, 0x91a4, 0x2800, 0x1800, 0x1800, 0x1000, 0x1800, 0x1800,
    0x5860, 0xe409, 0xfceb, 0xf4aa, 0xf4aa, 0xfceb, 0xf4cb, 0x8963, 0x2800, 0x2000, 0x1800, 0x1800,
    0x1800, 0x1800, 0x1800, 0x1800, 0x1800, 0x1800, 0x1800, 0x1800, 0x1000, 0x1000, 0x1000, 0x1000,
    0x1000, 0x1000, 0x1000, 0x1800, 0x1800, 0x1800, 0x1800, 0x1800, 0x1800, 0x1800, 0x1800, 0x1800,
    0x1800, 0x1000, 0x1000, 0x1000, 0x1000, 0x1000, 0x1000, 0x1000, 0x1000, 0x1000, 0x1800, 0x1800,
    0x1800, 0x1800, 0x1800, 0x1800, 0x1800, 0x1800, 0x1800, 0x1800, 0x1800, 0x1800, 0x1800, 0x1800,
    0x1000, 0x1000, 0x1000, 0x1000, 0x1000, 0x1800, 0x1800, 0x1800, 0x1800, 0x1800, 0x1800, 0x1800,
    0x1800, 0x1000, 0x1000, 0x1000, 0x0800, 0x0800, 0x0800, 0x0000, 0x0000, 0x0000, 0x0000, 0x0000,
    0x0000, 0x0000, 0x0000, 0x0000, 0x0800, 0x0800, 0x0800, 0x0800, 0x0000, 0x0800, 0x0000, 0x0000,
    0x0800, 0x0800, 0x0800, 0x0800, 0x0800, 0x0800, 0x0800, 0x0800, 0x0000, 0x0800, 0x0800, 0x1000,
    0x1000, 0x1800, 0x1800, 0x1800, 0x2800, 0x7803, 0x9004, 0xa804, 0xe8a7, 0xf928, 0xfb0c, 0xfefa,
    0xf28a, 0xf020, 0xf0a0, 0xe8a1, 0xe860, 0xc840, 0x3841, 0x0842, 0x0842, 0x0842, 0x0842, 0x0842,
    0x0842, 0x0842, 0x0842, 0x0842, 0x0842, 0x0842, 0x0842, 0x0842, 0x0842, 0x0842, 0x0842, 0x0842,
    0x0842, 0x0842, 0x0842, 0x0842, 0x0842, 0x0842, 0x0842, 0x0842, 0x0842, 0x0842, 0x0842, 0x0842,
    0x0842, 0x0842, 0x0842, 0x0842, 0x0842, 0x1041, 0x8840, 0xe060, 0xe8a1, 0xf0c1, 0xf060, 0xf124,
    0xf699, 0xfcb0, 0xf968, 0xf0c7, 0xd023, 0xb802, 0xa002, 0x4000, 0x2000, 0x2000, 0x2000, 0x1800,
    0x1800, 0x1800, 0x2000, 0x2000, 0x3800, 0x98a1, 0xfd2d, 0xfb8a, 0xb823, 0x2800, 0x1800, 0x1800,
    0x2000, 0x2000, 0x5060, 0xb2c4, 0xecc8, 0xfd49, 0xfd28, 0xfd28, 0xfd28, 0xfd08, 0xfd08, 0xfce8,
    0xfce8, 0xfcc8, 0xfcc8, 0xfca8, 0xfca8, 0xfcc8, 0xfca8, 0xfc87, 0xec06, 0xb2a4, 0x5080, 0x2000,
    0x1800, 0x1000, 0x0800, 0x0000, 0x4801, 0xf1c7, 0xfb48, 0xa8a3, 0x3000, 0x1800, 0x1000, 0x0800,
    0x0800, 0x0000, 0x0000, 0x0000, 0x0841, 0xa514, 0xffdf, 0xffdf, 0xffbe, 0xffdf, 0xffdf, 0xffdf,
    0xffdf, 0xffdf, 0xffdf, 0xffdf, 0xffdf, 0xffdf, 0xffdf, 0xffbf, 0xf7be, 0xffdf, 0xffdf, 0x8c71,
    0x0020, 0x0000, 0x8430, 0xf7be, 0xffdf, 0xf7be, 0xffdf, 0xffdf, 0xa514, 0x0841, 0x0000, 0x0020,
    0x0000, 0x0000, 0x0000, 0x0000, 0x0000, 0x1082, 0x2104, 0x2124, 0x18e4, 0x0862, 0x0000, 0x0000,
    0x0000, 0x0020, 0x0000, 0x0000, 0x0000, 0x0000, 0x0000, 0x0000, 0x0000, 0x0000, 0x0000, 0x0000,
    0x0021, 0x0000, 0x0000, 0x0821, 0x18e4, 0x2124, 0x1082, 0x0000, 0x0000, 0x0000, 0x0000, 0x0000,
    0x0000, 0x0000, 0x0800, 0x0800, 0x1000, 0x1800, 0x4820, 0xd347, 0xfcca, 0xf4aa, 0xf48a, 0xfcaa,
    0xf48a, 0x99a4, 0x2800, 0x1800, 0x1800, 0x1800, 0x1800, 0x2000, 0x5860, 0xe3e8, 0xfccb, 0xf48a,
    0xf48a, 0xfcca, 0xf4aa, 0x8943, 0x3000, 0x2000, 0x2000, 0x2000, 0x2000, 0x3800, 0x4860, 0x48a1,
    0x48a1, 0x4861, 0x3800, 0x2000, 0x1800, 0x1800, 0x1800, 0x1800, 0x1800, 0x1800, 0x1800, 0x1800,
    0x2800, 0x3800, 0x5061, 0x58a1, 0x58a1, 0x4861, 0x3000, 0x2000, 0x1800, 0x1800, 0x1800, 0x1000,
    0x1000, 0x1800, 0x1800, 0x1800, 0x1800, 0x1800, 0x3000, 0x4060, 0x48a1, 0x4861, 0x3800, 0x2800,
    0x2800, 0x2800, 0x2800, 0x2800, 0x2800, 0x2800, 0x2000, 0x2000, 0x1800, 0x1800, 0x1800, 0x1800,
    0x1800, 0x2000, 0x3000, 0x4840, 0x50a1, 0x50a1, 0x4861, 0x3800, 0x2000, 0x1800, 0x1800, 0x1000,
    0x1000, 0x0800, 0x0800, 0x0800, 0x0000, 0x0000, 0x0000, 0x0000, 0x0000, 0x0000, 0x1000, 0x7802,
    0xa803, 0xa003, 0x9803, 0x9003, 0x8803, 0x8803, 0x8803, 0x9003, 0x9002, 0x9002, 0x9802, 0x9802,
    0xa002, 0xa001, 0xa801, 0xa801, 0x5800, 0x0800, 0x0800, 0x1000, 0x1000, 0x1800, 0x1800, 0x1800,
    0x2000, 0x7803, 0x9804, 0xa804, 0xe8a7, 0xf928, 0xfb0c, 0xfefa, 0xf28a, 0xf020, 0xf0a0, 0xf0a1,
    0xf080, 0xc840, 0x3841, 0x0842, 0x0842, 0x0842, 0x0842, 0x0842, 0x0842, 0x0842, 0x0842, 0x0842,
    0x0842, 0x0842, 0x0842, 0x0842, 0x0842, 0x0842, 0x0842, 0x0842, 0x0842, 0x0842, 0x0842, 0x0842,
    0x0842, 0x0842, 0x0842, 0x0842, 0x0842, 0x0842, 0x0842, 0x0842, 0x0842, 0x0842, 0x0842, 0x0842,
    0x0842, 0x1041, 0x9041, 0xe060, 0xf0a0, 0xf0c1, 0xf060, 0xf144, 0xf699, 0xf4b0, 0xf968, 0xf0c7,
    0xd023, 0xb802, 0xa002, 0x4000, 0x2800, 0x2000, 0x2000, 0x2000, 0x1800, 0x2000, 0x2000, 0x2800,
    0x4000, 0xa0e2, 0xfd4c, 0xfac8, 0x9802, 0x1800, 0x1800, 0x2000, 0x2000, 0x3820, 0xb2e4, 0xfd89,
    0xfd28, 0xfd09, 0xfce8, 0xfcc8, 0xf4c8, 0xf4a8, 0xfca8, 0xf4a8, 0xf487, 0xf467, 0xf467, 0xf467,
    0xf467, 0xf447, 0xfc68, 0xfc47, 0xfc67, 0xfce9, 0xbb06, 0x4020, 0x1800, 0x1000, 0x0800, 0x0000,
    0x3000, 0xe166, 0xfae8, 0xb0c4, 0x3000, 0x1800, 0x1000, 0x0800, 0x0800, 0x0000, 0x0000, 0x0000,
    0x0841, 0xa514, 0xffdf, 0xffdf, 0xffbf, 0xffdf, 0xffdf, 0xdedb, 0xa534, 0xa514, 0xa514, 0xad55,
    0xd6ba, 0xffdf, 0xffdf, 0xf7be, 0xf7be, 0xffdf, 0xffdf, 0xdefc, 0x2125, 0x0000, 0x8410, 0xf7be,
    0xffdf, 0xffdf, 0xffdf, 0xffdf, 0xa514, 0x0841, 0x0000, 0x0000, 0x0000, 0x0021, 0x4208, 0x7bef,
    0xa534, 0xbdf7, 0xce59, 0xd69a, 0xce59, 0xb5b7, 0x9492, 0x52aa, 0x0861, 0x0000, 0x0000, 0x0000,
    0x0000, 0x10a2, 0x7bcf, 0x9492, 0x9492, 0x9492, 0x9492, 0x8410, 0x1082, 0x0861, 0x6b4d, 0xad75,
    0xce79, 0xd69a, 0xbdf7, 0x8451, 0x2966, 0x0000, 0x0000, 0x0000, 0x0000, 0x0000, 0x0800, 0x0800,
    0x1000, 0x2000, 0x4820, 0xd326, 0xfc8a, 0xf469, 0xf469, 0xfc89, 0xf48a, 0xa1a3, 0x3000, 0x2000,
    0x1800, 0x1800, 0x1800, 0x2000, 0x5860, 0xe3a8, 0xfcaa, 0xf46a, 0xf48a, 0xfcaa, 0xf46a, 0x8922,
    0x3000, 0x2000, 0x2000, 0x4820, 0x89c4, 0xbb27, 0xd3a8, 0xdbe9, 0xdbe8, 0xd3a8, 0xc348, 0x9a46,
    0x58c2, 0x2800, 0x1800, 0x2000, 0x2000, 0x2000, 0x4020, 0x7163, 0xa286, 0xc327, 0xdba8, 0xdc09,
    0xdc09, 0xd3c9, 0xc368, 0x9a66, 0x60e2, 0x2800, 0x1800, 0x1800, 0x1800, 0x1800, 0x2000, 0x2000,
    0x3800, 0x81a4, 0xbb07, 0xd3a8, 0xdbe8, 0xd3c9, 0xbb07, 0x8143, 0x4800, 0x8983, 0xb2e7, 0xb2e7,
    0xb2e7, 0xb307, 0x9a86, 0x4041, 0x1800, 0x2000, 0x2000, 0x2800, 0x4000, 0x7963, 0xb2a6, 0xd367,
    0xdbc8, 0xdbe9, 0xd3a8, 0xc327, 0x9204, 0x5061, 0x2000, 0x1800, 0x1800, 0x1000, 0x0800, 0x0800,
    0x0800, 0x0000, 0x0000, 0x0000, 0x0000, 0x0000, 0x4801, 0xe804, 0xf004, 0xe005, 0xd005, 0xc805,
    0xc004, 0xc004, 0xc804, 0xc804, 0xd004, 0xd003, 0xd803, 0xd803, 0xe002, 0xe802, 0xf002, 0xf802,
    0xd801, 0x2000, 0x0000, 0x1000, 0x1000, 0x1800, 0x1800, 0x1800, 0x2000, 0x7803, 0x9804, 0xa804,
    0xe8a7, 0xf928, 0xfb0b, 0xfef9, 0xf28a, 0xf020, 0xf0a0, 0xf0a1, 0xf080, 0xc840, 0x3041, 0x0842,
    0x0842, 0x0842, 0x0842, 0x0842, 0x0842, 0x0842, 0x0842, 0x0842, 0x0842, 0x0842, 0x0842, 0x0842,
    0x0842, 0x0842, 0x0842, 0x0842, 0x0842, 0x0842, 0x0842, 0x0842, 0x0842, 0x0842, 0x0842, 0x0842,
    0x0842, 0x0842, 0x0842, 0x0842, 0x0842, 0x0842, 0x0842, 0x0842, 0x0842, 0x1041, 0x9041, 0xe060,
    0xf0a0, 0xf0c1, 0xf060, 0xf144, 0xf699, 0xfcd0, 0xf168, 0xf0c7, 0xd022, 0xb801, 0xa002, 0x4000,
    0x2800, 0x2000, 0x2000, 0x2000, 0x2000, 0x2000, 0x2000, 0x2800, 0x4000, 0xa8e2, 0xfd2c, 0xf2a8,
    0x8001, 0x1800, 0x1800, 0x2000, 0x2800, 0x5840, 0xdc26, 0xfe2a, 0xfd49, 0xf4e8, 0xf4c8, 0xf4a7,
    0xf4a8, 0xf4a8, 0xf488, 0xf487, 0xf467, 0xf467, 0xf467, 0xf447, 0xfc47, 0xf448, 0xf448, 0xf468,
    0xf4a9, 0xfd4a, 0xdb86, 0x5020, 0x1800, 0x1000, 0x0800, 0x0000, 0x3000, 0xe166, 0xfaa8, 0xb0a4,
    0x3000, 0x1800, 0x1000, 0x0800, 0x0800, 0x0800, 0x0000, 0x0000, 0x0841, 0xa514, 0xffdf, 0xffdf,
    0xffbe, 0xffdf, 0xffdf, 0xa535, 0x18e3, 0x10a2, 0x10a2, 0x18c3, 0x2965, 0xa534, 0xf7be, 0xffdf,
    0xffdf, 0xffdf, 0xffdf, 0xf79e, 0x4a6a, 0x0020, 0x8410, 0xf7be, 0xffff, 0xffdf, 0xffdf, 0xffdf,
    0xa514, 0x0841, 0x0000, 0x0020, 0x4a49, 0xa535, 0xdefb, 0xf79e, 0xffdf, 0xffdf, 0xffdf, 0xffdf,
    0xffdf, 0xffdf, 0xffdf, 0xe71c, 0xad55, 0x3186, 0x0000, 0x0000, 0x0000, 0x2124, 0xdedb, 0xffdf,
    0xffbe, 0xf7be, 0xffdf, 0xe71c, 0x52aa, 0xa4f4, 0xef5d, 0xffdf, 0xffdf, 0xffdf, 0xffdf, 0xf7be,
    0xce7a, 0x526a, 0x0000, 0x0000, 0x0000, 0x0800, 0x0800, 0x0800, 0x1000, 0x2000, 0x4820, 0xd2e6,
    0xfc69, 0xf449, 0xf449, 0xfc69, 0xf469, 0xa1a3, 0x3000, 0x2000, 0x1800, 0x1800, 0x1800, 0x2000,
    0x6060, 0xe387, 0xfc69, 0xf449, 0xf449, 0xfc69, 0xf449, 0x9122, 0x3800, 0x3000, 0x68c1, 0xcb48,
    0xf48a, 0xfcaa, 0xfcaa, 0xfcaa, 0xfcaa, 0xfcaa, 0xfcaa, 0xf4aa, 0xdc29, 0x9a65, 0x4081, 0x1800,
    0x3820, 0x81c4, 0xcb68, 0xec6a, 0xf4ab, 0xfcaa, 0xfcaa, 0xfcaa, 0xfcaa, 0xfcaa, 0xfcca, 0xf4cb,
    0xe409, 0x91e4, 0x3800, 0x2000, 0x2000, 0x2000, 0x2000, 0x5061, 0xbac6, 0xec6a, 0xfc8a, 0xfc89,
    0xfc8a, 0xfcca, 0xfceb, 0xe46a, 0xb225, 0xd2c6, 0xfcca, 0xfcaa, 0xfc8a, 0xfccb, 0xec29, 0x60a1,
    0x2000, 0x2000, 0x3000, 0x68a1, 0xbac6, 0xec49, 0xfc69, 0xfc69, 0xfc69, 0xfc69, 0xfc69, 0xfc69,
    0xf489, 0xd387, 0x7943, 0x3000, 0x2000, 0x1800, 0x1000, 0x0800, 0x0800, 0x0000, 0x0000, 0x0000,
    0x0000, 0x0000, 0x3001, 0xd004, 0xe804, 0xd805, 0xc804, 0xc804, 0xc004, 0xc004, 0xc804, 0xc804,
    0xc804, 0xd004, 0xd803, 0xd803, 0xe002, 0xe802, 0xf802, 0xf802, 0xb801, 0x1800, 0x0800, 0x1000,
    0x1000, 0x1800, 0x1800, 0x1800, 0x2800, 0x7803, 0xa004, 0xa804, 0xe8a7, 0xf928, 0xfb0b, 0xfef9,
    0xf28a, 0xf020, 0xf0a0, 0xf0a1, 0xf080, 0xd040, 0x3841, 0x0842, 0x0842, 0x0842, 0x0842, 0x0842,
    0x0842, 0x0842, 0x0842, 0x0842, 0x0842, 0x0842, 0x0842, 0x0842, 0x0842, 0x0842, 0x0842, 0x0842,
    0x0842, 0x0842, 0x0842, 0x0842, 0x0842, 0x0842, 0x0842, 0x0842, 0x0842, 0x0842, 0x0842, 0x0842,
    0x0842, 0x0842, 0x0842, 0x0842, 0x0842, 0x1841, 0x9840, 0xe060, 0xf0a1, 0xf0c1, 0xf040, 0xf123,
    0xf698, 0xfcb0, 0xf968, 0xf0c7, 0xd022, 0xb801, 0xa002, 0x4000, 0x2800, 0x2800, 0x2000, 0x2000,
    0x2000, 0x2000, 0x2000, 0x2800, 0x4000, 0xa8e2, 0xfd2c, 0xf288, 0x8001, 0x1800, 0x1800, 0x2000,
    0x3000, 0x6840, 0xdc26, 0xfda9, 0xfd69, 0xf528, 0xf528, 0xf509, 0xf509, 0xf509, 0xf509, 0xf4e9,
    0xf4e9, 0xf4c9, 0xf4c9, 0xf4aa, 0xf4a9, 0xf489, 0xf469, 0xf489, 0xfca9, 0xfca9, 0xdb05, 0x5020,
    0x1800, 0x1000, 0x0800, 0x0000, 0x3800, 0xe166, 0xfaa7, 0xb0a4, 0x3000, 0x1800, 0x1000, 0x0800,
    0x0800, 0x0000, 0x0000, 0x0000, 0x0841, 0xa514, 0xffdf, 0xffdf, 0xf7be, 0xffdf, 0xffdf, 0x9cf4,
    0x0000, 0x0000, 0x0000, 0x0000, 0x0000, 0x39c7, 0xe73c, 0xffdf, 0xffdf, 0xffde, 0xffdf, 0xf79e,
    0x6b4d, 0x0841, 0x8430, 0xf7be, 0xffff, 0xffdf, 0xffdf, 0xffdf, 0x9cf4, 0x0841, 0x0000, 0x0861,
    0xad55, 0xffdf, 0xffdf, 0xffdf, 0xffdf, 0xffdf, 0xffdf, 0xffdf, 0xffdf, 0xffdf, 0xffdf, 0xffdf,
    0xffdf, 0xc638, 0x2966, 0x0000, 0x0000, 0x2925, 0xdedb, 0xffdf, 0xffdf, 0xffdf, 0xffdf, 0xf79e,
    0xd6bb, 0xffbf, 0xffdf, 0xffdf, 0xffdf, 0xffdf, 0xffdf, 0xffdf, 0xffdf, 0xdebb, 0x31a6, 0x0000,
    0x0000, 0x0800, 0x0800, 0x1000, 0x1000, 0x2000, 0x5020, 0xd2c6, 0xfc29, 0xf408, 0xf408, 0xfc29,
    0xfc49, 0xa9a3, 0x3800, 0x2000, 0x1800, 0x1800, 0x2000, 0x2000, 0x6840, 0xe367, 0xfc29, 0xf428,
    0xf428, 0xfc49, 0xf429, 0x9902, 0x4800, 0x6860, 0xd327, 0xfcaa, 0xfc69, 0xfc49, 0xfc29, 0xfc49,
    0xfc49, 0xfc29, 0xfc29, 0xfc49, 0xfcaa, 0xf46a, 0x7922, 0x1800, 0x5081, 0xe3c8, 0xfceb, 0xfc8a,
    0xfc6a, 0xfc69, 0xfc49, 0xfc49, 0xfc49, 0xfc49, 0xfc49, 0xfc69, 0xfc89, 0xf449, 0xa1c4, 0x3800,
    0x2800, 0x2800, 0x5040, 0xcae6, 0xfc89, 0xfc69, 0xfc29, 0xfc28, 0xf429, 0xfc49, 0xfc69, 0xfcaa,
    0xf429, 0xf3e8, 0xfc69, 0xfc49, 0xfc49, 0xfc89, 0xf3c8, 0x7881, 0x3000, 0x2800, 0x6881, 0xdb27,
    0xfc69, 0xfc49, 0xfc29, 0xfc28, 0xfc28, 0xfc08, 0xf3e8, 0xfc08, 0xfc49, 0xfc89, 0xebc8, 0x8943,
    0x3000, 0x1800, 0x1000, 0x1000, 0x0800, 0x0800, 0x0000, 0x0000, 0x0000, 0x0000, 0x0000, 0x3001,
    0x5001, 0x5001, 0x4801, 0x4801, 0x4802, 0x4802, 0x4802, 0x4801, 0x5001, 0x5001, 0x5001, 0x5001,
    0x5001, 0x5800, 0x6000, 0x5800, 0x2800, 0x0800, 0x1000, 0x1000, 0x1000, 0x1800, 0x1800, 0x1800,
    0x2800, 0x8003, 0xa004, 0xb004, 0xe8a7, 0xf928, 0xf32b, 0xfefa, 0xf28a, 0xf020, 0xf0a0, 0xf0c1,
    0xf080, 0xd040, 0x4041, 0x0842, 0x0842, 0x0842, 0x0842, 0x0842, 0x0842, 0x0842, 0x0842, 0x0842,
    0x0842, 0x0842, 0x0842, 0x0842, 0x0842, 0x0842, 0x0842, 0x0842, 0x0842, 0x0842, 0x0842, 0x0842,
    0x0842, 0x0842, 0x0842, 0x0842, 0x0842, 0x0842, 0x0842, 0x0842, 0x0842, 0x0842, 0x0842, 0x0842,
    0x0842, 0x1841, 0x9040, 0xe060, 0xf0a1, 0xf0c1, 0xf040, 0xf123, 0xf699, 0xfcb0, 0xf948, 0xf0a7,
    0xc822, 0xb801, 0xa002, 0x4000, 0x2800, 0x2800, 0x2000, 0x2000, 0x1800, 0x2000, 0x2000, 0x2800,
    0x4800, 0xa8e2, 0xfd0b, 0xfa88, 0x8801, 0x2000, 0x1800, 0x2000, 0x3000, 0x6840, 0xe426, 0xfda8,
    0xfce7, 0xf4a7, 0xf4a7, 0xf4a8, 0xfca8, 0xf488, 0xf488, 0xf468, 0xf448, 0xf448, 0xf428, 0xf408,
    0xf3e8, 0xf3c7, 0xf3a7, 0xf3c7, 0xfbe7, 0xfc68, 0xdb05, 0x4820, 0x1800, 0x1000, 0x0800, 0x0000,
    0x4000, 0xe166, 0xfa87, 0xb0a4, 0x3000, 0x1800, 0x1000, 0x0800, 0x0800, 0x0800, 0x0000, 0x0000,
    0x0841, 0xa514, 0xffdf, 0xffdf, 0xf7be, 0xffdf, 0xffdf, 0xa534, 0x0841, 0x0000, 0x0020, 0x0000,
    0x0000, 0x2104, 0xe71c, 0xffdf, 0xffdf, 0xffbe, 0xffdf, 0xf79e, 0x6b6d, 0x0841, 0x8410, 0xf7be,
    0xffff, 0xffdf, 0xffdf, 0xffdf, 0xa514, 0x0841, 0x0000, 0x0020, 0x5aeb, 0xf79e, 0xffdf, 0xffdf,
    0xffdf, 0xffdf, 0xffdf, 0xffdf, 0xffdf, 0xffdf, 0xffdf, 0xffdf, 0xffdf, 0xffdf, 0x9cd3, 0x0841,
    0x0000, 0x2124, 0xd6ba, 0xffdf, 0xffdf, 0xffbf, 0xf7be, 0xffbf, 0xffdf, 0xffdf, 0xffdf, 0xffdf,
    0xf7be, 0xf7be, 0xf7be, 0xf7be, 0xffdf, 0xffdf, 0x9492, 0x0821, 0x0000, 0x0800, 0x0800, 0x1000,
    0x1800, 0x2000, 0x5020, 0xdaa6, 0xfc08, 0xf3e8, 0xf3c8, 0xfc08, 0xfc08, 0xa983, 0x3800, 0x2000,
    0x2000, 0x1800, 0x2000, 0x2000, 0x6840, 0xe326, 0xfc08, 0xf3e8, 0xf3e8, 0xfc08, 0xf3e8, 0x98e2,
    0x4800, 0xa983, 0xfc28, 0xfc28, 0xf3e8, 0xfc08, 0xfc29, 0xfc28, 0xfc29, 0xfc49, 0xfc49, 0xfc08,
    0xfc29, 0xd2a6, 0x5861, 0x2000, 0x4820, 0xc224, 0xfc49, 0xfc29, 0xfc49, 0xfc89, 0xfc89, 0xfc69,
    0xfc69, 0xf429, 0xf3e8, 0xf3e8, 0xf3e8, 0xfc69, 0xebc8, 0x78c1, 0x3000, 0x4000, 0xb1e4, 0xfc49,
    0xfc28, 0xf3c8, 0xf3e8, 0xf408, 0xfc29, 0xfc49, 0xfc69, 0xfc49, 0xfc29, 0xfc28, 0xf3e8, 0xf3e8,
    0xf408, 0xfc29, 0xf367, 0x8881, 0x4000, 0x6020, 0xd265, 0xfc08, 0xfbe8, 0xf3c8, 0xf3c8, 0xfc28,
    0xfc08, 0xfc08, 0xfc08, 0xf3e8, 0xf3c8, 0xfbc8, 0xfc29, 0xe347, 0x6881, 0x2800, 0x1800, 0x1000,
    0x0800, 0x0800, 0x0000, 0x0000, 0x0000, 0x0000, 0x0000, 0x0000, 0x0000, 0x0000, 0x0000, 0x0000,
    0x0000, 0x0000, 0x0000, 0x0000, 0x0000, 0x0000, 0x0000, 0x0000, 0x0000, 0x0000, 0x0000, 0x0000,
    0x0000, 0x0800, 0x1000, 0x1000, 0x1000, 0x1800, 0x1800, 0x1800, 0x2800, 0x8003, 0xa004, 0xb004,
    0xe8a7, 0xf927, 0xf30b, 0xfefa, 0xf28a, 0xf020, 0xf0a0, 0xf0a1, 0xf080, 0xd040, 0x4041, 0x0842,
    0x0842, 0x0842, 0x0842, 0x0842, 0x0842, 0x0842, 0x0842, 0x0842, 0x0842, 0x0842, 0x0842, 0x0842,
    0x0842, 0x0842, 0x0842, 0x0842, 0x0842, 0x0842, 0x0842, 0x0842, 0x0842, 0x0842, 0x0842, 0x0842,
    0x0842, 0x0842, 0x0842, 0x0842, 0x0842, 0x0842, 0x0842, 0x0842, 0x0842, 0x1041, 0x8840, 0xe060,
    0xe8a1, 0xf0e1, 0xf060, 0xf124, 0xfe99, 0xfcb0, 0xf947, 0xf0a7, 0xc822, 0xb801, 0xa002, 0x4000,
    0x2800, 0x2800, 0x2000, 0x2000, 0x2000, 0x2000, 0x2000, 0x2800, 0x4800, 0xb0c2, 0xfceb, 0xfa68,
    0x9801, 0x2800, 0x2000, 0x2800, 0x3800, 0x5000, 0xa1a2, 0xeca5, 0xfd67, 0xfce7, 0xfc87, 0xfc47,
    0xfc47, 0xf406, 0xf3c6, 0xf3a6, 0xf386, 0xf366, 0xf366, 0xf366, 0xf366, 0xf367, 0xfb87, 0xfbc7,
    0xfc07, 0xf3a6, 0x9162, 0x3000, 0x2000, 0x1800, 0x1000, 0x0800, 0x4000, 0xe146, 0xfa67, 0xb083,
    0x3000, 0x2000, 0x1000, 0x1000, 0x0800, 0x0800, 0x0000, 0x0000, 0x0841, 0xa514, 0xffdf, 0xffdf,
    0xf7bf, 0xffdf, 0xffdf, 0x9cf3, 0x0000, 0x0000, 0x0000, 0x0000, 0x0020, 0x7bcf, 0xf79e, 0xffdf,
    0xf7be, 0xffdf, 0xffdf, 0xf79e, 0x5acb, 0x0021, 0x8410, 0xf7be, 0xffff, 0xffdf, 0xffdf, 0xffdf,
    0xa514, 0x0841, 0x0000, 0x0000, 0x0861, 0xad55, 0xffdf, 0xf79e, 0xc618, 0xa514, 0x9cd3, 0xad75,
    0xe73c, 0xffdf, 0xffdf, 0xf7be, 0xf7be, 0xffdf, 0xe73c, 0x3186, 0x0000, 0x2125, 0xd6ba, 0xffdf,
    0xffdf, 0xf7be, 0xf7be, 0xffbf, 0xffdf, 0xffdf, 0xffdf, 0xffdf, 0xffdf, 0xf7be, 0xf7be, 0xf7be,
    0xffdf, 0xffdf, 0xce79, 0x18c3, 0x0000, 0x0800, 0x0800, 0x1000, 0x1800, 0x2000, 0x5020, 0xda85,
    0xfbc8, 0xf3a7, 0xf3a7, 0xfbc8, 0xfba8, 0xa963, 0x3800, 0x2000, 0x2000, 0x1800, 0x2000, 0x2000,
    0x6840, 0xeb06, 0xfbe8, 0xf3c8, 0xf3c8, 0xfbc8, 0xf387, 0x90c1, 0x6000, 0xda85, 0xfc08, 0xfbc8,
    0xfbc8, 0xfbe8, 0xe2e6, 0xb142, 0xb142, 0xca04, 0xeb06, 0xfc08, 0xf326, 0x7061, 0x2000, 0x2000,
    0x3000, 0x7040, 0xeb47, 0xfc49, 0xf367, 0xd285, 0xc204, 0xc1e4, 0xda65, 0xf387, 0xf3e8, 0xf3c8,
    0xf3c8, 0xfbc8, 0xfc29, 0xb9c4, 0x4800, 0x7880, 0xeb47, 0xfbe8, 0xf3a7, 0xf3c7, 0xf3c8, 0xfc08,
    0xfbc8, 0xf306, 0xf306, 0xfb87, 0xfbe8, 0xf3a8, 0xf3c8, 0xf3c8, 0xf3c8, 0xfbe8, 0xf347, 0x8861,
    0x5800, 0xb163, 0xfbc8, 0xfb87, 0xf387, 0xf388, 0xfba8, 0xeac5, 0xb983, 0xb143, 0xda45, 0xfba8,
    0xf3a8, 0xf387, 0xfba8, 0xfbe8, 0xb9e4, 0x4000, 0x2000, 0x1000, 0x0800, 0x0800, 0x0800, 0x0000,
    0x0000, 0x0000, 0x0000, 0x4801, 0x7802, 0x7002, 0x7002, 0x6802, 0x6002, 0x6002, 0x6002, 0x6802,
    0x6802, 0x6802, 0x6802, 0x6801, 0x7001, 0x7001, 0x8001, 0x8001, 0x3800, 0x0800, 0x0800, 0x1000,
    0x1000, 0x1800, 0x1800, 0x1800, 0x2800, 0x8003, 0xa804, 0xb804, 0xe8a7, 0xf927, 0xfb0b, 0xfef9,
    0xf28a, 0xf020, 0xf0a0, 0xf0a1, 0xe880, 0xd040, 0x4041, 0x0842, 0x0842, 0x0842, 0x0842, 0x0842,
    0x0842, 0x0842, 0x0842, 0x0842, 0x0842, 0x0842, 0x0842, 0x0842, 0x0842, 0x0842, 0x0842, 0x0842,
    0x0842, 0x0842, 0x0842, 0x0842, 0x0842, 0x0842, 0x0842, 0x0842, 0x0842, 0x0842, 0x0842, 0x0842,
    0x0842, 0x0842, 0x0842, 0x0842, 0x0842, 0x1841, 0x9040, 0xd860, 0xe8a1, 0xf0e1, 0xf060, 0xf124,
    0xfe99, 0xfc90, 0xf927, 0xf0a7, 0xd022, 0xb801, 0xa002, 0x4000, 0x2800, 0x2800, 0x2000, 0x2000,
    0x1800, 0x2000, 0x2000, 0x2800, 0x4800, 0xb0c2, 0xfcca, 0xfa47, 0xa001, 0x3000, 0x2000, 0x2800,
    0x3000, 0x4000, 0x7840, 0xa0e0, 0xcaa3, 0xec26, 0xfca6, 0xfca6, 0xfc67, 0xfc47, 0xfc07, 0xfbe6,
    0xfbc6, 0xfba6, 0xfb86, 0xfba6, 0xfba6, 0xfba7, 0xfb66, 0xe2e5, 0xc224, 0xa0e1, 0x7060, 0x3800,
    0x2000, 0x1800, 0x1000, 0x0800, 0x4000, 0xe126, 0xfa47, 0xb883, 0x3800, 0x2000, 0x1800, 0x1000,
    0x0800, 0x0800, 0x0000, 0x0000, 0x0841, 0xa514, 0xffdf, 0xffdf, 0xf7be, 0xffdf, 0xffdf, 0xc638,
    0x6b6e, 0x6b4d, 0x6b4d, 0x738e, 0xa514, 0xe73c, 0xffdf, 0xffdf, 0xf7be, 0xffbf, 0xffdf, 0xe73c,
    0x2966, 0x0000, 0x8410, 0xf7be, 0xffff, 0xffdf, 0xffdf, 0xffdf, 0xa514, 0x0841, 0x0000, 0x0000,
    0x0000, 0x39c7, 0x8410, 0x39e7, 0x18e4, 0x1082, 0x0861, 0x10a2, 0x39c7, 0xce59, 0xffdf, 0xffdf,
    0xf7be, 0xffdf, 0xf7be, 0x630c, 0x0000, 0x2124, 0xd6ba, 0xffdf, 0xffdf, 0xffbe, 0xffdf, 0xffdf,
    0xf79e, 0x9492, 0x52aa, 0x73ae, 0xdedb, 0xffdf, 0xffdf, 0xf7de, 0xffdf, 0xffdf, 0xe71c, 0x3166,
    0x0000, 0x0000, 0x0800, 0x1000, 0x1800, 0x2000, 0x5820, 0xda45, 0xfb87, 0xf367, 0xf367, 0xfb88,
    0xfb87, 0xa943, 0x3800, 0x2000, 0x2000, 0x1800, 0x2000, 0x2800, 0x6840, 0xeae6, 0xfba8, 0xf387,
    0xf367, 0xfb87, 0xf347, 0x98c1, 0x8020, 0xeaa6, 0xfbc8, 0xf387, 0xf387, 0xfba8, 0xe285, 0x8840,
    0x6000, 0x5000, 0x7081, 0xb163, 0x9902, 0x3000, 0x2000, 0x2000, 0x2800, 0x4000, 0x9922, 0xb1a4,
    0x78a1, 0x5020, 0x4800, 0x4800, 0x6020, 0xb102, 0xf387, 0xfbc8, 0xfba8, 0xfb87, 0xfba8, 0xda65,
    0x7020, 0xb142, 0xfbc8, 0xfba7, 0xf387, 0xf3a7, 0xfbc7, 0xfb27, 0xc163, 0x8881, 0x8081, 0xa0e2,
    0xe285, 0xfba8, 0xf3a7, 0xf3a7, 0xf3a7, 0xfba8, 0xf307, 0x8860, 0x7800, 0xe285, 0xfba8, 0xf367,
    0xf367, 0xfb87, 0xe285, 0x8881, 0x4800, 0x4000, 0x6840, 0xd1e4, 0xfb87, 0xfb67, 0xf367, 0xfb88,
    0xeb07, 0x6861, 0x2000, 0x1000, 0x1000, 0x0800, 0x0800, 0x0000, 0x0000, 0x0000, 0x3001, 0xd004,
    0xe805, 0xd804, 0xd005, 0xc005, 0xc005, 0xc005, 0xc005, 0xc004, 0xc004, 0xc004, 0xc803, 0xd003,
    0xd803, 0xe002, 0xe802, 0xf002, 0xc802, 0x1800, 0x0000, 0x1000, 0x1000, 0x1800, 0x1800, 0x1800,
    0x2800, 0x8003, 0xa804, 0xb803, 0xe8a7, 0xf927, 0xfb0b, 0xfed9, 0xf28a, 0xf020, 0xf0a0, 0xf0a1,
    0xe880, 0xd040, 0x4041, 0x0842, 0x0842, 0x0842, 0x0842, 0x0842, 0x0842, 0x0842, 0x0842, 0x0842,
    0x0842, 0x0842, 0x0842, 0x0842, 0x0842, 0x0842, 0x0842, 0x0842, 0x0842, 0x0842, 0x0842, 0x0842,
    0x0842, 0x0842, 0x0842, 0x0842, 0x0842, 0x0842, 0x0842, 0x0842, 0x0842, 0x0842, 0x0842, 0x0842,
    0x0842, 0x1041, 0x8840, 0xd860, 0xe8a1, 0xf0e1, 0xf060, 0xf124, 0xf699, 0xfc90, 0xf927, 0xf0a7,
    0xc822, 0xb802, 0xa002, 0x4000, 0x2800, 0x2800, 0x2000, 0x2000, 0x1800, 0x2000, 0x2000, 0x2800,
    0x4800, 0xa8a2, 0xfcaa, 0xfa67, 0xa001, 0x3000, 0x2000, 0x2000, 0x2800, 0x5020, 0xc302, 0xca82,
    0xa8c0, 0xa0a0, 0xa101, 0xa982, 0xba02, 0xc263, 0xd284, 0xd2a4, 0xd283, 0xd263, 0xca23, 0xc203,
    0xb1a2, 0x9122, 0x80a1, 0x7060, 0x8080, 0xc203, 0xcaa4, 0x5020, 0x2000, 0x1800, 0x1000, 0x0800,
    0x3800, 0xe126, 0xfa26, 0xb883, 0x3800, 0x2000, 0x1800, 0x1000, 0x0800, 0x0800, 0x0800, 0x0000,
    0x0841, 0xa514, 0xffdf, 0xffdf, 0xf7be, 0xffbe, 0xffbe, 0xf7be, 0xef5d, 0xef5d, 0xef5d, 0xef7d,
    0xffdf, 0xffdf, 0xffdf, 0xf7be, 0xf7be, 0xffdf, 0xffdf, 0xa514, 0x0841, 0x0000, 0x8410, 0xf7be,
    0xffdf, 0xf7be, 0xffdf, 0xffdf, 0xa514, 0x0841, 0x0000, 0x0021, 0x0000, 0x0000, 0x1082, 0x2125,
    0x4a29, 0x5acb, 0x5acb, 0x4208, 0x18e3, 0x9492, 0xf7be, 0xffdf, 0xf7be, 0xffdf, 0xf7be, 0x738e,
    0x0000, 0x2104, 0xd6ba, 0xffdf, 0xffdf, 0xffdf, 0xffff, 0xf7be, 0x9472, 0x10a2, 0x0000, 0x0020,
    0x6b6d, 0xf79e, 0xffdf, 0xffdf, 0xffdf, 0xffdf, 0xe73c, 0x39a7, 0x0000, 0x0800, 0x0800, 0x1000,
    0x1800, 0x2000, 0x5020, 0xda25, 0xfb47, 0xf347, 0xf347, 0xfb47, 0xfb47, 0xa922, 0x3800, 0x2000,
    0x2000, 0x1800, 0x2000, 0x2800, 0x6840, 0xea85, 0xfb47, 0xf347, 0xf347, 0xfb67, 0xf347, 0xa0c2,
    0x7800, 0xe225, 0xfb67, 0xf347, 0xf347, 0xf367, 0xf367, 0xe2c6, 0xb9e4, 0x9943, 0x7881, 0x6000,
    0x3800, 0x2800, 0x2800, 0x2800, 0x2800, 0x3000, 0x4800, 0x6800, 0x78a1, 0x8943, 0x9163, 0x8942,
    0x80c1, 0x9060, 0xeaa6, 0xfba8, 0xfb88, 0xf367, 0xfb67, 0xe265, 0x9020, 0xc9c3, 0xfba7, 0xf367,
    0xf367, 0xfb67, 0xfb67, 0xc963, 0x5800, 0x3800, 0x3800, 0x4800, 0x9881, 0xf2e6, 0xfb87, 0xf367,
    0xf367, 0xfb88, 0xf2e6, 0x9040, 0xa060, 0xf2e6, 0xfb47, 0xf347, 0xfb67, 0xfb67, 0xc983, 0x7020,
    0x6020, 0x5840, 0x6020, 0xa8e1, 0xf327, 0xfb67, 0xf347, 0xfb47, 0xfb27, 0x90e2, 0x2800, 0x1800,
    0x1000, 0x0800, 0x0800, 0x0000, 0x0000, 0x0000, 0x3001, 0xe005, 0xf805, 0xe005, 0xd805, 0xd005,
    0xd005, 0xd005, 0xd005, 0xd005, 0xd004, 0xd004, 0xd804, 0xe003, 0xe803, 0xf003, 0xf802, 0xf802,
    0xc802, 0x1800, 0x0000, 0x1000, 0x1000, 0x1800, 0x1800, 0x1800, 0x2800, 0x8003, 0xa803, 0xb803,
    0xe8a7, 0xf927, 0xfb0b, 0xfef9, 0xf28a, 0xf020, 0xf0a0, 0xf0a1, 0xf060, 0xd040, 0x4041, 0x0842,
    0x0842, 0x0842, 0x0842, 0x0842, 0x0842, 0x0842, 0x0842, 0x0842, 0x0842, 0x0842, 0x0842, 0x0842,
    0x0842, 0x0842, 0x0842, 0x0842, 0x0842, 0x0842, 0x0842, 0x0842, 0x0842, 0x0842, 0x0842, 0x0842,
    0x0842, 0x0842, 0x0842, 0x0842, 0x0842, 0x0842, 0x0842, 0x0842, 0x0842, 0x1041, 0x8040, 0xe060,
    0xe8a1, 0xf0e1, 0xf060, 0xf123, 0xfe99, 0xfc90, 0xf927, 0xf0a7, 0xc822, 0xb802, 0x9802, 0x4000,
    0x2800, 0x2800, 0x2000, 0x2000, 0x2000, 0x2000, 0x2000, 0x2800, 0x4800, 0xa8a2, 0xfc89, 0xfa47,
    0x9802, 0x2800, 0x2000, 0x2800, 0x3000, 0x7040, 0xe3e3, 0xfd66, 0xe3e4, 0xca82, 0xa981, 0x98e0,
    0x8880, 0x8860, 0x8040, 0x7840, 0x6820, 0x6820, 0x6820, 0x6840, 0x6860, 0x70a0, 0x8921, 0xa9e2,
    0xdac4, 0xf407, 0xe326, 0x5820, 0x2000, 0x1000, 0x0800, 0x0000, 0x4000, 0xe106, 0xfa06, 0xb883,
    0x4000, 0x2000, 0x1800, 0x1000, 0x0800, 0x0800, 0x0000, 0x0000, 0x0841, 0xa514, 0xffdf, 0xffdf,
    0xf7be, 0xffbe, 0xf7be, 0xffdf, 0xffdf, 0xffdf, 0xffdf, 0xffdf, 0xffdf, 0xf7bf, 0xf7be, 0xffdf,
    0xffdf, 0xffdf, 0xd6ba, 0x3186, 0x0000, 0x0020, 0x8410, 0xf7be, 0xffdf, 0xf7be, 0xffdf, 0xffdf,
    0xa514, 0x0841, 0x0000, 0x0000, 0x1082, 0x632d, 0xad75, 0xd69a, 0xdefc, 0xe73c, 0xe73c, 0xdefb,
    0xce59, 0xd6ba, 0xf7be, 0xf7de, 0xf7be, 0xffdf, 0xf7be, 0x73ae, 0x0000, 0x2124, 0xd6ba, 0xffdf,
    0xffdf, 0xffdf, 0xffff, 0xef7d, 0x4208, 0x0000, 0x0000, 0x0000, 0x3186, 0xe75c, 0xffdf, 0xffbf,
    0xffdf, 0xffdf, 0xe73c, 0x39c7, 0x0000, 0x0000, 0x0800, 0x1000, 0x1800, 0x2000, 0x5020, 0xda05,
    0xfb27, 0xf307, 0xf306, 0xfb07, 0xfb07, 0xa902, 0x3800, 0x2000, 0x2000, 0x2000, 0x2000, 0x2800,
    0x6820, 0xe265, 0xfb27, 0xf307, 0xf307, 0xfb47, 0xf306, 0xa0c1, 0x5800, 0xb922, 0xfb07, 0xfb27,
    0xf307, 0xfb27, 0xfb47, 0xfb67, 0xfb47, 0xf327, 0xe2e6, 0xc205, 0x88e2, 0x4800, 0x2800, 0x2800,
    0x3000, 0x5820, 0xa163, 0xca65, 0xe327, 0xf367, 0xf347, 0xf327, 0xeb06, 0xe2a6, 0xf2e7, 0xfb47,
    0xf347, 0xf327, 0xfb47, 0xe245, 0xa040, 0xd9e4, 0xfb67, 0xf346, 0xf346, 0xfb47, 0xf2e6, 0x9081,
    0x3000, 0x2800, 0x2800, 0x3000, 0x6800, 0xe1e4, 0xfb47, 0xf346, 0xf326, 0xfb47, 0xf2a6, 0xa040,
    0xb8c1, 0xf307, 0xfb07, 0xf307, 0xf307, 0xf307, 0xeaa6, 0xda66, 0xda65, 0xda86, 0xda86, 0xe286,
    0xf2e7, 0xf307, 0xf307, 0xfb07, 0xfb27, 0xa943, 0x3000, 0x1800, 0x1000, 0x0800, 0x0800, 0x0000,
    0x0000, 0x0000, 0x0800, 0x4801, 0x7002, 0x6802, 0x6002, 0x6002, 0x6002, 0x6002, 0x6002, 0x6002,
    0x6002, 0x6002, 0x6802, 0x6801, 0x7001, 0x7001, 0x7801, 0x7801, 0x4000, 0x0800, 0x0800, 0x1000,
    0x1000, 0x1800, 0x1800, 0x1800, 0x2800, 0x8003, 0xa804, 0xb803, 0xe8a7, 0xf927, 0xfb0b, 0xfef9,
    0xf28a, 0xf000, 0xf0a0, 0xf0a1, 0xf080, 0xd840, 0x4041, 0x0842, 0x0842, 0x0842, 0x0842, 0x0842,
    0x0842, 0x0842, 0x0842, 0x0842, 0x0842, 0x0842, 0x0842, 0x0842, 0x0842, 0x0842, 0x0842, 0x0842,
    0x0842, 0x0842, 0x0842, 0x0842, 0x0842, 0x0842, 0x0842, 0x0842, 0x0842, 0x0842, 0x0842, 0x0842,
    0x0842, 0x0842, 0x0842, 0x0842, 0x0842, 0x1041, 0x8840, 0xd860, 0xe8a1, 0xf0c1, 0xf060, 0xf124,
    0xfe99, 0xfc90, 0xf927, 0xf087, 0xc822, 0xb002, 0x9802, 0x4000, 0x2800, 0x2800, 0x2000, 0x2000,
    0x2000, 0x2000, 0x2800, 0x2800, 0x4800, 0xa881, 0xfc69, 0xfa47, 0x9802, 0x2800, 0x2000, 0x2800,
    0x3800, 0x7820, 0xe3a4, 0xfd27, 0xfca6, 0xfc45, 0xf405, 0xe3a5, 0xdb65, 0xdb04, 0xd2c4, 0xc283,
    0xc263, 0xba43, 0xc243, 0xca83, 0xd2a4, 0xdae4, 0xeb25, 0xfb46, 0xfb86, 0xfbc7, 0xda84, 0x4820,
    0x1800, 0x1000, 0x0800, 0x0800, 0x4000, 0xe106, 0xf9e6, 0xb883, 0x4000, 0x2000, 0x1800, 0x1000,
    0x0800, 0x0800, 0x0000, 0x0000, 0x0841, 0xa514, 0xffdf, 0xffdf, 0xf7be, 0xffdf, 0xffbe, 0xffbf,
    0xffbf, 0xffdf, 0xffdf, 0xffdf, 0xffdf, 0xffdf, 0xffdf, 0xffdf, 0xffdf, 0xce7a, 0x4a49, 0x0000,
    0x0000, 0x0020, 0x8410, 0xf7be, 0xffdf, 0xffdf, 0xffdf, 0xffdf, 0xa514, 0x0841, 0x0000, 0x10a2,
    0x9cd3, 0xef5d, 0xffdf, 0xffdf, 0xffdf, 0xffdf, 0xffff, 0xffdf, 0xffdf, 0xffdf, 0xffdf, 0xffdf,
    0xffdf, 0xffdf, 0xf7be, 0x73ae, 0x0000, 0x2125, 0xd6ba, 0xffdf, 0xffdf, 0xf7be, 0xffdf, 0xef5d,
    0x31c7, 0x0000, 0x0000, 0x0000, 0x3186, 0xe71c, 0xffdf, 0xffdf, 0xffdf, 0xffdf, 0xe73c, 0x39a7,
    0x0000, 0x0000, 0x0800, 0x1000, 0x1800, 0x2000, 0x5000, 0xda05, 0xfae7, 0xf2c7, 0xf2c6, 0xfac7,
    0xfac7, 0xb102, 0x3800, 0x2000, 0x2000, 0x2000, 0x2000, 0x2800, 0x6840, 0xea45, 0xfae7, 0xf2c7,
    0xf2c7, 0xfae7, 0xf2c7, 0xa0a1, 0x4800, 0x7820, 0xe1e4, 0xfb27, 0xfb27, 0xf2e7, 0xf2e7, 0xf306,
    0xfb06, 0xfb27, 0xfb27, 0xfb27, 0xeae6, 0xa122, 0x4000, 0x3800, 0x6840, 0xca04, 0xf306, 0xfb47,
    0xfb68, 0xfb68, 0xfb88, 0xfb88, 0xfb88, 0xfb68, 0xfb27, 0xf307, 0xf307, 0xf307, 0xfb27, 0xea45,
    0xb040, 0xe1c4, 0xfb26, 0xf306, 0xf306, 0xfb26, 0xf2a5, 0x8860, 0x3800, 0x2800, 0x2800, 0x3000,
    0x5800, 0xd1a3, 0xfb07, 0xf306, 0xf306, 0xfb07, 0xf286, 0xa840, 0xc0e1, 0xf2e6, 0xf2c7, 0xf2c6,
    0xf2c6, 0xf2c6, 0xfb07, 0xfb27, 0xfb27, 0xfb27, 0xfb47, 0xfb27, 0xfae7, 0xf2e7, 0xfae7, 0xfae7,
    0xfb07, 0xb963, 0x3000, 0x1800, 0x1000, 0x0800, 0x0800, 0x0000, 0x0000, 0x0000, 0x0000, 0x0000,
    0x0000, 0x0000, 0x0000, 0x0000, 0x0000, 0x0000, 0x0000, 0x0000, 0x0000, 0x0000, 0x0000, 0x0000,
    0x0000, 0x0000, 0x0000, 0x0000, 0x0000, 0x0800, 0x1000, 0x1000, 0x1000, 0x1800, 0x1800, 0x1800,
    0x2800, 0x8003, 0xa803, 0xc003, 0xe8a7, 0xf927, 0xfb0b, 0xfef9, 0xf28a, 0xf000, 0xf0a0, 0xf0a1,
    0xf080, 0xd860, 0x4041, 0x0842, 0x0842, 0x0842, 0x0842, 0x0842, 0x0842, 0x0842, 0x0842, 0x0842,
    0x0842, 0x0842, 0x0842, 0x0842, 0x0842, 0x0842, 0x0842, 0x0842, 0x0842, 0x0842, 0x0842, 0x0842,
    0x0842, 0x0842, 0x0842, 0x0842, 0x0842, 0x0842, 0x0842, 0x0842, 0x0842, 0x0842, 0x0842, 0x0842,
    0x0842, 0x1041, 0x8041, 0xd860, 0xe8a0, 0xf0c1, 0xf060, 0xf144, 0xf699, 0xfc8f, 0xf927, 0xf087,
    0xc823, 0xb002, 0x9802, 0x4000, 0x2800, 0x2800, 0x2000, 0x2000, 0x2000, 0x2000, 0x2800, 0x2800,
    0x4800, 0xb0a2, 0xfc69, 0xfa47, 0x9801, 0x2800, 0x2000, 0x2800, 0x3800, 0x7020, 0xe3a3, 0xfd26,
    0xf446, 0xf406, 0xfc06, 0xfc06, 0xfbe6, 0xfbc6, 0xfb86, 0xfb85, 0xfb65, 0xfb45, 0xfb25, 0xfb05,
    0xfb05, 0xfb05, 0xfb06, 0xfb26, 0xfb46, 0xfba7, 0xd264, 0x4020, 0x1800, 0x1000, 0x0800, 0x0800,
    0x4000, 0xe0e5, 0xf9c6, 0xb863, 0x3800, 0x2000, 0x1800, 0x1000, 0x0800, 0x0800, 0x0000, 0x0000,
    0x0841, 0xa514, 0xffdf, 0xffdf, 0xf7be, 0xffdf, 0xffdf, 0xffdf, 0xffdf, 0xffdf, 0xffdf, 0xffdf,
    0xffdf, 0xffdf, 0xffdf, 0xdedb, 0x8c72, 0x3186, 0x0000, 0x0000, 0x0000, 0x0020, 0x8410, 0xf7be,
    0xffdf, 0xf7be, 0xffdf, 0xffdf, 0x9d14, 0x0020, 0x0020, 0x8410, 0xf7be, 0xffdf, 0xffdf, 0xffdf,
    0xffdf, 0xf7be, 0xd69a, 0xc638, 0xdedb, 0xf7be, 0xffdf, 0xffdf, 0xffdf, 0xffdf, 0xf7be, 0x738e,
    0x0000, 0x2124, 0xd6ba, 0xffdf, 0xffdf, 0xffbe, 0xffdf, 0xef5d, 0x39c7, 0x0000, 0x0000, 0x0000,
    0x3186, 0xe71c, 0xffdf, 0xffde, 0xffde, 0xffdf, 0xe71c, 0x39a7, 0x0000, 0x0000, 0x0800, 0x1000,
    0x1000, 0x2000, 0x4800, 0xd1a4, 0xfac7, 0xf287, 0xf286, 0xf286, 0xfaa7, 0xd183, 0x5000, 0x2800,
    0x2800, 0x2000, 0x2000, 0x2800, 0x90a1, 0xf266, 0xfaa6, 0xf286, 0xf286, 0xfaa7, 0xf266, 0x9061,
    0x4000, 0x4000, 0x8040, 0xd184, 0xfa66, 0xfaa6, 0xfae7, 0xfb06, 0xf2c6, 0xf2c6, 0xf2a6, 0xfac7,
    0xfb07, 0xeaa6, 0x8881, 0x6000, 0xc983, 0xfb07, 0xfae7, 0xf2c7, 0xf2e7, 0xfb07, 0xfaa6, 0xea45,
    0xea45, 0xf286, 0xfac6, 0xf2c6, 0xf2c6, 0xf2e6, 0xfb07, 0xea25, 0xa820, 0xd963, 0xfae6, 0xf2e6,
    0xf2c6, 0xfae6, 0xf2c6, 0xb0e2, 0x4000, 0x2800, 0x2800, 0x3000, 0x6800, 0xe205, 0xfac6, 0xf2c6,
    0xf2c6, 0xfac7, 0xf245, 0xa820, 0xc0c1, 0xf286, 0xfaa6, 0xf2a6, 0xf2a6, 0xf2a6, 0xf2a6, 0xfaa6,
    0xfaa6, 0xfa86, 0xfa86, 0xfa86, 0xfaa6, 0xfaa7, 0xfaa7, 0xfa86, 0xfaa7, 0xb123, 0x3000, 0x1800,
    0x1000, 0x0800, 0x0800, 0x0000, 0x0000, 0x0000, 0x0000, 0x2000, 0x4801, 0x5002, 0x5002, 0x4802,
    0x4002, 0x4002, 0x4002, 0x4001, 0x4801, 0x4801, 0x4801, 0x4801, 0x4801, 0x4801, 0x5800, 0x5801,
    0x2000, 0x0800, 0x0800, 0x1000, 0x1000, 0x1800, 0x1800, 0x1800, 0x2800, 0x8003, 0xb004, 0xc003,
    0xe8a6, 0xf927, 0xf30b, 0xfef9, 0xf28a, 0xf020, 0xf0a0, 0xf0c1, 0xf081, 0xd860, 0x4041, 0x0842,
    0x0842, 0x0842, 0x0842, 0x0842, 0x0842, 0x0842, 0x0842, 0x0842, 0x0842, 0x0842, 0x0842, 0x0842,
    0x0842, 0x0842, 0x0842, 0x0842, 0x0842, 0x0842, 0x0842, 0x0842, 0x0842, 0x0842, 0x0842, 0x0842,
    0x0842, 0x0842, 0x0842, 0x0842, 0x0842, 0x0842, 0x0842, 0x0842, 0x0842, 0x1041, 0x8041, 0xd860,
    0xe8a0, 0xf0c1, 0xf060, 0xf144, 0xf699, 0xf46f, 0xf907, 0xf087, 0xc023, 0xb002, 0x9802, 0x4000,
    0x2800, 0x2000, 0x2000, 0x2000, 0x1800, 0x2000, 0x2000, 0x2800, 0x4800, 0xa8a1, 0xfc69, 0xfa27,
    0x9801, 0x2800, 0x2000, 0x2800, 0x3800, 0x5000, 0x9961, 0xe3e3, 0xfca5, 0xfc66, 0xfc06, 0xfba6,
    0xf365, 0xf325, 0xf305, 0xf305, 0xfae5, 0xfac5, 0xf2a5, 0xf2a5, 0xf2a5, 0xf2a5, 0xfae5, 0xfb26,
    0xfb46, 0xe2a5, 0x88c1, 0x3000, 0x1800, 0x1000, 0x0800, 0x0800, 0x4000, 0xe0c5, 0xf9a6, 0xb063,
    0x3800, 0x2000, 0x1800, 0x1000, 0x0800, 0x0800, 0x0000, 0x0000, 0x0841, 0xa514, 0xffdf, 0xffdf,
    0xf7be, 0xffdf, 0xffdf, 0xdedb, 0xa534, 0xad35, 0xad55, 0xa534, 0x9cf3, 0x8431, 0x630c, 0x3186,
    0x1082, 0x0000, 0x0000, 0x0020, 0x0000, 0x0020, 0x8410, 0xf7be, 0xffdf, 0xf7be, 0xffdf, 0xffdf,
    0x9cf4, 0x0020, 0x2124, 0xdefb, 0xffdf, 0xffdf, 0xffdf, 0xffdf, 0xdefb, 0x630c, 0x2965, 0x2945,
    0x31a6, 0x94b2, 0xf7be, 0xffdf, 0xf7be, 0xffdf, 0xf79e, 0x738e, 0x0000, 0x2104, 0xd6ba, 0xffdf,
    0xffdf, 0xffdf, 0xffdf, 0xef5d, 0x39c7, 0x0000, 0x0000, 0x0000, 0x3186, 0xe71c, 0xffdf, 0xffbe,
    0xffbe, 0xffdf, 0xe71c, 0x31a6, 0x0000, 0x0000, 0x0800, 0x0800, 0x1000, 0x1800, 0x3800, 0xb923,
    0xfa86, 0xfa66, 0xf266, 0xf246, 0xfa66, 0xf226, 0x98a1, 0x3800, 0x2000, 0x2000, 0x2800, 0x6020,
    0xd184, 0xfa86, 0xf266, 0xf266, 0xf266, 0xfa87, 0xf1e5, 0x7820, 0x3800, 0x3000, 0x3800, 0x6000,
    0x8861, 0xb8e2, 0xe184, 0xfa25, 0xfac6, 0xfac7, 0xf2a6, 0xf286, 0xfaa7, 0xfac7, 0xc923, 0x9840,
    0xf225, 0xfac6, 0xf2a6, 0xf2a6, 0xfae7, 0xe205, 0x98a1, 0x6861, 0x7061, 0x9081, 0xe205, 0xfac7,
    0xf2c6, 0xf2c6, 0xfac6, 0xe9e4, 0x9020, 0xc0e2, 0xf2a6, 0xfaa6, 0xf286, 0xf286, 0xfa86, 0xe1e4,
    0x8060, 0x4800, 0x4000, 0x5800, 0xb923, 0xfaa6, 0xfaa6, 0xf286, 0xf286, 0xfaa6, 0xf225, 0xa020,
    0xb081, 0xf245, 0xfa66, 0xf266, 0xfaa6, 0xfaa7, 0xd9a3, 0xa8a1, 0xa0a1, 0xa0a1, 0xa0a1, 0xa0a1,
    0xa8a1, 0xa881, 0xa0a1, 0x98a1, 0x90a2, 0x6041, 0x2000, 0x1000, 0x1000, 0x0800, 0x0800, 0x0000,
    0x0000, 0x0000, 0x2801, 0xb004, 0xd004, 0xc804, 0xc005, 0xb805, 0xb005, 0xb005, 0xb004, 0xb004,
    0xb804, 0xb804, 0xb803, 0xc003, 0xc802, 0xd002, 0xd802, 0xe002, 0xb001, 0x1800, 0x0800, 0x1000,
    0x1800, 0x1800, 0x1800, 0x1800, 0x2800, 0x8803, 0xb004, 0xc003, 0xe886, 0xf907, 0xf2eb, 0xfed9,
    0xf28a, 0xf020, 0xf0a0, 0xf0c1, 0xf081, 0xd860, 0x4041, 0x0842, 0x0842, 0x0842, 0x0842, 0x0842,
    0x0842, 0x0842, 0x0842, 0x0842, 0x0842, 0x0842, 0x0842, 0x0842, 0x0842, 0x0842, 0x0842, 0x0842,
    0x0842, 0x0842, 0x0842, 0x0842, 0x0842, 0x0842, 0x0842, 0x0842, 0x0842, 0x0842, 0x0842, 0x0842,
    0x0842, 0x0842, 0x0842, 0x0842, 0x0842, 0x1041, 0x8041, 0xd860, 0xe8a0, 0xf0c1, 0xf060, 0xf144,
    0xf698, 0xf46f, 0xf907, 0xe886, 0xc023, 0xa802, 0x9802, 0x4000, 0x2800, 0x2000, 0x2000, 0x2000,
    0x1800, 0x2000, 0x2000, 0x2800, 0x4000, 0xa8a1, 0xfc48, 0xfa27, 0x9802, 0x2800, 0x2000, 0x2800,
    0x3000, 0x4000, 0x7040, 0x90a0, 0xb9e1, 0xe324, 0xf3c5, 0xfbc5, 0xfb85, 0xfb65, 0xfb65, 0xfb46,
    0xfb25, 0xfae5, 0xfae5, 0xfae5, 0xfae5, 0xfac5, 0xfa84, 0xd9e3, 0xa922, 0x9060, 0x7080, 0x3800,
    0x1800, 0x1000, 0x0800, 0x0000, 0x3800, 0xe0a5, 0xf966, 0xb843, 0x3800, 0x2000, 0x1800, 0x1000,
    0x0800, 0x0800, 0x0000, 0x0000, 0x0841, 0xa514, 0xffdf, 0xffdf, 0xf7df, 0xffdf, 0xffdf, 0xa534,
    0x2104, 0x18e3, 0x18e3, 0x18c3, 0x10a2, 0x0861, 0x0000, 0x0000, 0x0000, 0x0000, 0x0020, 0x0000,
    0x0000, 0x0020, 0x8410, 0xf7be, 0xffdf, 0xf7be, 0xffdf, 0xffdf, 0x9cf3, 0x0841, 0x4228, 0xf79e,
    0xffdf, 0xffbf, 0xffdf, 0xf7be, 0x94b2, 0x0020, 0x0000, 0x0000, 0x0000, 0x8410, 0xf7be, 0xffdf,
    0xf7be, 0xffdf, 0xf79e, 0x6b6e, 0x0000, 0x2124, 0xd6ba, 0xffdf, 0xffdf, 0xf7be, 0xffdf, 0xef5d,
    0x39e7, 0x0000, 0x0000, 0x0000, 0x3186, 0xe71c, 0xffdf, 0xffdf, 0xffdf, 0xffdf, 0xe71c, 0x31a7,
    0x0000, 0x0000, 0x0800, 0x0800, 0x1000, 0x1800, 0x2800, 0x98a1, 0xf226, 0xfa26, 0xf226, 0xf226,
    0xf226, 0xfa46, 0xe9c5, 0xa8e2, 0x7861, 0x7861, 0x98c2, 0xd164, 0xfa26, 0xfa26, 0xf226, 0xf226,
    0xf246, 0xfa66, 0xd944, 0x6000, 0x3000, 0x3800, 0x88c2, 0x98c2, 0x5800, 0x4800, 0x6820, 0x9061,
    0xc102, 0xf246, 0xfa86, 0xf266, 0xf266, 0xfa66, 0xd963, 0xb881, 0xf246, 0xfa86, 0xf286, 0xfaa6,
    0xfa86, 0xa8a1, 0x3800, 0x2000, 0x2000, 0x5000, 0xe1c5, 0xfaa7, 0xf286, 0xf286, 0xfa66, 0xe1a4,
    0x8000, 0xa040, 0xf225, 0xfa66, 0xf245, 0xf245, 0xf245, 0xfa46, 0xe1e5, 0xb943, 0xb923, 0xd184,
    0xf266, 0xfa86, 0xf266, 0xf245, 0xf245, 0xfa66, 0xf205, 0x9820, 0x9820, 0xf1e5, 0xfa46, 0xf246,
    0xf266, 0xfa86, 0xe1a4, 0x8000, 0x4000, 0x3800, 0x3800, 0x4000, 0x7820, 0xa8a2, 0x6800, 0x3800,
    0x3000, 0x2800, 0x1800, 0x1000, 0x0800, 0x0800, 0x0800, 0x0000, 0x0000, 0x0000, 0x3801, 0xf005,
    0xf805, 0xe805, 0xd805, 0xd005, 0xd005, 0xd005, 0xd005, 0xd005, 0xd005, 0xd804, 0xd804, 0xe003,
    0xe803, 0xf002, 0xf802, 0xf802, 0xe001, 0x2000, 0x0000, 0x1000, 0x1800, 0x1800, 0x1800, 0x1800,
    0x2800, 0x8803, 0xb004, 0xc003, 0xe886, 0xf907, 0xfaeb, 0xfed9, 0xf28a, 0xf020, 0xf0a0, 0xf0c1,
    0xf081, 0xd860, 0x4041, 0x0842, 0x0842, 0x0842, 0x0842, 0x0842, 0x0842, 0x0842, 0x0842, 0x0842,
    0x0842, 0x0842, 0x0842, 0x0842, 0x0842, 0x0842, 0x0842, 0x0842, 0x0842, 0x0842, 0x0842, 0x0842,
    0x0842, 0x0842, 0x0842, 0x0842, 0x0842, 0x0842, 0x0842, 0x0842, 0x0842, 0x0842, 0x0842, 0x0842,
    0x0842, 0x1041, 0x8041, 0xd860, 0xe8a0, 0xf0c1, 0xf060, 0xf144, 0xf698, 0xf44f, 0xf0e6, 0xe866,
    0xb802, 0xa802, 0x9002, 0x3800, 0x2000, 0x2000, 0x2000, 0x2000, 0x1800, 0x2000, 0x2000, 0x2800,
    0x4000, 0xa8a2, 0xfc28, 0xfa27, 0x9002, 0x2800, 0x2000, 0x2800, 0x2800, 0x5020, 0xba81, 0xc221,
    0xa880, 0xa060, 0x98c1, 0xa101, 0xb161, 0xb9c2, 0xca03, 0xd223, 0xc9e3, 0xc9c3, 0xc1a3, 0xb983,
    0xa922, 0x88c1, 0x6881, 0x6820, 0x8860, 0xc203, 0xca63, 0x4820, 0x1800, 0x1000, 0x0800, 0x0000,
    0x3800, 0xe0a5, 0xf946, 0xb043, 0x3800, 0x2000, 0x1000, 0x1000, 0x0800, 0x0800, 0x0000, 0x0000,
    0x0841, 0xa514, 0xffdf, 0xffdf, 0xf7be, 0xffdf, 0xffdf, 0x9cf3, 0x0000, 0x0000, 0x0000, 0x0000,
    0x0000, 0x0000, 0x0000, 0x0000, 0x0000, 0x0000, 0x0000, 0x0000, 0x0000, 0x0020, 0x8410, 0xf7be,
    0xffdf, 0xf7be, 0xffdf, 0xffdf, 0x9cf3, 0x0841, 0x4a49, 0xf79e, 0xffdf, 0xf7be, 0xffdf, 0xffdf,
    0xa535, 0x0861, 0x0000, 0x0000, 0x4a6a, 0xdedb, 0xffdf, 0xffbe, 0xffbe, 0xffdf, 0xf7be, 0x6b8e,
    0x0000, 0x2104, 0xd6ba, 0xffdf, 0xffdf, 0xffbe, 0xffdf, 0xef5d, 0x39e8, 0x0000, 0x0000, 0x0000,
    0x3186, 0xe71c, 0xffdf, 0xffde, 0xffde, 0xffdf, 0xe73c, 0x31a7, 0x0000, 0x0000, 0x0800, 0x0800,
    0x1000, 0x1000, 0x2000, 0x6020, 0xe984, 0xfa06, 0xf206, 0xf206, 0xf205, 0xf205, 0xfa06, 0xf206,
    0xe9c5, 0xe1c5, 0xf1e5, 0xfa06, 0xfa06, 0xf1e5, 0xf1e6, 0xf206, 0xfa26, 0xfa06, 0xa881, 0x4000,
    0x3000, 0x7841, 0xe9c5, 0xf205, 0xc964, 0x90c2, 0x7020, 0x6800, 0x9020, 0xe9a4, 0xfa46, 0xf226,
    0xfa26, 0xfa46, 0xd943, 0xc881, 0xf225, 0xfa46, 0xf245, 0xf246, 0xfa46, 0xb8e2, 0x5000, 0x3800,
    0x5020, 0xa902, 0xf226, 0xfa46, 0xf246, 0xf245, 0xfa26, 0xe184, 0x7800, 0x7000, 0xd943, 0xfa26,
    0xf225, 0xf225, 0xf225, 0xfa26, 0xfa46, 0xfa26, 0xfa26, 0xfa46, 0xfa46, 0xf225, 0xf225, 0xf225,
    0xf226, 0xfa46, 0xf1e5, 0x9840, 0x7800, 0xe143, 0xfa26, 0xf206, 0xf206, 0xf206, 0xfa06, 0xd164,
    0x90a2, 0x7041, 0x7061, 0x90c2, 0xd184, 0xea26, 0xc984, 0x6841, 0x2000, 0x1800, 0x1800, 0x1000,
    0x0800, 0x0800, 0x0000, 0x0000, 0x0000, 0x0000, 0x1000, 0x7002, 0xa003, 0x9803, 0x9003, 0x9004,
    0x8804, 0x8803, 0x8803, 0x8803, 0x8803, 0x8803, 0x9002, 0x9802, 0xa002, 0xa001, 0xa801, 0xa801,
    0x6801, 0x0800, 0x0800, 0x1000, 0x1000, 0x1800, 0x1800, 0x1800, 0x2800, 0x8003, 0xb003, 0xc003,
    0xe886, 0xf907, 0xfaca, 0xfed9, 0xf28a, 0xf020, 0xf0a0, 0xf0c1, 0xf080, 0xd860, 0x3841, 0x0842,
    0x0842, 0x0842, 0x0842, 0x0842, 0x0842, 0x0842, 0x0842, 0x0842, 0x0842, 0x0842, 0x0842, 0x0842,
    0x0842, 0x0842, 0x0842, 0x0842, 0x0842, 0x0842, 0x0842, 0x0842, 0x0842, 0x0842, 0x0842, 0x0842,
    0x0842, 0x0842, 0x0842, 0x0842, 0x0842, 0x0842, 0x0842, 0x0842, 0x0842, 0x1041, 0x8840, 0xe060,
    0xe880, 0xf0c1, 0xf060, 0xf144, 0xf698, 0xf44f, 0xf8e7, 0xe866, 0xb802, 0xa002, 0x9002, 0x3800,
    0x2000, 0x2000, 0x2000, 0x2000, 0x1800, 0x1800, 0x2000, 0x2800, 0x4000, 0xa881, 0xfc28, 0xfa07,
    0x9001, 0x2000, 0x1800, 0x2000, 0x2800, 0x5820, 0xdb62, 0xfca4, 0xeb63, 0xd242, 0xb160, 0x98a0,
    0x8040, 0x7820, 0x7800, 0x7020, 0x6020, 0x5820, 0x5800, 0x6020, 0x6820, 0x6860, 0x80c0, 0xb161,
    0xda63, 0xfb86, 0xda84, 0x4820, 0x1800, 0x1000, 0x0800, 0x0000, 0x3800, 0xe0a6, 0xf946, 0xb843,
    0x3800, 0x1800, 0x1000, 0x0800, 0x0800, 0x0800, 0x0000, 0x0000, 0x0841, 0xa534, 0xffdf, 0xffdf,
    0xf7be, 0xffdf, 0xffdf, 0xa514, 0x0841, 0x0000, 0x0020, 0x0000, 0x0000, 0x0000, 0x0000, 0x0000,
    0x0000, 0x0000, 0x0000, 0x0000, 0x0000, 0x0020, 0x8430, 0xf7be, 0xffdf, 0xf7be, 0xffdf, 0xffdf,
    0xa514, 0x0021, 0x3166, 0xe73c, 0xffdf, 0xffdf, 0xffdf, 0xffdf, 0xef7d, 0xad55, 0x8430, 0x9cd3,
    0xdedb, 0xffdf, 0xffdf, 0xffdf, 0xffdf, 0xffdf, 0xf79e, 0x738e, 0x0000, 0x2104, 0xd6ba, 0xffdf,
    0xffdf, 0xf7be, 0xffdf, 0xef5d, 0x39c7, 0x0000, 0x0000, 0x0000, 0x3186, 0xe71c, 0xffdf, 0xffdf,
    0xffdf, 0xffdf, 0xe73c, 0x39a7, 0x0000, 0x0000, 0x0800, 0x0800, 0x0800, 0x1000, 0x1800, 0x3800,
    0xa881, 0xf9c5, 0xf9e6, 0xf1c5, 0xf1c5, 0xf1e5, 0xf1e6, 0xfa06, 0xfa06, 0xfa06, 0xfa06, 0xf1e6,
    0xf1e5, 0xf1e6, 0xf1e6, 0xfa06, 0xfa27, 0xd923, 0x6000, 0x3000, 0x5820, 0xd143, 0xfa05, 0xfa06,
    0xfa26, 0xf206, 0xe1a5, 0xd964, 0xd984, 0xf205, 0xfa26, 0xf226, 0xfa26, 0xfa46, 0xc8e2, 0xa020,
    0xf1c5, 0xfa06, 0xf205, 0xf205, 0xf206, 0xf1e5, 0xc923, 0xb923, 0xd184, 0xf206, 0xfa06, 0xf206,
    0xf206, 0xf206, 0xfa26, 0xe184, 0x7800, 0x5000, 0x9040, 0xe984, 0xfa05, 0xf206, 0xf1e5, 0xf206,
    0xf1e6, 0xfa06, 0xfa06, 0xf206, 0xfa06, 0xf1e5, 0xf205, 0xf206, 0xf206, 0xfa06, 0xf1c5, 0x9840,
    0x5800, 0xa061, 0xf9c5, 0xfa06, 0xf1c5, 0xf1c5, 0xf1e5, 0xfa06, 0xf1e5, 0xe1a5, 0xe1a5, 0xf1e5,
    0xfa06, 0xfa06, 0xfa26, 0xd984, 0x7081, 0x2000, 0x1000, 0x1000, 0x0800, 0x0800, 0x0000, 0x0000,
    0x0000, 0x0000, 0x0000, 0x0800, 0x1800, 0x1800, 0x1800, 0x1800, 0x1800, 0x1800, 0x1800, 0x1800,
    0x1800, 0x1800, 0x1800, 0x1800, 0x1800, 0x1800, 0x1800, 0x1800, 0x0800, 0x0800, 0x0800, 0x1000,
    0x1000, 0x1800, 0x1800, 0x1800, 0x2800, 0x8003, 0xa804, 0xb803, 0xe866, 0xf8e7, 0xfaca, 0xfed9,
    0xf28a, 0xf020, 0xf0a0, 0xf0c1, 0xf080, 0xd060, 0x4041, 0x0842, 0x0842, 0x0842, 0x0842, 0x0842,
    0x0842, 0x0842, 0x0842, 0x0842, 0x0842, 0x0842, 0x0842, 0x0842, 0x0842, 0x0842, 0x0842, 0x0842,
    0x0842, 0x0842, 0x0842, 0x0842, 0x0842, 0x0842, 0x0842, 0x0842, 0x0842, 0x0842, 0x0842, 0x0842,
    0x0842, 0x0842, 0x0842, 0x0842, 0x0842, 0x1041, 0x8841, 0xe060, 0xe8a0, 0xf0c1, 0xf060, 0xf144,
    0xfe98, 0xfc6f, 0xf8e7, 0xe866, 0xb803, 0xa002, 0x9002, 0x3800, 0x2000, 0x2000, 0x2000, 0x2000,
    0x1800, 0x1800, 0x2000, 0x2800, 0x3800, 0xa881, 0xfc07, 0xf9e7, 0x8801, 0x1800, 0x1800, 0x2000,
    0x2800, 0x6020, 0xdb22, 0xfc65, 0xfc05, 0xfbc4, 0xf384, 0xe324, 0xdac3, 0xd263, 0xca22, 0xc1e2,
    0xb1c2, 0xb1a2, 0xb9c2, 0xc203, 0xd223, 0xda43, 0xea63, 0xfa84, 0xfac5, 0xfae5, 0xd1e3, 0x3820,
    0x1000, 0x0800, 0x0800, 0x0000, 0x3800, 0xe0a6, 0xf926, 0xb843, 0x3000, 0x1800, 0x1000, 0x0800,
    0x0800, 0x0000, 0x0000, 0x0000, 0x0841, 0xa534, 0xffdf, 0xffdf, 0xf7be, 0xffdf, 0xffdf, 0xa514,
    0x0841, 0x0000, 0x0000, 0x0000, 0x0000, 0x0000, 0x0000, 0x0000, 0x0000, 0x0000, 0x0000, 0x0000,
    0x0000, 0x0020, 0x8410, 0xf7be, 0xffdf, 0xf7be, 0xffdf, 0xffdf, 0xa514, 0x0020, 0x0841, 0xb576,
    0xffdf, 0xffdf, 0xffdf, 0xffdf, 0xffdf, 0xffdf, 0xf7be, 0xffdf, 0xffdf, 0xffdf, 0xf7be, 0xffbe,
    0xffdf, 0xffdf, 0xf7be, 0x738e, 0x0000, 0x2104, 0xd6ba, 0xffdf, 0xffdf, 0xf7be, 0xffdf, 0xef5d,
    0x39c7, 0x0000, 0x0000, 0x0000, 0x3166, 0xe71c, 0xffdf, 0xffdf, 0xffdf, 0xffdf, 0xe73c, 0x31a7,
    0x0000, 0x0000, 0x0000, 0x0800, 0x0800, 0x1000, 0x1800, 0x2000, 0x4800, 0xc0c2, 0xf9c5, 0xf9e6,
    0xf1c5, 0xf1c6, 0xf1c6, 0xf1c6, 0xf1c5, 0xf1c5, 0xf1c5, 0xf1c5, 0xf1c6, 0xf1c6, 0xfa06, 0xf9e6,
    0xe924, 0x8020, 0x3000, 0x3000, 0xa8c2, 0xfa06, 0xf9e6, 0xf1e5, 0xf9e6, 0xf9e6, 0xfa06, 0xfa06,
    0xfa06, 0xfa06, 0xf1e6, 0xfa06, 0xfa26, 0xf1a5, 0x8840, 0x6800, 0xe123, 0xf9e5, 0xf1c5, 0xf1c5,
    0xf1e5, 0xf9e6, 0xf9e6, 0xf9e6, 0xfa06, 0xfa26, 0xf9e6, 0xf1e5, 0xf1e5, 0xf1e6, 0xfa06, 0xe164,
    0x6800, 0x3800, 0x4800, 0x9041, 0xe944, 0xf9e6, 0xf9e6, 0xf9e6, 0xf9e6, 0xfa06, 0xfa06, 0xf9e6,
    0xe944, 0xe964, 0xfa06, 0xf1e5, 0xf1e5, 0xf9e6, 0xf1a5, 0x8840, 0x4000, 0x5800, 0xc8c2, 0xf9c5,
    0xf9c5, 0xf1c5, 0xf1c5, 0xf9c5, 0xf9e6, 0xf9e6, 0xf9e6, 0xf9e5, 0xf1c5, 0xf1c5, 0xfa06, 0xf9e6,
    0xa0a2, 0x2000, 0x1000, 0x1000, 0x0800, 0x0800, 0x0000, 0x0000, 0x0000, 0x0000, 0x0000, 0x0000,
    0x0000, 0x0000, 0x0000, 0x0000, 0x0000, 0x0000, 0x0000, 0x0000, 0x0000, 0x0000, 0x0000, 0x0000,
    0x0000, 0x0000, 0x0000, 0x0000, 0x0000, 0x0800, 0x0800, 0x1000, 0x1000, 0x1800, 0x1800, 0x1800,
    0x2800, 0x8003, 0xa804, 0xb804, 0xe886, 0xf8e7, 0xf2ca, 0xfed9, 0xf2aa, 0xf020, 0xf0a0, 0xf0c1,
    0xf080, 0xd060, 0x4041, 0x0842, 0x0842, 0x0842, 0x0842, 0x0842, 0x0842, 0x0842, 0x0842, 0x0842,
    0x0842, 0x0842, 0x0842, 0x0842, 0x0842, 0x0842, 0x0842, 0x0842, 0x0842, 0x0842, 0x0842, 0x0842,
    0x0842, 0x0842, 0x0842, 0x0842, 0x0842, 0x0842, 0x0842, 0x0842, 0x0842, 0x0842, 0x0842, 0x0842,
    0x0842, 0x1041, 0x9041, 0xe060, 0xe880, 0xf0c1, 0xf060, 0xf144, 0xfe99, 0xfc70, 0xf907, 0xf067,
    0xb803, 0xa002, 0x9002, 0x3800, 0x2000, 0x2000, 0x2000, 0x1800, 0x1800, 0x1800, 0x2000, 0x2000,
    0x3800, 0xa8a2, 0xfba7, 0xf186, 0x8001, 0x1000, 0x1000, 0x1800, 0x2800, 0x5820, 0xdb22, 0xfc65,
    0xf365, 0xf345, 0xfb65, 0xfb65, 0xfb45, 0xfb25, 0xfb05, 0xfae5, 0xfac5, 0xfaa4, 0xfaa4, 0xfaa5,
    0xfaa5, 0xfa85, 0xfa65, 0xfa85, 0xf2a5, 0xfb05, 0xd1e3, 0x3020, 0x1000, 0x0800, 0x0000, 0x0000,
    0x3001, 0xe086, 0xf925, 0xb823, 0x3000, 0x1800, 0x1000, 0x0800, 0x0800, 0x0000, 0x0000, 0x0000,
    0x0841, 0xad75, 0xffdf, 0xffdf, 0xffdf, 0xffdf, 0xffdf, 0xad55, 0x0841, 0x0000, 0x0000, 0x0000,
    0x0000, 0x0000, 0x0000, 0x0000, 0x0000, 0x0000, 0x0000, 0x0000, 0x0000, 0x0020, 0x8c51, 0xffdf,
    0xffdf, 0xffdf, 0xffdf, 0xffdf, 0xa534, 0x0841, 0x0000, 0x39c7, 0xd6ba, 0xffdf, 0xffdf, 0xffdf,
    0xffdf, 0xffdf, 0xffdf, 0xffdf, 0xe71c, 0xbdd7, 0xf7be, 0xffdf, 0xffdf, 0xffdf, 0xffdf, 0x73af,
    0x0000, 0x2104, 0xdefc, 0xffdf, 0xffdf, 0xffdf, 0xffdf, 0xf79e, 0x39e8, 0x0000, 0x0000, 0x0000,
    0x3186, 0xef7d, 0xffdf, 0xffdf, 0xffdf, 0xffdf, 0xef7d, 0x31a7, 0x0000, 0x0000, 0x0000, 0x0800,
    0x0800, 0x0800, 0x1000, 0x1800, 0x2000, 0x5800, 0xb8a2, 0xf985, 0xf9c6, 0xf9c6, 0xf9c6, 0xf1a6,
    0xf1a6, 0xf1a5, 0xf1a5, 0xf1a6, 0xf9c6, 0xf9e6, 0xf9a5, 0xd8e3, 0x8020, 0x3000, 0x2000, 0x3000,
    0x8861, 0xe144, 0xf9c5, 0xfa06, 0xf9e6, 0xf1a5, 0xf1a5, 0xf9c5, 0xf9c6, 0xf1c5, 0xf9e6, 0xfa06,
    0xf9a5, 0xb082, 0x4800, 0x4000, 0xa041, 0xf964, 0xf9c5, 0xf1c5, 0xf1c5, 0xf1c5, 0xf9c5, 0xf9e6,
    0xf9e6, 0xe944, 0xe964, 0xfa06, 0xf9e6, 0xf9e6, 0xfa06, 0xe964, 0x6000, 0x3000, 0x3000, 0x4000,
    0x8020, 0xc8c2, 0xe944, 0xf964, 0xf9a5, 0xf9a5, 0xf164, 0xc0c2, 0x9840, 0xd903, 0xf9c5, 0xf1c5,
    0xf1c5, 0xf9e6, 0xf185, 0x8820, 0x3800, 0x3000, 0x6800, 0xc8c2, 0xf985, 0xf9c5, 0xf9a5, 0xf1a5,
    0xf1a5, 0xf1a5, 0xf1c5, 0xf9c5, 0xf9e6, 0xf9e6, 0xf985, 0xb8a2, 0x5020, 0x1800, 0x1000, 0x0800,
    0x0800, 0x0800, 0x0000, 0x0000, 0x0000, 0x0000, 0x0000, 0x0000, 0x0000, 0x0000, 0x0000, 0x0000,
    0x0000, 0x0000, 0x0000, 0x0000, 0x0000, 0x0000, 0x0000, 0x0000, 0x0000, 0x0000, 0x0000, 0x0800,
    0x0800, 0x0800, 0x0800, 0x1000, 0x1000, 0x1800, 0x1800, 0x1800, 0x2800, 0x8003, 0xa804, 0xb803,
    0xe866, 0xf8c7, 0xf2ca, 0xfed9, 0xf2aa, 0xf020, 0xf0a0, 0xf0c1, 0xf080, 0xd040, 0x3841, 0x0842,
    0x0842, 0x0842, 0x0842, 0x0842, 0x0842, 0x0842, 0x0842, 0x0842, 0x0842, 0x0842, 0x0842, 0x0842,
    0x0842, 0x0842, 0x0842, 0x0842, 0x0842, 0x0842, 0x0842, 0x0842, 0x0842, 0x0842, 0x0842, 0x0842,
    0x0842, 0x0842, 0x0842, 0x0842, 0x0842, 0x0842, 0x0842, 0x0842, 0x0842, 0x1041, 0x8840, 0xe060,
    0xe880, 0xf0c1, 0xf060, 0xf144, 0xfeb9, 0xfc90, 0xf107, 0xe866, 0xb803, 0xa002, 0x9002, 0x3800,
    0x2000, 0x2000, 0x2000, 0x1800, 0x1800, 0x1800, 0x2000, 0x2000, 0x3800, 0xa061, 0xfba7, 0xf9c6,
    0x9002, 0x1000, 0x1000, 0x1800, 0x2000, 0x3800, 0x9981, 0xf3c3, 0xfc04, 0xfb85, 0xf325, 0xf305,
    0xf2c5, 0xf2a5, 0xfaa5, 0xfa85, 0xfa65, 0xfa65, 0xfa44, 0xfa44, 0xf244, 0xf244, 0xf265, 0xfaa5,
    0xfae5, 0xf264, 0x90c1, 0x2000, 0x1000, 0x0800, 0x0000, 0x0000, 0x3001, 0xe8a6, 0xf925, 0xa802,
    0x3000, 0x1800, 0x1000, 0x0800, 0x0800, 0x0000, 0x0000, 0x0000, 0x0841, 0x8c72, 0xdefb, 0xdefb,
    0xdefb, 0xdefb, 0xdefb, 0x8c72, 0x0841, 0x0000, 0x0000, 0x0000, 0x0000, 0x0000, 0x0000, 0x0000,
    0x0000, 0x0000, 0x0000, 0x0000, 0x0000, 0x0020, 0x73ae, 0xdedb, 0xdefb, 0xdedb, 0xdedb, 0xdefb,
    0x8c71, 0x0841, 0x0000, 0x0000, 0x4208, 0xad75, 0xef7d, 0xffdf, 0xffdf, 0xffdf, 0xf79e, 0xbdd7,
    0x4a6a, 0x5acb, 0xd6bb, 0xe71c, 0xdedb, 0xdedb, 0xd6ba, 0x630c, 0x0000, 0x18e3, 0xbdf8, 0xdefc,
    0xdefb, 0xdedb, 0xdefb, 0xce59, 0x3186, 0x0000, 0x0000, 0x0000, 0x2945, 0xce59, 0xdefc, 0xdedb,
    0xdedb, 0xdefc, 0xce79, 0x2966, 0x0000, 0x0000, 0x0000, 0x0000, 0x0800, 0x0800, 0x1000, 0x1000,
    0x1800, 0x2000, 0x4800, 0x9861, 0xd903, 0xf965, 0xf986, 0xf986, 0xf9a6, 0xf9a6, 0xf9a6, 0xf986,
    0xf965, 0xe103, 0xb061, 0x6800, 0x3000, 0x2000, 0x2000, 0x2000, 0x3000, 0x6820, 0xa881, 0xe103,
    0xf985, 0xf9a5, 0xf9a5, 0xf9c6, 0xf9c6, 0xf9a6, 0xf985, 0xe124, 0xa861, 0x5000, 0x2800, 0x2800,
    0x4000, 0x9841, 0xe103, 0xf985, 0xf9c6, 0xf9c6, 0xf9a5, 0xf964, 0xc8e3, 0x8041, 0xc8e3, 0xf9a6,
    0xf9a6, 0xf1a5, 0xf185, 0xd103, 0x5000, 0x2800, 0x3000, 0x3000, 0x4800, 0x5800, 0x7020, 0x8841,
    0x9861, 0x9861, 0x7840, 0x5000, 0x7800, 0xe944, 0xf9a5, 0xf1a5, 0xf1a5, 0xf9c6, 0xe964, 0x7800,
    0x3000, 0x2800, 0x2800, 0x5800, 0xa061, 0xd8e3, 0xf964, 0xf9a5, 0xf9a6, 0xf9a6, 0xf9a6, 0xf985,
    0xf965, 0xd903, 0xa061, 0x4800, 0x1800, 0x1800, 0x1000, 0x0800, 0x0800, 0x0000, 0x0000, 0x0000,
    0x0000, 0x0000, 0x0000, 0x0000, 0x0000, 0x0000, 0x0000, 0x0000, 0x0000, 0x0000, 0x0000, 0x0000,
    0x0000, 0x0000, 0x0000, 0x0000, 0x0000, 0x0000, 0x0000, 0x0800, 0x0800, 0x0800, 0x0800, 0x1000,
    0x1000, 0x1800, 0x1800, 0x1800, 0x2800, 0x8003, 0xa804, 0xb804, 0xe865, 0xf8c7, 0xf2aa, 0xfed9,
    0xf2aa, 0xf020, 0xf0a0, 0xf0a1, 0xf081, 0xc860, 0x3841, 0x0842, 0x0842, 0x0842, 0x0842, 0x0842,
    0x0842, 0x0842, 0x0842, 0x0842, 0x0842, 0x0842, 0x0842, 0x0842, 0x0842, 0x0842, 0x0842, 0x0842,
    0x0842, 0x0842, 0x0842, 0x0842, 0x0842, 0x0842, 0x0842, 0x0842, 0x0842, 0x0842, 0x0842, 0x0842,
    0x0842, 0x0842, 0x0842, 0x0842, 0x0842, 0x1041, 0x8840, 0xe040, 0xe880, 0xf0c1, 0xf060, 0xf144,
    0xf699, 0xf470, 0xf0e7, 0xe866, 0xb803, 0xa002, 0x8802, 0x3000, 0x2000, 0x2000, 0x1800, 0x1800,
    0x1800, 0x1800, 0x1800, 0x2000, 0x3000, 0x8040, 0xf366, 0xfae7, 0xb824, 0x2000, 0x1000, 0x1000,
    0x1800, 0x2000, 0x3800, 0x8900, 0xda42, 0xfb24, 0xfb65, 0xfb45, 0xfb05, 0xfae5, 0xfac5, 0xfac5,
    0xfa85, 0xfa85, 0xfa65, 0xfa85, 0xfa85, 0xfa65, 0xfa44, 0xf1e4, 0xc942, 0x8081, 0x2800, 0x1000,
    0x0800, 0x0800, 0x0000, 0x0000, 0x5802, 0xf147, 0xf985, 0x9822, 0x2800, 0x1800, 0x1000, 0x0800,
    0x0800, 0x0000, 0x0000, 0x0000, 0x0000, 0x2104, 0x31a6, 0x31a7, 0x31a6, 0x31a6, 0x31a7, 0x2104,
    0x0021, 0x0000, 0x0000, 0x0000, 0x0000, 0x0000, 0x0000, 0x0000, 0x0000, 0x0000, 0x0000, 0x0000,
    0x0000, 0x0020, 0x18e4, 0x31a6, 0x31a7, 0x31a6, 0x31a6, 0x31a6, 0x2125, 0x0021, 0x0000, 0x0000,
    0x0000, 0x18e4, 0x4a49, 0x738e, 0x8410, 0x73ae, 0x528a, 0x2124, 0x0000, 0x1082, 0x31a7, 0x39c7,
    0x31a7, 0x31a6, 0x31a6, 0x10a3, 0x0000, 0x0841, 0x2966, 0x39c7, 0x31a7, 0x31a6, 0x31a6, 0x3186,
    0x0861, 0x0000, 0x0000, 0x0000, 0x0841, 0x3186, 0x39c7, 0x31a7, 0x31a6, 0x39c7, 0x3186, 0x0862,
    0x0000, 0x0000, 0x0000, 0x0000, 0x0800, 0x0800, 0x0800, 0x1000, 0x1000, 0x1800, 0x2000, 0x3800,
    0x6000, 0x8841, 0xa062, 0xb882, 0xc8c3, 0xc8c3, 0xc0a2, 0xa862, 0x8841, 0x6000, 0x3800, 0x2000,
    0x2000, 0x2000, 0x1800, 0x1800, 0x2000, 0x2000, 0x3800, 0x6020, 0x9041, 0xb082, 0xc0a2, 0xc8c2,
    0xc8c3, 0xb882, 0x9841, 0x6820, 0x3800, 0x2800, 0x2000, 0x2000, 0x2000, 0x3000, 0x6820, 0x9861,
    0xb0a2, 0xb8c2, 0xb082, 0x8841, 0x5000, 0x3000, 0x6020, 0x8061, 0x8061, 0x7861, 0x7041, 0x6020,
    0x3000, 0x2800, 0x2800, 0x5820, 0xb8c3, 0x9861, 0x6000, 0x4800, 0x4000, 0x3800, 0x3000, 0x5800,
    0xc0c2, 0xf9a5, 0xf9a5, 0xf1a5, 0xf1a5, 0xf9a6, 0xd8e3, 0x5800, 0x2800, 0x2000, 0x2000, 0x2000,
    0x3800, 0x6000, 0x9041, 0xa882, 0xc0c2, 0xc0c2, 0xb8a2, 0xa861, 0x8841, 0x5800, 0x3000, 0x2000,
    0x1800, 0x1000, 0x0800, 0x0800, 0x0800, 0x0000, 0x0000, 0x0000, 0x0000, 0x0000, 0x0000, 0x0000,
    0x0000, 0x0000, 0x0000, 0x0000, 0x0000, 0x0000, 0x0000, 0x0000, 0x0000, 0x0000, 0x0000, 0x0000,
    0x0000, 0x0000, 0x0000, 0x0800, 0x0800, 0x0800, 0x0800, 0x1000, 0x1000, 0x1800, 0x1800, 0x1800,
    0x2800, 0x8003, 0xa804, 0xb804, 0xe865, 0xf8c6, 0xf2aa, 0xfed9, 0xf2aa, 0xf020, 0xf0a0, 0xf0a1,
    0xf081, 0xc840, 0x3041, 0x0842, 0x0842, 0x0842, 0x0842, 0x0842, 0x0842, 0x0842, 0x0842, 0x0842,
    0x0842, 0x0842, 0x0842, 0x0842, 0x0842, 0x0842, 0x0842, 0x0842, 0x0842, 0x0842, 0x0842, 0x0842,
    0x0842, 0x0842, 0x0842, 0x0842, 0x0842, 0x0842, 0x0842, 0x0842, 0x0842, 0x0842, 0x0842, 0x0842,
    0x0842, 0x1041, 0x8840, 0xe060, 0xf080, 0xf0c1, 0xf040, 0xf124, 0xf699, 0xf44f, 0xf0e7, 0xe866,
    0xb803, 0xa002, 0x8802, 0x3000, 0x2000, 0x2000, 0x1800, 0x1800, 0x1800, 0x1800, 0x1800, 0x2000,
    0x2800, 0x6000, 0xe245, 0xfc47, 0xe865, 0x4800, 0x0000, 0x0800, 0x1000, 0x1000, 0x1800, 0x3000,
    0x6040, 0x90c1, 0xb121, 0xc9a2, 0xd9e3, 0xea03, 0xea24, 0xf224, 0xf204, 0xf1e4, 0xf1e3, 0xe1a3,
    0xd162, 0xb902, 0xa0a1, 0x7860, 0x5000, 0x2000, 0x1000, 0x0800, 0x0000, 0x0000, 0x0000, 0x0000,
    0xa805, 0xfa47, 0xf165, 0x7801, 0x2000, 0x1800, 0x1000, 0x0800, 0x0000, 0x0000, 0x0000, 0x0000,
    0x0000, 0x0000, 0x0000, 0x0000, 0x0000, 0x0000, 0x0000, 0x0000, 0x0000, 0x0000, 0x0000, 0x0000,
    0x0000, 0x0000, 0x0000, 0x0000, 0x0000, 0x0000, 0x0000, 0x0000, 0x0000, 0x0000, 0x0000, 0x0000,
    0x0000, 0x0000, 0x0000, 0x0000, 0x0000, 0x0000, 0x0000, 0x0000, 0x0000, 0x0000, 0x0000, 0x0000,
    0x0020, 0x0000, 0x0000, 0x0000, 0x0000, 0x0000, 0x0000, 0x0000, 0x0000, 0x0000, 0x0000, 0x0000,
    0x0000, 0x0000, 0x0000, 0x0000, 0x0000, 0x0000, 0x0000, 0x0000, 0x0000, 0x0000, 0x0000, 0x0000,
    0x0000, 0x0000, 0x0000, 0x0000, 0x0000, 0x0000, 0x0000, 0x0000, 0x0000, 0x0000, 0x0000, 0x0000,
    0x0000, 0x0800, 0x0800, 0x0800, 0x1000, 0x1000, 0x1800, 0x1800, 0x2000, 0x2800, 0x3800, 0x4800,
    0x5000, 0x5000, 0x4800, 0x3800, 0x3000, 0x2000, 0x1800, 0x1800, 0x1800, 0x1000, 0x1000, 0x1000,
    0x1800, 0x1800, 0x1800, 0x2000, 0x3000, 0x4000, 0x4800, 0x4800, 0x5000, 0x4000, 0x3000, 0x2000,
    0x1800, 0x1800, 0x1800, 0x1800, 0x1800, 0x1800, 0x2000, 0x3000, 0x3800, 0x3800, 0x3800, 0x2800,
    0x2000, 0x2000, 0x2000, 0x2000, 0x2000, 0x2000, 0x2000, 0x2000, 0x2800, 0x2800, 0x3000, 0xa882,
    0xf965, 0xf144, 0xd8e3, 0xb8c3, 0xa0a2, 0x9882, 0xa8a2, 0xd0e3, 0xf165, 0xf165, 0xf185, 0xf185,
    0xf985, 0xf985, 0xb061, 0x4000, 0x2000, 0x1800, 0x1800, 0x1800, 0x1800, 0x2000, 0x2800, 0x3800,
    0x4800, 0x4800, 0x4000, 0x3800, 0x2800, 0x1800, 0x1800, 0x1800, 0x1000, 0x0800, 0x0800, 0x0800,
    0x0000, 0x0000, 0x0000, 0x0000, 0x0000, 0x0000, 0x0000, 0x0000, 0x0000, 0x0000, 0x0000, 0x0000,
    0x0000, 0x0000, 0x0000, 0x0000, 0x0000, 0x0000, 0x0000, 0x0000, 0x0000, 0x0000, 0x0000, 0x0800,
    0x0800, 0x0800, 0x0800, 0x1000, 0x1000, 0x1800, 0x1800, 0x1800, 0x2800, 0x8003, 0xa004, 0xb804,
    0xe865, 0xf8c6, 0xf2aa, 0xfed9, 0xf2aa, 0xf020, 0xf0a0, 0xf0a1, 0xf081, 0xd040, 0x3841, 0x0842,
    0x0842, 0x0842, 0x0842, 0x0842, 0x0842, 0x0842, 0x0842, 0x0842, 0x0842, 0x0842, 0x0842, 0x0842,
    0x0842, 0x0842, 0x0842, 0x0842, 0x0842, 0x0842, 0x0842, 0x0842, 0x0842, 0x0842, 0x0842, 0x0842,
    0x0842, 0x0842, 0x0842, 0x0842, 0x0842, 0x0842, 0x0842, 0x0842, 0x0842, 0x1041, 0x8841, 0xe060,
    0xe880, 0xf0c1, 0xf040, 0xf124, 0xf699, 0xfc4f, 0xf8e7, 0xe866, 0xb803, 0x9802, 0x8002, 0x3000,
    0x1800, 0x1800, 0x1800, 0x1800, 0x1000, 0x1800, 0x1800, 0x2000, 0x2800, 0x4800, 0xb0c3, 0xfc67,
    0xfa05, 0xa003, 0x0800, 0x0000, 0x0800, 0x1000, 0x1000, 0x1800, 0x1800, 0x2800, 0x3800, 0x5020,
    0x6040, 0x7060, 0x7080, 0x7080, 0x7880, 0x7860, 0x7060, 0x6840, 0x5020, 0x4000, 0x3000, 0x2000,
    0x1000, 0x1000, 0x0800, 0x0800, 0x0000, 0x0000, 0x0000, 0x6003, 0xe947, 0xfae6, 0xd083, 0x4000,
    0x1800, 0x1000, 0x0800, 0x0800, 0x0000, 0x0000, 0x0000, 0x0000, 0x0000, 0x0000, 0x0000, 0x0000,
    0x0000, 0x0000, 0x0000, 0x0000, 0x0000, 0x0000, 0x0000, 0x0000, 0x0000, 0x0000, 0x0000, 0x0000,
    0x0000, 0x0000, 0x0000, 0x0000, 0x0000, 0x0000, 0x0000, 0x0000, 0x0000, 0x0000, 0x0000, 0x0000,
    0x0000, 0x0000, 0x0000, 0x0000, 0x0000, 0x0000, 0x0000, 0x0000, 0x0000, 0x0000, 0x0000, 0x0000,
    0x0000, 0x0000, 0x0000, 0x0000, 0x0000, 0x0000, 0x0000, 0x0000, 0x0000, 0x0000, 0x0000, 0x0000,
    0x0000, 0x0000, 0x0000, 0x0000, 0x0000, 0x0000, 0x0000, 0x0000, 0x0000, 0x0000, 0x0000, 0x0000,
    0x0000, 0x0000, 0x0000, 0x0000, 0x0000, 0x0000, 0x0000, 0x0000, 0x0000, 0x0000, 0x0800, 0x0800,
    0x0800, 0x0800, 0x1000, 0x1000, 0x1800, 0x1800, 0x1800, 0x1800, 0x1800, 0x1800, 0x1800, 0x1800,
    0x1800, 0x1800, 0x1800, 0x1000, 0x1000, 0x0800, 0x0800, 0x0800, 0x1000, 0x1000, 0x1800, 0x1800,
    0x1800, 0x1800, 0x1800, 0x1800, 0x1800, 0x1800, 0x1800, 0x1800, 0x1800, 0x1000, 0x1000, 0x1000,
    0x1000, 0x1800, 0x1800, 0x1800, 0x1000, 0x1000, 0x1000, 0x1800, 0x1800, 0x1800, 0x1800, 0x1000,
    0x1800, 0x1800, 0x1800, 0x2000, 0x2000, 0x3000, 0x8061, 0xe924, 0xf965, 0xf965, 0xf965, 0xf985,
    0xf965, 0xf165, 0xf965, 0xf965, 0xf965, 0xf165, 0xf165, 0xf165, 0xf985, 0xe8e3, 0x7000, 0x2800,
    0x2000, 0x1800, 0x1000, 0x1000, 0x1800, 0x1800, 0x1800, 0x1800, 0x1800, 0x1800, 0x1800, 0x1800,
    0x1800, 0x1800, 0x1000, 0x1000, 0x0800, 0x0800, 0x0800, 0x0000, 0x0000, 0x0000, 0x0000, 0x0000,
    0x0000, 0x0000, 0x0000, 0x0000, 0x0000, 0x0000, 0x0000, 0x0000, 0x0000, 0x0000, 0x0000, 0x0000,
    0x0000, 0x0000, 0x0000, 0x0000, 0x0000, 0x0000, 0x0000, 0x0800, 0x0800, 0x0800, 0x0800, 0x1000,
    0x1000, 0x1800, 0x1800, 0x1800, 0x2800, 0x8003, 0xa004, 0xb004, 0xe865, 0xf8a6, 0xfaaa, 0xfed9,
    0xf2aa, 0xf020, 0xf0a0, 0xf0c1, 0xf081, 0xd060, 0x3841, 0x0842, 0x0842, 0x0842, 0x0842, 0x0842,
    0x0842, 0x0842, 0x0842, 0x0842, 0x0842, 0x0842, 0x0842, 0x0842, 0x0842, 0x0842, 0x0842, 0x0842,
    0x0842, 0x0842, 0x0842, 0x0842, 0x0842, 0x0842, 0x0842, 0x0842, 0x0842, 0x0842, 0x0842, 0x0842,
    0x0842, 0x0842, 0x0842, 0x0842, 0x0842, 0x1041, 0x8840, 0xe060, 0xe8a0, 0xf0c1, 0xf040, 0xf144,
    0xfe99, 0xfc4f, 0xf0c7, 0xe846, 0xb003, 0x9002, 0x8002, 0x3000, 0x1800, 0x1800, 0x1800, 0x1000,
    0x1000, 0x1000, 0x1800, 0x1800, 0x2000, 0x3000, 0x6000, 0xda25, 0xfcc6, 0xf1a5, 0x9003, 0x1800,
    0x0000, 0x0000, 0x0800, 0x1000, 0x0800, 0x0800, 0x1000, 0x1800, 0x1800, 0x1800, 0x1800, 0x1800,
    0x1800, 0x1800, 0x1800, 0x1000, 0x1000, 0x1000, 0x1000, 0x0800, 0x0800, 0x0800, 0x0000, 0x0000,
    0x0000, 0x0000, 0x5803, 0xd8e7, 0xfb87, 0xf9c5, 0x8001, 0x2000, 0x1000, 0x1000, 0x0800, 0x0800,
    0x0000, 0x0000, 0x0000, 0x0000, 0x0000, 0x0000, 0x0000, 0x0000, 0x0000, 0x0000, 0x0000, 0x0000,
    0x0000, 0x0000, 0x0000, 0x0000, 0x0000, 0x0000, 0x0000, 0x0000, 0x0000, 0x0000, 0x0000, 0x0000,
    0x0000, 0x0000, 0x0000, 0x0000, 0x0000, 0x0000, 0x0000, 0x0000, 0x0000, 0x0000, 0x0000, 0x0000,
    0x0000, 0x0000, 0x0000, 0x0000, 0x0000, 0x0000, 0x0000, 0x0000, 0x0000, 0x0000, 0x0000, 0x0000,
    0x0000, 0x0000, 0x0000, 0x0000, 0x0000, 0x0000, 0x0000, 0x0000, 0x0000, 0x0000, 0x0000, 0x0000,
    0x0000, 0x0000, 0x0000, 0x0000, 0x0000, 0x0000, 0x0000, 0x0000, 0x0000, 0x0000, 0x0000, 0x0000,
    0x0000, 0x0000, 0x0000, 0x0000, 0x0000, 0x0000, 0x0000, 0x0800, 0x0800, 0x0800, 0x0800, 0x0800,
    0x1000, 0x1000, 0x1000, 0x1000, 0x1000, 0x1000, 0x1000, 0x1000, 0x1000, 0x1000, 0x1000, 0x1000,
    0x0800, 0x0800, 0x0800, 0x0800, 0x0800, 0x0800, 0x1000, 0x1000, 0x1000, 0x1000, 0x1800, 0x1800,
    0x1800, 0x1000, 0x1000, 0x1000, 0x1000, 0x1000, 0x1000, 0x0800, 0x1000, 0x1000, 0x1000, 0x1000,
    0x1000, 0x1000, 0x1000, 0x1000, 0x1000, 0x1000, 0x1000, 0x1000, 0x1000, 0x1000, 0x1800, 0x1800,
    0x1800, 0x4800, 0xe104, 0xf986, 0xf945, 0xf145, 0xf145, 0xf965, 0xf965, 0xf965, 0xf945, 0xf145,
    0xf145, 0xf145, 0xf165, 0xf965, 0xf104, 0x9821, 0x3800, 0x2000, 0x1800, 0x1000, 0x1000, 0x1000,
    0x1000, 0x1000, 0x1000, 0x1000, 0x1000, 0x1000, 0x1000, 0x1000, 0x1000, 0x1000, 0x0800, 0x0800,
    0x0800, 0x0800, 0x0800, 0x0000, 0x0000, 0x0000, 0x0000, 0x0000, 0x0000, 0x0000, 0x0000, 0x0000,
    0x0000, 0x0000, 0x0000, 0x0000, 0x0000, 0x0000, 0x0000, 0x0000, 0x0000, 0x0000, 0x0000, 0x0000,
    0x0000, 0x0000, 0x0000, 0x0800, 0x0800, 0x0800, 0x0800, 0x1000, 0x1000, 0x1000, 0x1800, 0x1800,
    0x2000, 0x7803, 0xa004, 0xb004, 0xe865, 0xf8a6, 0xfaaa, 0xfed9, 0xf2aa, 0xf020, 0xf0a0, 0xf0c1,
    0xf8a1, 0xd060, 0x3841, 0x0842, 0x0842, 0x0842, 0x0842, 0x0842, 0x0842, 0x0842, 0x0842, 0x0842,
    0x0842, 0x0842, 0x0842, 0x0842, 0x0842, 0x0842, 0x0842, 0x0842, 0x0842, 0x0842, 0x0842, 0x0842,
    0x0842, 0x0842, 0x0842, 0x0842, 0x0842, 0x0842, 0x0842, 0x0842, 0x0842, 0x0842, 0x0842, 0x0842,
    0x0842, 0x1041, 0x8840, 0xe060, 0xe8a0, 0xf0c1, 0xf060, 0xf144, 0xfe99, 0xfc4f, 0xf8c7, 0xe846,
    0xb003, 0x9002, 0x8002, 0x3000, 0x1800, 0x1800, 0x1800, 0x1000, 0x1000, 0x1000, 0x1000, 0x1800,
    0x2000, 0x2000, 0x3000, 0x8821, 0xf365, 0xfd27, 0xf226, 0xb003, 0x5001, 0x1000, 0x0000, 0x0000,
    0x0000, 0x0000, 0x0000, 0x0000, 0x0000, 0x0000, 0x0000, 0x0000, 0x0000, 0x0000, 0x0000, 0x0000,
    0x0000, 0x0000, 0x0000, 0x0000, 0x0000, 0x0000, 0x0000, 0x0000, 0x3001, 0x8004, 0xe0e7, 0xfb27,
    0xfaa6, 0xb843, 0x3800, 0x1000, 0x1000, 0x0800, 0x0800, 0x0800, 0x0000, 0x0000, 0x0000, 0x0000,
    0x0000, 0x0000, 0x0000, 0x0000, 0x0000, 0x0000, 0x0000, 0x0000, 0x0000, 0x0000, 0x0000, 0x0000,
    0x0000, 0x0000, 0x0000, 0x0000, 0x0000, 0x0000, 0x0000, 0x0000, 0x0000, 0x0000, 0x0000, 0x0000,
    0x0000, 0x0000, 0x0000, 0x0000, 0x0000, 0x0000, 0x0000, 0x0000, 0x0000, 0x0000, 0x0000, 0x0000,
    0x0000, 0x0000, 0x0000, 0x0000, 0x0000, 0x0000, 0x0000, 0x0000, 0x0000, 0x0000, 0x0000, 0x0000,
    0x0000, 0x0000, 0x0000, 0x0000, 0x0000, 0x0000, 0x0000, 0x0000, 0x0000, 0x0000, 0x0000, 0x0000,
    0x0000, 0x0000, 0x0000, 0x0000, 0x0000, 0x0000, 0x0000, 0x0000, 0x0000, 0x0000, 0x0000, 0x0000,
    0x0000, 0x0000, 0x0000, 0x0000, 0x0000, 0x0800, 0x0800, 0x0800, 0x0800, 0x0800, 0x0800, 0x0800,
    0x1000, 0x1000, 0x1000, 0x0800, 0x0800, 0x0800, 0x0800, 0x0800, 0x0800, 0x0800, 0x0800, 0x0800,
    0x0800, 0x0800, 0x0800, 0x0800, 0x0800, 0x0800, 0x1000, 0x1000, 0x1000, 0x1000, 0x0800, 0x0800,
    0x0800, 0x0800, 0x0800, 0x0800, 0x0800, 0x0800, 0x0800, 0x0800, 0x0800, 0x0800, 0x0800, 0x0800,
    0x0800, 0x0800, 0x0800, 0x0800, 0x1000, 0x1000, 0x1000, 0x1800, 0x1800, 0x3800, 0xa062, 0xe0c3,
    0xf925, 0xf945, 0xf945, 0xf945, 0xf945, 0xf925, 0xf145, 0xf925, 0xf945, 0xf945, 0xf945, 0xe8c3,
    0x9821, 0x4000, 0x2800, 0x1800, 0x1000, 0x1000, 0x0800, 0x0800, 0x0800, 0x0800, 0x0800, 0x0800,
    0x0800, 0x0800, 0x0800, 0x0800, 0x0800, 0x0800, 0x0800, 0x0800, 0x0800, 0x0800, 0x0000, 0x0000,
    0x0000, 0x0000, 0x0000, 0x0000, 0x0000, 0x0000, 0x0000, 0x0000, 0x0000, 0x0000, 0x0000, 0x0000,
    0x0000, 0x0000, 0x0000, 0x0000, 0x0000, 0x0000, 0x0000, 0x0000, 0x0000, 0x0000, 0x0000, 0x0800,
    0x0800, 0x0800, 0x0800, 0x1000, 0x1000, 0x1000, 0x1800, 0x1800, 0x2800, 0x7803, 0x9804, 0xa804,
    0xe845, 0xf8a6, 0xfaaa, 0xfed9, 0xf2aa, 0xf020, 0xf0a0, 0xf0c1, 0xf8a1, 0xd860, 0x3841, 0x0842,
    0x0842, 0x0842, 0x0842, 0x0842, 0x0842, 0x0842, 0x0842, 0x0842, 0x0842, 0x0842, 0x0842, 0x0842,
    0x0842, 0x0842, 0x0842, 0x0842, 0x0842, 0x0842, 0x0842, 0x0842, 0x0842, 0x0842, 0x0842, 0x0842,
    0x0842, 0x0842, 0x0842, 0x0842, 0x0842, 0x0842, 0x0842, 0x0842, 0x0842, 0x1041, 0x9040, 0xe060,
    0xe8a0, 0xf0c1, 0xf060, 0xf144, 0xfe99, 0xf44f, 0xf8c7, 0xe846, 0xb003, 0x9002, 0x8002, 0x3000,
    0x1800, 0x1800, 0x1800, 0x1000, 0x1000, 0x1000, 0x1000, 0x1000, 0x1800, 0x2000, 0x2000, 0x3800,
    0x8881, 0xeb46, 0xfd48, 0xfbc6, 0xd944, 0xa003, 0x7002, 0x6802, 0x7003, 0x7003, 0x7003, 0x6803,
    0x6803, 0x6803, 0x6803, 0x7003, 0x6803, 0x6803, 0x6803, 0x6803, 0x6803, 0x6803, 0x6803, 0x7003,
    0x6803, 0x6803, 0x7003, 0x9804, 0xc8c6, 0xf226, 0xfb46, 0xfa24, 0xb863, 0x5000, 0x1800, 0x1000,
    0x1000, 0x0800, 0x0800, 0x0000, 0x0000, 0x0000, 0x0000, 0x0000, 0x0000, 0x0000, 0x0000, 0x0000,
    0x0000, 0x0000, 0x0000, 0x0000, 0x0000, 0x0000, 0x0000, 0x0000, 0x0000, 0x0000, 0x0000, 0x0000,
    0x0000, 0x0000, 0x0000, 0x0000, 0x0000, 0x0000, 0x0000, 0x0000, 0x0000, 0x0000, 0x0000, 0x0000,
    0x0000, 0x0000, 0x0000, 0x0000, 0x0000, 0x0000, 0x0000, 0x0000, 0x0000, 0x0000, 0x0000, 0x0000,
    0x0000, 0x0000, 0x0000, 0x0000, 0x0000, 0x0000, 0x0000, 0x0000, 0x0000, 0x0000, 0x0000, 0x0000,
    0x0000, 0x0000, 0x0000, 0x0000, 0x0000, 0x0000, 0x0000, 0x0000, 0x0000, 0x0000, 0x0000, 0x0000,
    0x0000, 0x0000, 0x0000, 0x0000, 0x0000, 0x0000, 0x0000, 0x0000, 0x0000, 0x0000, 0x0000, 0x0000,
    0x0000, 0x0000, 0x0000, 0x0800, 0x0800, 0x0800, 0x0800, 0x0800, 0x0800, 0x0800, 0x0800, 0x0800,
    0x0800, 0x0800, 0x0800, 0x0800, 0x0800, 0x0800, 0x0800, 0x0800, 0x0800, 0x0800, 0x0800, 0x0800,
    0x0800, 0x0800, 0x0800, 0x0800, 0x0800, 0x0800, 0x0800, 0x0800, 0x0800, 0x0800, 0x0800, 0x0800,
    0x0800, 0x0800, 0x0800, 0x0800, 0x0800, 0x0800, 0x0800, 0x0800, 0x0800, 0x0800, 0x0800, 0x0800,
    0x0800, 0x0800, 0x1000, 0x1000, 0x1800, 0x2000, 0x3000, 0x6800, 0xa861, 0xd8c3, 0xf0e4, 0xf8e4,
    0xf905, 0xf905, 0xf905, 0xf904, 0xf0c4, 0xd8a3, 0xb062, 0x7820, 0x3800, 0x2000, 0x1800, 0x1000,
    0x1000, 0x0800, 0x0800, 0x0800, 0x0800, 0x0800, 0x0800, 0x0800, 0x0800, 0x0800, 0x0800, 0x0800,
    0x0800, 0x0800, 0x0800, 0x0800, 0x0000, 0x0000, 0x0000, 0x0000, 0x0000, 0x0000, 0x0000, 0x0000,
    0x0000, 0x0000, 0x0000, 0x0000, 0x0000, 0x0000, 0x0000, 0x0000, 0x0000, 0x0000, 0x0000, 0x0000,
    0x0000, 0x0000, 0x0000, 0x0000, 0x0000, 0x0000, 0x0000, 0x0800, 0x0800, 0x0800, 0x0800, 0x1000,
    0x1000, 0x1000, 0x1800, 0x1800, 0x2800, 0x7803, 0x9804, 0xa804, 0xe845, 0xf8a6, 0xfaaa, 0xfed9,
    0xf2aa, 0xf000, 0xf0a0, 0xf0c1, 0xf8a1, 0xd860, 0x4041, 0x0842, 0x0842, 0x0842, 0x0842, 0x0842,
    0x0842, 0x0842, 0x0842, 0x0842, 0x0842, 0x0842, 0x0842, 0x0842, 0x0842, 0x0842, 0x0842, 0x0842,
    0x0842, 0x0842, 0x0842, 0x0842, 0x0842, 0x0842, 0x0842, 0x0842, 0x0842, 0x0842, 0x0842, 0x0842,
    0x0842, 0x0842, 0x0842, 0x0842, 0x0842, 0x1041, 0x9040, 0xe060, 0xe8a1, 0xf0c1, 0xf060, 0xf144,
    0xf699, 0xf44f, 0xf0c6, 0xe846, 0xb003, 0x9002, 0x8002, 0x3000, 0x1800, 0x1800, 0x1000, 0x1000,
    0x1000, 0x1000, 0x1000, 0x1000, 0x1000, 0x1800, 0x2000, 0x2000, 0x3000, 0x7021, 0xba24, 0xf3e3,
    0xfbe2, 0xfb22, 0xf263, 0xf203, 0xf1e4, 0xf1c4, 0xf1c4, 0xf1a4, 0xf1a4, 0xf184, 0xf184, 0xf184,
    0xf184, 0xf184, 0xf1a4, 0xf1a4, 0xf184, 0xf184, 0xf1a4, 0xf1c4, 0xf205, 0xf225, 0xf1e4, 0xf9c4,
    0xfa03, 0xfa83, 0xe1a3, 0x9841, 0x3800, 0x1800, 0x1000, 0x1000, 0x0800, 0x0800, 0x0000, 0x0000,
    0x0000, 0x0000, 0x0000, 0x0000, 0x0000, 0x0000, 0x0000, 0x0000, 0x0000, 0x0000, 0x0000, 0x0000,
    0x0000, 0x0000, 0x0000, 0x0000, 0x0000, 0x0000, 0x0000, 0x0000, 0x0000, 0x0000, 0x0000, 0x0000,
    0x0000, 0x0000, 0x0000, 0x0000, 0x0000, 0x0000, 0x0000, 0x0000, 0x0000, 0x0000, 0x0000, 0x0000,
    0x0000, 0x0000, 0x0000, 0x0000, 0x0000, 0x0000, 0x0000, 0x0000, 0x0000, 0x0000, 0x0000, 0x0000,
    0x0000, 0x0000, 0x0000, 0x0000, 0x0000, 0x0000, 0x0000, 0x0000, 0x0000, 0x0000, 0x0000, 0x0000,
    0x0000, 0x0000, 0x0000, 0x0000, 0x0000, 0x0000, 0x0000, 0x0000, 0x0000, 0x0000, 0x0000, 0x0000,
    0x0000, 0x0000, 0x0000, 0x0000, 0x0000, 0x0000, 0x0000, 0x0000, 0x0000, 0x0000, 0x0000, 0x0000,
    0x0000, 0x0000, 0x0000, 0x0000, 0x0000, 0x0000, 0x0000, 0x0000, 0x0000, 0x0800, 0x0000, 0x0000,
    0x0000, 0x0000, 0x0000, 0x0000, 0x0000, 0x0000, 0x0000, 0x0000, 0x0800, 0x0800, 0x0800, 0x0800,
    0x0800, 0x0800, 0x0800, 0x0800, 0x0800, 0x0800, 0x0800, 0x0000, 0x0000, 0x0800, 0x0800, 0x0000,
    0x0000, 0x0000, 0x0800, 0x0800, 0x0800, 0x0800, 0x0800, 0x0800, 0x0800, 0x0800, 0x0800, 0x1000,
    0x1000, 0x1800, 0x1000, 0x1800, 0x3800, 0x5800, 0x7820, 0x8821, 0x9841, 0xa041, 0xa041, 0x9841,
    0x8020, 0x6000, 0x4000, 0x2800, 0x2000, 0x1800, 0x1000, 0x1000, 0x0800, 0x0800, 0x0800, 0x0800,
    0x0800, 0x0000, 0x0000, 0x0000, 0x0000, 0x0000, 0x0000, 0x0000, 0x0000, 0x0000, 0x0000, 0x0000,
    0x0000, 0x0000, 0x0000, 0x0000, 0x0000, 0x0000, 0x0000, 0x0000, 0x0000, 0x0000, 0x0000, 0x0000,
    0x0000, 0x0000, 0x0000, 0x0000, 0x0000, 0x0000, 0x0000, 0x0000, 0x0000, 0x0000, 0x0000, 0x0000,
    0x0000, 0x0000, 0x0000, 0x0000, 0x0800, 0x0800, 0x0800, 0x0800, 0x1000, 0x1000, 0x1800, 0x1800,
    0x2000, 0x7803, 0x9804, 0xa804, 0xe845, 0xf8a6, 0xfaaa, 0xfed9, 0xf2aa, 0xf000, 0xf0a0, 0xf0c1,
    0xf8a1, 0xd840, 0x4041, 0x0842, 0x0842, 0x0842, 0x0842, 0x0842, 0x0842, 0x0842, 0x0842, 0x0842,
    0x0842, 0x0842, 0x0842, 0x0842, 0x0842, 0x0842, 0x0842, 0x0842, 0x0842, 0x0842, 0x0842, 0x0842,
    0x0842, 0x0842, 0x0842, 0x0842, 0x0842, 0x0842, 0x0842, 0x0842, 0x0842, 0x0842, 0x0842, 0x0842,
    0x0842, 0x1041, 0x8040, 0xe060, 0xe8a1, 0xf0c1, 0xf060, 0xf144, 0xfe99, 0xf44f, 0xf0a6, 0xe846,
    0xb003, 0x9803, 0x8002, 0x3000, 0x1800, 0x1800, 0x1000, 0x1000, 0x1000, 0x1000, 0x1000, 0x1000,
    0x1000, 0x1000, 0x1000, 0x1800, 0x1800, 0x1000, 0x2800, 0x60a0, 0x99a0, 0xc240, 0xda61, 0xe201,
    0xd9a0, 0xd9a0, 0xd9a1, 0xd9a1, 0xe1a1, 0xd961, 0xd941, 0xd940, 0xd940, 0xd961, 0xd961, 0xd961,
    0xd941, 0xd941, 0xd941, 0xd961, 0xd9a1, 0xe1c1, 0xe1c1, 0xd140, 0xb0e0, 0x8080, 0x5000, 0x1800,
    0x0000, 0x0000, 0x0000, 0x0000, 0x0000, 0x0000, 0x0000, 0x0000, 0x0000, 0x0000, 0x0000, 0x0000,
    0x0000, 0x0000, 0x0000, 0x0000, 0x0000, 0x0000, 0x0000, 0x0000, 0x0000, 0x0000, 0x0000, 0x0000,
    0x0000, 0x0000, 0x0000, 0x0000, 0x0000, 0x0000, 0x0000, 0x0000, 0x0000, 0x0000, 0x0000, 0x0000,
    0x0000, 0x0000, 0x0000, 0x0000, 0x0000, 0x0000, 0x0000, 0x0000, 0x0000, 0x0000, 0x0000, 0x0000,
    0x0000, 0x0000, 0x0000, 0x0000, 0x0000, 0x0000, 0x0000, 0x0000, 0x0000, 0x0000, 0x0000, 0x0000,
    0x0000, 0x0000, 0x0000, 0x0000, 0x0000, 0x0000, 0x0000, 0x0000, 0x0000, 0x0000, 0x0000, 0x0000,
    0x0000, 0x0000, 0x0000, 0x0000, 0x0000, 0x0000, 0x0000, 0x0000, 0x0000, 0x0000, 0x0000, 0x0000,
    0x0000, 0x0000, 0x0000, 0x0000, 0x0000, 0x0000, 0x0000, 0x0000, 0x0000, 0x0000, 0x0000, 0x0000,
    0x0000, 0x0000, 0x0000, 0x0000, 0x0000, 0x0000, 0x0000, 0x0000, 0x0000, 0x0000, 0x0000, 0x0000,
    0x0000, 0x0000, 0x0000, 0x0000, 0x0000, 0x0000, 0x0000, 0x0000, 0x0000, 0x0000, 0x0000, 0x0000,
    0x0000, 0x0000, 0x0000, 0x0000, 0x0000, 0x0000, 0x0000, 0x0000, 0x0000, 0x0000, 0x0000, 0x0000,
    0x0000, 0x0000, 0x0000, 0x0000, 0x0000, 0x0000, 0x0000, 0x0000, 0x0000, 0x0000, 0x0000, 0x0800,
    0x0800, 0x0800, 0x1000, 0x2000, 0x2800, 0x2800, 0x2000, 0x2000, 0x1000, 0x0800, 0x0800, 0x0000,
    0x0000, 0x0000, 0x0000, 0x0000, 0x0000, 0x0000, 0x0000, 0x0000, 0x0000, 0x0000, 0x0000, 0x0000,
    0x0000, 0x0000, 0x0000, 0x0000, 0x0000, 0x0000, 0x0000, 0x0000, 0x0000, 0x0000, 0x0000, 0x0000,
    0x0000, 0x0000, 0x0000, 0x0000, 0x0000, 0x0000, 0x0000, 0x0000, 0x0000, 0x0000, 0x0000, 0x0000,
    0x0000, 0x0000, 0x0000, 0x0000, 0x0000, 0x0000, 0x0000, 0x0000, 0x0000, 0x0000, 0x0000, 0x0000,
    0x0000, 0x0800, 0x0800, 0x0800, 0x1000, 0x1000, 0x1800, 0x1800, 0x2000, 0x7003, 0x9804, 0xa804,
    0xe845, 0xf8a6, 0xfaaa, 0xfed9, 0xf2aa, 0xf000, 0xf0a0, 0xf0c1, 0xf081, 0xd040, 0x3841, 0x0842,
    0x0842, 0x0842, 0x0842, 0x0842, 0x0842, 0x0842, 0x0842, 0x0842, 0x0842, 0x0842, 0x0842, 0x0842,
    0x0842, 0x0842, 0x0842, 0x0842, 0x0842, 0x0842, 0x0842, 0x0842, 0x0842, 0x0842, 0x0842, 0x0842,
    0x0842, 0x0842, 0x0842, 0x0842, 0x0842, 0x0842, 0x0842, 0x0842, 0x0842, 0x1041, 0x8840, 0xe060,
    0xe8a0, 0xf0c1, 0xf040, 0xf144, 0xfe99, 0xf42f, 0xf0a6, 0xe845, 0xb003, 0x9803, 0x8003, 0x2800,
    0x1800, 0x1800, 0x1000, 0x1000, 0x1000, 0x0800, 0x0800, 0x0800, 0x0800, 0x0800, 0x0800, 0x0000,
    0x0800, 0x1800, 0x3801, 0x5001, 0x7001, 0x9800, 0xb040, 0xb840, 0xb820, 0xb820, 0xb020, 0xb020,
    0xb020, 0xa820, 0xa800, 0xa800, 0xa800, 0xa800, 0xa800, 0xa800, 0xa800, 0xa800, 0xa000, 0xa000,
    0xa800, 0xb020, 0xb020, 0xa801, 0x8801, 0x7002, 0x6002, 0x6002, 0x6003, 0x5003, 0x5003, 0x4803,
    0x4803, 0x4004, 0x3803, 0x3803, 0x5004, 0x7805, 0x7805, 0x7805, 0x7805, 0x7805, 0x8005, 0x7805,
    0x7805, 0x7806, 0x7806, 0x7806, 0x7805, 0x7806, 0x7806, 0x7805, 0x7805, 0x7805, 0x7806, 0x7806,
    0x7805, 0x7805, 0x7806, 0x8006, 0x8006, 0x8006, 0x7805, 0x7805, 0x7806, 0x7805, 0x7805, 0x7806,
    0x7806, 0x7805, 0x8006, 0x8005, 0x8005, 0x8006, 0x8006, 0x8006, 0x8006, 0x8006, 0x8006, 0x8006,
    0x8006, 0x8006, 0x8006, 0x7805, 0x7805, 0x8006, 0x7805, 0x7805, 0x7805, 0x7805, 0x7805, 0x7805,
    0x7805, 0x7805, 0x8005, 0x8005, 0x7805, 0x8005, 0x8005, 0x8005, 0x8005, 0x8005, 0x8005, 0x8005,
    0x8005, 0x8006, 0x8005, 0x8005, 0x8005, 0x8005, 0x8005, 0x8005, 0x8005, 0x8005, 0x8005, 0x8005,
    0x8005, 0x8005, 0x8005, 0x8005, 0x8005, 0x8005, 0x8005, 0x8005, 0x8005, 0x8005, 0x8005, 0x8005,
    0x8005, 0x8005, 0x8005, 0x8005, 0x8005, 0x8805, 0x8004, 0x8005, 0x8005, 0x8004, 0x8004, 0x8004,
    0x8004, 0x8004, 0x8804, 0x8804, 0x8804, 0x8804, 0x8804, 0x8804, 0x8004, 0x8804, 0x8804, 0x8804,
    0x8804, 0x8804, 0x8804, 0x8804, 0x8804, 0x8804, 0x8804, 0x8804, 0x8804, 0x8804, 0x8804, 0x8804,
    0x8804, 0x8804, 0x8804, 0x8804, 0x8804, 0x9004, 0x9004, 0x9004, 0x9004, 0x9004, 0x9004, 0x9804,
    0x9804, 0x9003, 0x9004, 0x8804, 0x9004, 0x9004, 0x9004, 0x9004, 0x8804, 0x9004, 0x9004, 0x8804,
    0x8804, 0x8804, 0x8804, 0x8804, 0x8804, 0x8804, 0x8804, 0x8804, 0x8804, 0x8804, 0x8804, 0x8804,
    0x8804, 0x8804, 0x8804, 0x8805, 0x8004, 0x8004, 0x8004, 0x8004, 0x8805, 0x8004, 0x8004, 0x8004,
    0x8004, 0x8004, 0x8004, 0x8004, 0x8004, 0x8004, 0x8004, 0x8004, 0x8004, 0x8004, 0x8004, 0x8004,
    0x8004, 0x8003, 0x8003, 0x8003, 0x8003, 0x8003, 0x8802, 0x8803, 0x5002, 0x0800, 0x0800, 0x0800,
    0x1000, 0x1000, 0x1800, 0x1800, 0x2000, 0x7003, 0x9804, 0xb004, 0xe845, 0xf8a6, 0xfa8a, 0xfeb9,
    0xf28a, 0xf020, 0xf0a0, 0xf0a1, 0xf080, 0xd840, 0x4041, 0x0842, 0x0842, 0x0842, 0x0842, 0x0842,
    0x0842, 0x0842, 0x0842, 0x0842, 0x0842, 0x0842, 0x0842, 0x0842, 0x0842, 0x0842, 0x0842, 0x0842,
    0x0842, 0x0842, 0x0842, 0x0842, 0x0842, 0x0842, 0x0842, 0x0842, 0x0842, 0x0842, 0x0842, 0x0842,
    0x0842, 0x0842, 0x0842, 0x0842, 0x0842, 0x1041, 0x8840, 0xe060, 0xf0a0, 0xf0c0, 0xf040, 0xf144,
    0xfe99, 0xf40e, 0xf0a6, 0xe845, 0xb003, 0x9003, 0x8003, 0x2800, 0x1800, 0x1800, 0x1000, 0x1000,
    0x0800, 0x0800, 0x0800, 0x0800, 0x0800, 0x0000, 0x0000, 0x1801, 0x6804, 0xb006, 0xc806, 0xb805,
    0x9802, 0x9001, 0x9800, 0xa800, 0xb000, 0xb000, 0xa800, 0xa000, 0x9800, 0x9000, 0x9000, 0x9000,
    0x9000, 0x9000, 0x9000, 0x9001, 0x9001, 0x8801, 0x8801, 0x9001, 0x9001, 0x9001, 0x9001, 0x8802,
    0x8802, 0x8803, 0x8803, 0x8804, 0x8004, 0x7804, 0x7004, 0x6004, 0x5805, 0x5805, 0x5805, 0x5805,
    0x8006, 0xa007, 0xa807, 0xa007, 0xa007, 0xa807, 0xa807, 0xa807, 0xa807, 0xa807, 0xa808, 0xa008,
    0xa007, 0xa008, 0xa007, 0xa007, 0xa007, 0xa007, 0xa807, 0xa807, 0xa807, 0xa807, 0xa807, 0xa808,
    0xa808, 0xa808, 0xa807, 0xa807, 0xa808, 0xa007, 0xa007, 0xa807, 0xa807, 0xa007, 0xa807, 0xa807,
    0xa807, 0xa807, 0xa807, 0xa807, 0xa808, 0xa808, 0xa808, 0xa808, 0xa807, 0xa807, 0xa807, 0xa807,
    0xa807, 0xa807, 0xa807, 0xa007, 0xa807, 0xa807, 0xa807, 0xa807, 0xa807, 0xa807, 0xa807, 0xa807,
    0xa807, 0xa807, 0xa807, 0xa807, 0xa807, 0xa807, 0xa807, 0xa807, 0xa807, 0xa807, 0xb007, 0xb007,
    0xb007, 0xa807, 0xa807, 0xa807, 0xa807, 0xa807, 0xa807, 0xa807, 0xb007, 0xb007, 0xb007, 0xb007,
    0xb007, 0xb007, 0xa806, 0xa806, 0xa806, 0xb006, 0xb006, 0xb006, 0xb006, 0xb006, 0xb006, 0xb006,
    0xb006, 0xb806, 0xb006, 0xb006, 0xb006, 0xb006, 0xb806, 0xb806, 0xb805, 0xb805, 0xb805, 0xb805,
    0xb805, 0xb805, 0xb805, 0xc005, 0xc005, 0xc005, 0xb805, 0xb805, 0xb805, 0xb805, 0xb805, 0xb805,
    0xb805, 0xb805, 0xb805, 0xb805, 0xb805, 0xb805, 0xb805, 0xb805, 0xb805, 0xb805, 0xb805, 0xc005,
    0xc005, 0xb805, 0xb805, 0xb805, 0xc005, 0xc005, 0xc005, 0xb805, 0xb805, 0xb805, 0xb805, 0xb805,
    0xb805, 0xb805, 0xb805, 0xb805, 0xb805, 0xb805, 0xb805, 0xb806, 0xb806, 0xb806, 0xb806, 0xb806,
    0xb806, 0xb806, 0xb806, 0xb806, 0xb806, 0xb806, 0xb006, 0xb806, 0xb806, 0xb806, 0xb806, 0xb806,
    0xb006, 0xb006, 0xb005, 0xb006, 0xb806, 0xb006, 0xb006, 0xb006, 0xb006, 0xb006, 0xa806, 0xa806,
    0xa806, 0xa806, 0xa805, 0xa805, 0xa806, 0xa806, 0xa805, 0xa805, 0xa805, 0xa804, 0xb005, 0xb004,
    0xb004, 0xb003, 0xb803, 0xc003, 0x7002, 0x0800, 0x0800, 0x0800, 0x1000, 0x1000, 0x1800, 0x1800,
    0x2000, 0x7003, 0x9804, 0xb004, 0xe845, 0xf8a6, 0xfa89, 0xfeb9, 0xf28a, 0xf020, 0xf0a0, 0xf0a1,
    0xf080, 0xd840, 0x4041, 0x0842, 0x0842, 0x0842, 0x0842, 0x0842, 0x0842, 0x0842, 0x0842, 0x0842,
    0x0842, 0x0842, 0x0842, 0x0842, 0x0842, 0x0842, 0x0842, 0x0842, 0x0842, 0x0842, 0x0842, 0x0842,
    0x0842, 0x0842, 0x0842, 0x0842, 0x0842, 0x0842, 0x0842, 0x0842, 0x0842, 0x0842, 0x0842, 0x0842,
    0x0842, 0x1041, 0x8840, 0xe060, 0xf081, 0xf0c1, 0xf040, 0xf144, 0xf699, 0xf40f, 0xf0a5, 0xe845,
    0xb003, 0x9003, 0x7803, 0x2800, 0x1800, 0x1800, 0x1000, 0x1000, 0x0800, 0x0800, 0x0800, 0x0800,
    0x0000, 0x0000, 0x3803, 0xa007, 0xc007, 0x9005, 0x6803, 0x4802, 0x3801, 0x3000, 0x3000, 0x3000,
    0x3800, 0x3800, 0x3800, 0x3800, 0x3000, 0x3000, 0x3000, 0x3000, 0x3000, 0x3000, 0x3000, 0x3000,
    0x3000, 0x3000, 0x3000, 0x3000, 0x3000, 0x2800, 0x2800, 0x2800, 0x2800, 0x2001, 0x2001, 0x2001,
    0x2001, 0x2001, 0x1801, 0x1801, 0x1001, 0x1001, 0x1001, 0x1801, 0x2001, 0x2802, 0x2801, 0x2801,
    0x2801, 0x2801, 0x2801, 0x2801, 0x2801, 0x2801, 0x2802, 0x2001, 0x2001, 0x2001, 0x2001, 0x2001,
    0x2001, 0x2001, 0x2801, 0x2801, 0x2801, 0x2801, 0x2801, 0x2801, 0x2801, 0x2801, 0x2801, 0x2801,
    0x2801, 0x2801, 0x2001, 0x2801, 0x2801, 0x2001, 0x2801, 0x2801, 0x2801, 0x2801, 0x2801, 0x2801,
    0x2801, 0x2801, 0x2801, 0x2801, 0x2801, 0x2801, 0x2801, 0x2801, 0x2801, 0x2801, 0x2801, 0x2001,
    0x2801, 0x2801, 0x2801, 0x2801, 0x2801, 0x2801, 0x2801, 0x2801, 0x2801, 0x2801, 0x2801, 0x2801,
    0x2801, 0x2801, 0x2801, 0x2801, 0x2801, 0x2801, 0x2801, 0x2801, 0x2801, 0x2801, 0x2801, 0x2801,
    0x2801, 0x2801, 0x2801, 0x2801, 0x2801, 0x2801, 0x2801, 0x2801, 0x2801, 0x2801, 0x2801, 0x2801,
    0x2801, 0x2801, 0x2801, 0x2801, 0x2801, 0x2801, 0x2801, 0x2801, 0x2801, 0x2801, 0x2801, 0x2801,
    0x2801, 0x2801, 0x2801, 0x2801, 0x2801, 0x2801, 0x2801, 0x3001, 0x3001, 0x3001, 0x3001, 0x3801,
    0x3801, 0x3000, 0x3000, 0x3001, 0x3001, 0x3001, 0x3001, 0x3001, 0x3001, 0x2801, 0x2801, 0x2801,
    0x2801, 0x2801, 0x2801, 0x2801, 0x2801, 0x2801, 0x2801, 0x3001, 0x3001, 0x3001, 0x2800, 0x3000,
    0x3800, 0x3800, 0x3800, 0x3001, 0x3001, 0x3001, 0x3001, 0x3001, 0x3001, 0x2801, 0x2801, 0x2801,
    0x2801, 0x2801, 0x2801, 0x2801, 0x2801, 0x2801, 0x2801, 0x2801, 0x2801, 0x2801, 0x2801, 0x2801,
    0x2801, 0x2801, 0x2801, 0x2801, 0x2801, 0x2801, 0x2801, 0x2801, 0x2801, 0x2801, 0x2801, 0x2801,
    0x2801, 0x2801, 0x2801, 0x2801, 0x2801, 0x2801, 0x2801, 0x2801, 0x2801, 0x2801, 0x2801, 0x2801,
    0x2801, 0x2801, 0x2801, 0x2801, 0x2801, 0x2801, 0x2801, 0x2801, 0x2800, 0x2800, 0x2800, 0x2800,
    0x1800, 0x0800, 0x0800, 0x0800, 0x1000, 0x1000, 0x1800, 0x1800, 0x2000, 0x7003, 0x9804, 0xb004,
    0xe865, 0xf8a6, 0xfaaa, 0xfeb9, 0xf28a, 0xf000, 0xf0a0, 0xf0a1, 0xf080, 0xd040, 0x3841, 0x0842,
    0x0842, 0x0842, 0x0842, 0x0842, 0x0842, 0x0842, 0x0842, 0x0842, 0x0842, 0x0842, 0x0842, 0x0842,
    0x0842, 0x0842, 0x0842, 0x0842, 0x0842, 0x0842, 0x0842, 0x0842, 0x0842, 0x0842, 0x0842, 0x0842,
    0x0842, 0x0842, 0x0842, 0x0842, 0x0842, 0x0842, 0x0842, 0x0842, 0x0842, 0x1841, 0x9040, 0xe060,
    0xe8a1, 0xf0c1, 0xf060, 0xf144, 0xf699, 0xf40f, 0xf0a6, 0xe845, 0xb003, 0x9803, 0x7803, 0x2800,
    0x1800, 0x1800, 0x1000, 0x1000, 0x0800, 0x0800, 0x0800, 0x0000, 0x0000, 0x4003, 0xb808, 0xa807,
    0x4802, 0x1000, 0x0000, 0x0000, 0x0000, 0x0000, 0x0000, 0x0000, 0x0000, 0x0000, 0x0000, 0x0000,
    0x0000, 0x0000, 0x0000, 0x0000, 0x0000, 0x0000, 0x0000, 0x0000, 0x0000, 0x0000, 0x0000, 0x0000,
    0x0000, 0x0000, 0x0000, 0x0000, 0x0000, 0x0000, 0x0000, 0x0000, 0x0000, 0x0000, 0x0000, 0x0000,
    0x0000, 0x0000, 0x0000, 0x0000, 0x0000, 0x0000, 0x0000, 0x0000, 0x0000, 0x0000, 0x0000, 0x0000,
    0x0000, 0x0000, 0x0000, 0x0000, 0x0000, 0x0000, 0x0000, 0x0000, 0x0000, 0x0000, 0x0000, 0x0000,
    0x0000, 0x0000, 0x0000, 0x0000, 0x0000, 0x0000, 0x0000, 0x0000, 0x0000, 0x0000, 0x0000, 0x0000,
    0x0000, 0x0000, 0x0000, 0x0000, 0x0000, 0x0000, 0x0000, 0x0000, 0x0000, 0x0000, 0x0000, 0x0000,
    0x0000, 0x0000, 0x0000, 0x0000, 0x0000, 0x0000, 0x0000, 0x0000, 0x0000, 0x0000, 0x0000, 0x0000,
    0x0000, 0x0000, 0x0000, 0x0000, 0x0000, 0x0000, 0x0000, 0x0000, 0x0000, 0x0000, 0x0000, 0x0000,
    0x0000, 0x0000, 0x0000, 0x0000, 0x0000, 0x0000, 0x0000, 0x0000, 0x0000, 0x0000, 0x0000, 0x0000,
    0x0000, 0x0000, 0x0000, 0x0000, 0x0000, 0x0000, 0x0000, 0x0000, 0x0000, 0x0000, 0x0000, 0x0000,
    0x0000, 0x0000, 0x0000, 0x0000, 0x0000, 0x0000, 0x0000, 0x0000, 0x0000, 0x0000, 0x0000, 0x0000,
    0x0000, 0x0000, 0x0000, 0x0800, 0x0800, 0x1000, 0x3000, 0x5040, 0x58a1, 0x58e1, 0x6101, 0x60c1,
    0x4840, 0x3000, 0x1800, 0x0800, 0x0800, 0x0000, 0x0000, 0x0000, 0x0000, 0x0000, 0x0000, 0x0000,
    0x0000, 0x0000, 0x0000, 0x0800, 0x1000, 0x3000, 0x5080, 0x60e1, 0x6901, 0x60e1, 0x58c1, 0x5040,
    0x3800, 0x2000, 0x1000, 0x1000, 0x0800, 0x0000, 0x0000, 0x0000, 0x0000, 0x0000, 0x0000, 0x0000,
    0x0000, 0x0000, 0x0000, 0x0000, 0x0000, 0x0000, 0x0000, 0x0000, 0x0000, 0x0000, 0x0000, 0x0000,
    0x0000, 0x0000, 0x0000, 0x0000, 0x0000, 0x0000, 0x0000, 0x0000, 0x0000, 0x0000, 0x0000, 0x0000,
    0x0000, 0x0000, 0x0000, 0x0000, 0x0000, 0x0000, 0x0000, 0x0000, 0x0000, 0x0000, 0x0000, 0x0000,
    0x0000, 0x0000, 0x0000, 0x0000, 0x0000, 0x0000, 0x0000, 0x0000, 0x0000, 0x0800, 0x0800, 0x0800,
    0x1000, 0x1000, 0x1800, 0x1800, 0x2000, 0x7003, 0x9804, 0xb004, 0xe845, 0xf8a6, 0xf2aa, 0xfed9,
    0xf28a, 0xf020, 0xf0a0, 0xf0c1, 0xf080, 0xd040, 0x4041, 0x0842, 0x0842, 0x0842, 0x0842, 0x0842,
    0x0842, 0x0842, 0x0842, 0x0842, 0x0842, 0x0842, 0x0842, 0x0842, 0x0842, 0x0842, 0x0842, 0x0842,
    0x0842, 0x0842, 0x0842, 0x0842, 0x0842, 0x0842, 0x0842, 0x0842, 0x0842, 0x0842, 0x0842, 0x0842,
    0x0842, 0x0842, 0x0842, 0x0842, 0x0842, 0x1841, 0x8840, 0xd860, 0xe8a0, 0xf0c1, 0xf060, 0xf144,
    0xf699, 0xf40f, 0xf0a6, 0xe845, 0xb003, 0x9803, 0x8003, 0x2800, 0x1800, 0x1800, 0x1000, 0x1000,
    0x0800, 0x0800, 0x0800, 0x0000, 0x3002, 0xb008, 0x9007, 0x2001, 0x0000, 0x0000, 0x0000, 0x0000,
    0x0800, 0x0800, 0x0800, 0x0800, 0x0800, 0x0800, 0x0800, 0x0800, 0x0800, 0x0800, 0x0800, 0x0800,
    0x0800, 0x0800, 0x0800, 0x0800, 0x0800, 0x0800, 0x0800, 0x0800, 0x0800, 0x0800, 0x0800, 0x0800,
    0x0800, 0x0800, 0x0800, 0x0000, 0x0000, 0x0000, 0x0000, 0x0000, 0x0000, 0x0000, 0x0000, 0x0000,
    0x0000, 0x0000, 0x0000, 0x0000, 0x0000, 0x0000, 0x0000, 0x0000, 0x0000, 0x0000, 0x0000, 0x0000,
    0x0000, 0x0000, 0x0000, 0x0000, 0x0000, 0x0000, 0x0000, 0x0000, 0x0000, 0x0000, 0x0000, 0x0000,
    0x0000, 0x0000, 0x0000, 0x0000, 0x0000, 0x0000, 0x0000, 0x0000, 0x0000, 0x0000, 0x0000, 0x0000,
    0x0000, 0x0000, 0x0000, 0x0000, 0x0000, 0x0000, 0x0000, 0x0000, 0x0000, 0x0000, 0x0000, 0x0000,
    0x0000, 0x0000, 0x0000, 0x0000, 0x0000, 0x0000, 0x0000, 0x0000, 0x0000, 0x0000, 0x0000, 0x0000,
    0x0000, 0x0000, 0x0000, 0x0000, 0x0000, 0x0000, 0x0000, 0x0000, 0x0000, 0x0000, 0x0000, 0x0000,
    0x0000, 0x0000, 0x0000, 0x0000, 0x0000, 0x0000, 0x0000, 0x0000, 0x0000, 0x0000, 0x0000, 0x0000,
    0x0000, 0x0000, 0x0000, 0x0000, 0x0000, 0x0000, 0x0000, 0x0000, 0x0000, 0x0000, 0x0000, 0x0000,
    0x0000, 0x0000, 0x0000, 0x0000, 0x0800, 0x0800, 0x0800, 0x0800, 0x1000, 0x1800, 0x1800, 0x2000,
    0x4820, 0x9162, 0xc264, 0xdb05, 0xdb46, 0xe387, 0xe3a7, 0xe387, 0xdb06, 0xc244, 0x9983, 0x5840,
    0x2800, 0x2000, 0x1800, 0x1800, 0x1000, 0x1000, 0x1000, 0x1000, 0x1800, 0x1800, 0x2800, 0x6060,
    0x99a3, 0xc285, 0xdb46, 0xe387, 0xe386, 0xe387, 0xe367, 0xdb06, 0xc244, 0x9142, 0x5800, 0x3000,
    0x2800, 0x1800, 0x1000, 0x1000, 0x1000, 0x0800, 0x1000, 0x1000, 0x1000, 0x1000, 0x1000, 0x1000,
    0x0800, 0x0800, 0x0800, 0x0800, 0x0800, 0x0800, 0x0800, 0x0800, 0x0800, 0x0800, 0x0800, 0x0800,
    0x0800, 0x0800, 0x0800, 0x0800, 0x0800, 0x0000, 0x0000, 0x0000, 0x0000, 0x0000, 0x0000, 0x0000,
    0x0000, 0x0000, 0x0000, 0x0000, 0x1800, 0x0800, 0x0000, 0x0000, 0x0000, 0x1000, 0x1000, 0x0000,
    0x0000, 0x0000, 0x0000, 0x2000, 0x0000, 0x0000, 0x0800, 0x1000, 0x1000, 0x1000, 0x1800, 0x1800,
    0x2000, 0x7003, 0x9804, 0xb004, 0xe845, 0xf8a6, 0xf2aa, 0xfed9, 0xf28a, 0xf020, 0xf0a0, 0xf0c1,
    0xf080, 0xd840, 0x4841, 0x0842, 0x0842, 0x0842, 0x0842, 0x0842, 0x0842, 0x0842, 0x0842, 0x0842,
    0x0842, 0x0842, 0x0842, 0x0842, 0x0842, 0x0842, 0x0842, 0x0842, 0x0842, 0x0842, 0x0842, 0x0842,
    0x0842, 0x0842, 0x0842, 0x0842, 0x0842, 0x0842, 0x0842, 0x0842, 0x0842, 0x0842, 0x0842, 0x0842,
    0x0842, 0x1841, 0x8040, 0xd860, 0xe8a0, 0xf0c1, 0xf060, 0xf124, 0xf698, 0xf40e, 0xf0a6, 0xe825,
    0xb003, 0x9803, 0x8003, 0x2800, 0x1800, 0x1000, 0x1000, 0x0800, 0x0800, 0x0800, 0x0000, 0x0800,
    0x8007, 0x9807, 0x1801, 0x0000, 0x0000, 0x0000, 0x0000, 0x0000, 0x0000, 0x0800, 0x0800, 0x0800,
    0x0800, 0x0800, 0x0800, 0x0800, 0x0800, 0x0800, 0x0800, 0x0800, 0x0800, 0x0800, 0x0800, 0x0800,
    0x0800, 0x0800, 0x0800, 0x0800, 0x0800, 0x0800, 0x0800, 0x0800, 0x0800, 0x0800, 0x0000, 0x0000,
    0x0000, 0x0020, 0x0841, 0x0861, 0x0020, 0x0000, 0x0000, 0x0000, 0x0000, 0x0000, 0x0000, 0x0000,
    0x0000, 0x0000, 0x0000, 0x0000, 0x0000, 0x0000, 0x0000, 0x0000, 0x0000, 0x0000, 0x0000, 0x0000,
    0x0000, 0x0000, 0x0000, 0x0000, 0x0000, 0x0000, 0x0000, 0x0000, 0x0000, 0x0000, 0x0000, 0x0000,
    0x0000, 0x0000, 0x0000, 0x0000, 0x0000, 0x0000, 0x0000, 0x0000, 0x0000, 0x0000, 0x0000, 0x0000,
    0x0000, 0x0000, 0x0000, 0x0000, 0x0000, 0x0000, 0x0000, 0x0000, 0x0000, 0x0000, 0x0000, 0x0000,
    0x0000, 0x0000, 0x0000, 0x0000, 0x0000, 0x0000, 0x0000, 0x0000, 0x0000, 0x0000, 0x0000, 0x0000,
    0x0000, 0x0000, 0x0000, 0x0000, 0x0000, 0x0000, 0x0000, 0x0000, 0x0000, 0x0000, 0x0000, 0x0000,
    0x0000, 0x0000, 0x0000, 0x0000, 0x0000, 0x0000, 0x0000, 0x0000, 0x0000, 0x0000, 0x0000, 0x0000,
    0x0000, 0x0000, 0x0000, 0x0000, 0x0000, 0x0000, 0x0000, 0x0000, 0x0000, 0x0000, 0x0000, 0x0000,
    0x0800, 0x0800, 0x0800, 0x1000, 0x1800, 0x1800, 0x3000, 0x78e1, 0xcac5, 0xf3e7, 0xfc28, 0xfc08,
    0xfc08, 0xfc28, 0xfc28, 0xfc28, 0xfc28, 0xfc08, 0xf3e7, 0xd305, 0x9142, 0x4000, 0x2000, 0x1800,
    0x1800, 0x1000, 0x1000, 0x1800, 0x1800, 0x3800, 0x9183, 0xdb26, 0xf3c7, 0xfc08, 0xfc28, 0xfc08,
    0xfc08, 0xfc08, 0xfc28, 0xfc28, 0xfc08, 0xf3a7, 0xca84, 0x80a1, 0x3800, 0x2800, 0x1800, 0x1000,
    0x1000, 0x1000, 0x1000, 0x1000, 0x1000, 0x1000, 0x1000, 0x1000, 0x1000, 0x1000, 0x1000, 0x0800,
    0x0800, 0x0800, 0x0800, 0x0800, 0x0800, 0x1000, 0x1000, 0x1000, 0x1000, 0x0800, 0x0800, 0x0800,
    0x0800, 0x0000, 0x0000, 0x0000, 0x0000, 0x0000, 0x0000, 0x0000, 0x0000, 0x0000, 0x0000, 0x5801,
    0xb803, 0x9002, 0x1000, 0x0000, 0x2800, 0xa802, 0xb002, 0x3000, 0x0000, 0x0800, 0x8802, 0xb803,
    0x6001, 0x0000, 0x0800, 0x1000, 0x1000, 0x1000, 0x1800, 0x1800, 0x2000, 0x7003, 0x9804, 0xb004,
    0xe845, 0xf8a6, 0xfaaa, 0xfed9, 0xf28a, 0xf020, 0xf0a0, 0xf0c1, 0xf080, 0xd840, 0x4041, 0x0842,
    0x0842, 0x0842, 0x0842, 0x0842, 0x0842, 0x0842, 0x0842, 0x0842, 0x0842, 0x0842, 0x0842, 0x0842,
    0x0842, 0x0842, 0x0842, 0x0842, 0x0842, 0x0842, 0x0842, 0x0842, 0x0842, 0x0842, 0x0842, 0x0842,
    0x0842, 0x0842, 0x0842, 0x0842, 0x0842, 0x0842, 0x0842, 0x0842, 0x0842, 0x1841, 0x8040, 0xd860,
    0xe881, 0xf0c1, 0xf060, 0xf144, 0xf698, 0xf3ee, 0xf085, 0xe825, 0xb003, 0x9803, 0x8003, 0x2800,
    0x1000, 0x1000, 0x1000, 0x0800, 0x0800, 0x0800, 0x0000, 0x3803, 0xa008, 0x4003, 0x0000, 0x0000,
    0x0000, 0x0000, 0x0000, 0x0000, 0x0000, 0x0000, 0x0000, 0x0000, 0x0000, 0x0000, 0x0000, 0x0000,
    0x0000, 0x0000, 0x0000, 0x0000, 0x0000, 0x0000, 0x0000, 0x0000, 0x0000, 0x0000, 0x0000, 0x0000,
    0x0000, 0x0000, 0x0000, 0x0000, 0x0000, 0x0000, 0x0000, 0x0000, 0x0000, 0x18c3, 0xa534, 0x8c71,
    0x0020, 0x0000, 0x0000, 0x0000, 0x0000, 0x0000, 0x0000, 0x0000, 0x0000, 0x0000, 0x0000, 0x0000,
    0x0000, 0x0000, 0x0000, 0x0000, 0x0000, 0x0000, 0x0000, 0x0000, 0x0000, 0x0000, 0x0000, 0x0000,
    0x0000, 0x0000, 0x0000, 0x0000, 0x0000, 0x0000, 0x0000, 0x0000, 0x0000, 0x0000, 0x0000, 0x0000,
    0x0000, 0x0000, 0x0000, 0x0000, 0x0000, 0x0000, 0x0000, 0x0000, 0x0000, 0x0000, 0x0000, 0x0000,
    0x0000, 0x0000, 0x0000, 0x0000, 0x0000, 0x0000, 0x0000, 0x0000, 0x0000, 0x0000, 0x0000, 0x0000,
    0x0000, 0x0000, 0x0000, 0x0000, 0x0000, 0x0000, 0x0000, 0x0000, 0x0000, 0x0000, 0x0000, 0x0000,
    0x0000, 0x0000, 0x0000, 0x0000, 0x0000, 0x0000, 0x0000, 0x0000, 0x0000, 0x0000, 0x0000, 0x0000,
    0x0000, 0x0000, 0x0000, 0x0000, 0x0000, 0x0000, 0x0000, 0x0000, 0x0000, 0x0000, 0x0000, 0x0000,
    0x0000, 0x0000, 0x0000, 0x0000, 0x0000, 0x0000, 0x0000, 0x0000, 0x0800, 0x0800, 0x1000, 0x1800,
    0x1800, 0x3000, 0x8922, 0xe346, 0xfc08, 0xfbe8, 0xfba7, 0xf387, 0xf387, 0xf3a7, 0xf387, 0xf387,
    0xf387, 0xfba7, 0xfbe8, 0xfc28, 0xf3a7, 0xa9a3, 0x4800, 0x2000, 0x2000, 0x1800, 0x1800, 0x1800,
    0x3800, 0xa9e3, 0xf3e7, 0xfc28, 0xfbc7, 0xf387, 0xf387, 0xf367, 0xf387, 0xf387, 0xf387, 0xf387,
    0xfba7, 0xfbe8, 0xfc08, 0xdae5, 0x80a1, 0x3800, 0x2000, 0x1800, 0x1800, 0x1800, 0x1800, 0x1800,
    0x2000, 0x2800, 0x2800, 0x2800, 0x2000, 0x1800, 0x1800, 0x1000, 0x1000, 0x1000, 0x0800, 0x1000,
    0x1000, 0x1000, 0x1800, 0x2000, 0x2000, 0x1800, 0x1800, 0x1000, 0x0800, 0x0800, 0x0000, 0x0000,
    0x0000, 0x0000, 0x0000, 0x0000, 0x0000, 0x0000, 0x0800, 0xb003, 0xf805, 0xf804, 0x2800, 0x0000,
    0x6001, 0xf804, 0xf825, 0x7002, 0x0000, 0x2000, 0xf823, 0xf824, 0xc002, 0x0800, 0x0000, 0x1000,
    0x1000, 0x1000, 0x1800, 0x1800, 0x2000, 0x7003, 0x9804, 0xa804, 0xe845, 0xf886, 0xfa8a, 0xfed9,
    0xf2aa, 0xf020, 0xf0a0, 0xf0c1, 0xf880, 0xd040, 0x3841, 0x0842, 0x0842, 0x0842, 0x0842, 0x0842,
    0x0842, 0x0842, 0x0842, 0x0842, 0x0842, 0x0842, 0x0842, 0x0842, 0x0842, 0x0842, 0x0842, 0x0842,
    0x0842, 0x0842, 0x0842, 0x0842, 0x0842, 0x0842, 0x0842, 0x0842, 0x0842, 0x0842, 0x0842, 0x0842,
    0x0842, 0x0842, 0x0842, 0x0842, 0x0842, 0x1841, 0x8840, 0xd860, 0xe8a1, 0xf0c1, 0xf060, 0xf144,
    0xf699, 0xf40f, 0xf086, 0xe825, 0xb003, 0x9803, 0x8003, 0x2800, 0x1000, 0x1000, 0x1000, 0x0800,
    0x0800, 0x0000, 0x0000, 0x6005, 0x8007, 0x0801, 0x0000, 0x0000, 0x0000, 0x0000, 0x0821, 0x2945,
    0x31a6, 0x31a6, 0x3166, 0x0861, 0x0000, 0x0000, 0x0000, 0x1082, 0x3186, 0x31a6, 0x31a6, 0x2104,
    0x0000, 0x0000, 0x0000, 0x0000, 0x18e4, 0x4228, 0x528a, 0x4a69, 0x3186, 0x0841, 0x0000, 0x0000,
    0x0000, 0x0000, 0x0000, 0x0000, 0x1082, 0x630c, 0xffdf, 0xe73c, 0x31a7, 0x0021, 0x0000, 0x0000,
    0x0000, 0x0000, 0x0000, 0x0000, 0x0000, 0x2965, 0x4a69, 0x528a, 0x4208, 0x18c3, 0x0000, 0x0000,
    0x0000, 0x0000, 0x0000, 0x0000, 0x0000, 0x0021, 0x31a7, 0x528a, 0x528a, 0x3186, 0x0000, 0x0000,
    0x0000, 0x0000, 0x0000, 0x0000, 0x0000, 0x0000, 0x0000, 0x3186, 0x4a6a, 0x528a, 0x39c7, 0x0861,
    0x0000, 0x0000, 0x0000, 0x0000, 0x0000, 0x0000, 0x0000, 0x0000, 0x0000, 0x0000, 0x0000, 0x0000,
    0x0000, 0x0000, 0x0000, 0x0000, 0x0000, 0x0000, 0x0000, 0x0000, 0x0000, 0x0000, 0x0000, 0x0000,
    0x0000, 0x0000, 0x0000, 0x0000, 0x0000, 0x0000, 0x0000, 0x0000, 0x0000, 0x0000, 0x0000, 0x0000,
    0x0000, 0x0000, 0x0000, 0x0000, 0x0000, 0x0000, 0x0000, 0x0000, 0x0000, 0x0000, 0x0000, 0x0000,
    0x0000, 0x0000, 0x0000, 0x0000, 0x0000, 0x0000, 0x0000, 0x0000, 0x0000, 0x0000, 0x0000, 0x0000,
    0x0000, 0x0000, 0x0000, 0x0800, 0x0800, 0x0800, 0x1000, 0x1800, 0x2800, 0x80c1, 0xeb66, 0xfc08,
    0xfb87, 0xf367, 0xf387, 0xf3a7, 0xf3c7, 0xfbc7, 0xfbc7, 0xfba7, 0xf387, 0xf387, 0xf367, 0xfb87,
    0xfc08, 0xf3c7, 0xa962, 0x4000, 0x2000, 0x2000, 0x2000, 0x3800, 0xa1a3, 0xf408, 0xfc08, 0xfb87,
    0xf387, 0xf387, 0xf387, 0xf3c7, 0xfbc7, 0xf3a7, 0xf387, 0xf387, 0xf387, 0xf367, 0xfb87, 0xfbe8,
    0xda64, 0x6820, 0x3000, 0x2000, 0x2000, 0x2000, 0x2800, 0x4800, 0x8102, 0xa1c3, 0xaa04, 0xa1c4,
    0x8142, 0x4820, 0x2000, 0x1800, 0x1800, 0x1000, 0x1000, 0x1800, 0x1800, 0x4020, 0x8983, 0x99c4,
    0x99c3, 0x99e4, 0x60c1, 0x1800, 0x0800, 0x0800, 0x0000, 0x0000, 0x0000, 0x0000, 0x0000, 0x0000,
    0x0000, 0x0000, 0x0000, 0x5801, 0xb003, 0x9002, 0x1000, 0x0000, 0x3001, 0xa803, 0xb023, 0x3801,
    0x0000, 0x1000, 0x8801, 0xb802, 0x6801, 0x0800, 0x0800, 0x1000, 0x1000, 0x1000, 0x1800, 0x1800,
    0x2000, 0x7003, 0x9804, 0xa804, 0xe845, 0xf886, 0xf28a, 0xfed9, 0xf2aa, 0xf020, 0xf0a0, 0xf0c1,
    0xf881, 0xd060, 0x3041, 0x0842, 0x0842, 0x0842, 0x0842, 0x0842, 0x0842, 0x0842, 0x0842, 0x0842,
    0x0842, 0x0842, 0x0842, 0x0842, 0x0842, 0x0842, 0x0842, 0x0842, 0x0842, 0x0842, 0x0842, 0x0842,
    0x0842, 0x0842, 0x0842, 0x0842, 0x0842, 0x0842, 0x0842, 0x0842, 0x0842, 0x0842, 0x0842, 0x0842,
    0x0842, 0x1841, 0x8840, 0xd860, 0xf0a1, 0xf0c1, 0xf060, 0xf144, 0xfeb9, 0xf40f, 0xf066, 0xe825,
    0xb003, 0x9803, 0x8003, 0x2800, 0x1000, 0x1000, 0x1000, 0x0800, 0x0800, 0x0000, 0x1001, 0x7006,
    0x5005, 0x0000, 0x0000, 0x0000, 0x0000, 0x0000, 0x10a2, 0xad55, 0xce59, 0xce59, 0xbdf7, 0x31a7,
    0x0000, 0x0000, 0x0000, 0x4a49, 0xc618, 0xce59, 0xce59, 0x8c31, 0x0841, 0x0000, 0x1082, 0x738e,
    0xbdd7, 0xd6ba, 0xdefc, 0xdedb, 0xc638, 0xa514, 0x52ab, 0x1082, 0x0000, 0x0000, 0x0861, 0x630c,
    0xad75, 0xd6ba, 0xffdf, 0xf79e, 0xc638, 0xa514, 0x630c, 0x18e3, 0x0000, 0x0000, 0x0000, 0x31a6,
    0x94b2, 0xc638, 0xdedb, 0xdefc, 0xd6ba, 0xb596, 0x5acb, 0x0000, 0x0000, 0x0000, 0x0000, 0x0000,
    0x39c7, 0x9cd3, 0xce59, 0xdefb, 0xdefb, 0xce59, 0x9492, 0x2966, 0x0000, 0x0000, 0x0000, 0x0000,
    0x0000, 0x2124, 0x8c71, 0xc638, 0xdefb, 0xdefb, 0xce79, 0xa534, 0x4a49, 0x0000, 0x0000, 0x0000,
    0x0000, 0x0000, 0x0000, 0x0000, 0x0000, 0x0000, 0x0000, 0x0000, 0x0000, 0x0000, 0x0000, 0x0000,
    0x0000, 0x0000, 0x0000, 0x0000, 0x0000, 0x0000, 0x0000, 0x0000, 0x0000, 0x0000, 0x0000, 0x0000,
    0x0000, 0x0000, 0x0000, 0x0000, 0x0000, 0x0000, 0x0000, 0x0000, 0x0000, 0x0000, 0x0000, 0x0000,
    0x0000, 0x0000, 0x0000, 0x0000, 0x0000, 0x0000, 0x0000, 0x0000, 0x0000, 0x0000, 0x0000, 0x0000,
    0x0000, 0x0000, 0x0000, 0x0000, 0x0000, 0x0000, 0x0000, 0x0000, 0x0000, 0x0000, 0x0800, 0x0800,
    0x0800, 0x1000, 0x1800, 0x2000, 0x5820, 0xda64, 0xfc08, 0xfb87, 0xf367, 0xf387, 0xf387, 0xfbc7,
    0xfbc7, 0xfb46, 0xfb46, 0xfba7, 0xfbe8, 0xf3a7, 0xf367, 0xf367, 0xf367, 0xfbc8, 0xeb26, 0x7060,
    0x2800, 0x2000, 0x2800, 0x78c1, 0xf387, 0xfbe8, 0xf367, 0xf387, 0xf3a7, 0xfbc7, 0xfbe7, 0xfb87,
    0xfb67, 0xfba7, 0xfba7, 0xf387, 0xf387, 0xf387, 0xf367, 0xfb87, 0xfb87, 0xa102, 0x4000, 0x2800,
    0x2000, 0x2800, 0x5820, 0xb9e3, 0xeb46, 0xfba7, 0xfbc8, 0xfbc8, 0xeb67, 0xc244, 0x6080, 0x2800,
    0x2000, 0x1800, 0x1800, 0x2000, 0x3800, 0xa962, 0xf387, 0xfbc8, 0xfbe8, 0xfb26, 0x70a1, 0x1000,
    0x0800, 0x0800, 0x0000, 0x0000, 0x0000, 0x0000, 0x0000, 0x0000, 0x0000, 0x0000, 0x0000, 0x0000,
    0x2000, 0x1000, 0x0000, 0x0000, 0x0000, 0x2000, 0x2000, 0x0000, 0x0000, 0x0000, 0x0800, 0x2800,
    0x0800, 0x0000, 0x0800, 0x0800, 0x1000, 0x1000, 0x1800, 0x1800, 0x2000, 0x7003, 0x9804, 0xa804,
    0xe845, 0xf886, 0xfa8a, 0xfed9, 0xf2aa, 0xf020, 0xf0c0, 0xf0c1, 0xf881, 0xd060, 0x3041, 0x0842,
    0x0842, 0x0842, 0x0842, 0x0842, 0x0842, 0x0842, 0x0842, 0x0842, 0x0842, 0x0842, 0x0842, 0x0842,
    0x0842, 0x0842, 0x0842, 0x0842, 0x0842, 0x0842, 0x0842, 0x0842, 0x0842, 0x0842, 0x0842, 0x0842,
    0x0842, 0x0842, 0x0842, 0x0842, 0x0842, 0x0842, 0x0842, 0x0842, 0x0842, 0x1041, 0x8841, 0xe060,
    0xf0a1, 0xf0c1, 0xf060, 0xf144, 0xfeb9, 0xf3ee, 0xf065, 0xe825, 0xb003, 0x9803, 0x8003, 0x2800,
    0x1000, 0x1000, 0x1000, 0x0800, 0x0800, 0x0000, 0x1801, 0x7007, 0x4004, 0x0000, 0x0000, 0x0000,
    0x0000, 0x0000, 0x18c3, 0xdefb, 0xffdf, 0xffdf, 0xffdf, 0x4229, 0x0000, 0x0000, 0x0000, 0x630c,
    0xffdf, 0xffdf, 0xffdf, 0xad75, 0x0020, 0x0841, 0x9492, 0xf79e, 0xffdf, 0xffdf, 0xffdf, 0xffdf,
    0xffdf, 0xffdf, 0xe73c, 0x7bcf, 0x0000, 0x0841, 0x8c51, 0xef5d, 0xffdf, 0xffdf, 0xffdf, 0xffdf,
    0xffff, 0xffff, 0xef7d, 0xa514, 0x1082, 0x0000, 0x39e7, 0xc638, 0xffdf, 0xffdf, 0xffdf, 0xffdf,
    0xffdf, 0xffdf, 0xe73c, 0x6b6d, 0x0020, 0x0000, 0x0000, 0x4208, 0xce59, 0xffdf, 0xffdf, 0xffdf,
    0xffdf, 0xffdf, 0xffdf, 0xbdf8, 0x3186, 0x0000, 0x0000, 0x0000, 0x2124, 0xb5b6, 0xffdf, 0xffdf,
    0xffdf, 0xffdf, 0xffdf, 0xffdf, 0xd6bb, 0x52ab, 0x0000, 0x0000, 0x0000, 0x0000, 0x0000, 0x0000,
    0x0000, 0x0000, 0x0000, 0x0000, 0x0000, 0x0000, 0x0000, 0x0000, 0x0000, 0x0000, 0x0000, 0x0000,
    0x0000, 0x0000, 0x0000, 0x0000, 0x0000, 0x0000, 0x0000, 0x0000, 0x0000, 0x0000, 0x0000, 0x0000,
    0x0000, 0x0000, 0x0000, 0x0000, 0x0000, 0x0000, 0x0000, 0x0000, 0x0000, 0x0000, 0x0000, 0x0000,
    0x0000, 0x0000, 0x0000, 0x0000, 0x0000, 0x0000, 0x0000, 0x0000, 0x0000, 0x0000, 0x0000, 0x0000,
    0x0000, 0x0000, 0x0000, 0x0000, 0x0000, 0x0000, 0x0800, 0x0800, 0x0800, 0x1000, 0x1800, 0x3000,
    0x98e1, 0xfb87, 0xfb87, 0xf367, 0xf367, 0xf367, 0xfb87, 0xf306, 0xc9a3, 0xa902, 0xa0e2, 0xc183,
    0xf2c5, 0xfb87, 0xf367, 0xf367, 0xf367, 0xfb87, 0xfbc7, 0xc1c3, 0x4800, 0x2800, 0x4840, 0xdae5,
    0xfc48, 0xfb87, 0xf367, 0xf367, 0xfba7, 0xfba7, 0xe244, 0xb942, 0xa902, 0xc183, 0xf2c5, 0xfb67,
    0xf367, 0xf367, 0xf347, 0xf367, 0xfb87, 0xd1e4, 0x6000, 0x3000, 0x2800, 0x4800, 0xc1c3, 0xfba7,
    0xfbc8, 0xfbc8, 0xfbc8, 0xfbc8, 0xfba8, 0xfba7, 0xca44, 0x5040, 0x2800, 0x2000, 0x2000, 0x2800,
    0x88a1, 0xf2e6, 0xfb87, 0xfb87, 0xfb67, 0xb942, 0x3800, 0x1000, 0x0800, 0x0800, 0x0800, 0x0000,
    0x0000, 0x0000, 0x0000, 0x0000, 0x0000, 0x0000, 0x0000, 0x0000, 0x0000, 0x0000, 0x0000, 0x0000,
    0x0000, 0x0000, 0x0000, 0x0000, 0x0000, 0x0000, 0x0000, 0x0000, 0x0000, 0x0800, 0x0800, 0x0800,
    0x1000, 0x1000, 0x1800, 0x1800, 0x2000, 0x7003, 0x9804, 0xa804, 0xe845, 0xf886, 0xfa8a, 0xfed9,
    0xf2aa, 0xf020, 0xf0a0, 0xf0c1, 0xf881, 0xd060, 0x3841, 0x0842, 0x0842, 0x0842, 0x0842, 0x0842,
    0x0842, 0x0842, 0x0842, 0x0842, 0x0842, 0x0842, 0x0842, 0x0842, 0x0842, 0x0842, 0x0842, 0x0842,
    0x0842, 0x0842, 0x0842, 0x0842, 0x0842, 0x0842, 0x0842, 0x0842, 0x0842, 0x0842, 0x0842, 0x0842,
    0x0842, 0x0842, 0x0842, 0x0842, 0x0842, 0x1041, 0x8841, 0xe080, 0xf0a1, 0xf0c1, 0xf060, 0xf144,
    0xfe99, 0xfbee, 0xf066, 0xe825, 0xb003, 0x9803, 0x8003, 0x2800, 0x1000, 0x1000, 0x0800, 0x0800,
    0x0800, 0x0000, 0x1801, 0x7007, 0x3803, 0x0000, 0x0000, 0x0000, 0x0000, 0x0000, 0x18c3, 0xce59,
    0xffdf, 0xffdf, 0xef7d, 0x4208, 0x0000, 0x0000, 0x0000, 0x5aeb, 0xf79e, 0xffdf, 0xffdf, 0xa514,
    0x0841, 0x4a49, 0xf79e, 0xffdf, 0xffdf, 0xf7be, 0xe71c, 0xef7d, 0xffdf, 0xffdf, 0xef7d, 0x5aeb,
    0x0000, 0x4a29, 0xef7d, 0xffdf, 0xffdf, 0xef7d, 0xf79e, 0xf79e, 0xf7bf, 0xffff, 0xffdf, 0x8c71,
    0x0841, 0x18e3, 0xc638, 0xffdf, 0xffdf, 0xffdf, 0xf7be, 0xf7be, 0xffdf, 0xffdf, 0xffdf, 0xdf1c,
    0x2966, 0x0000, 0x18e3, 0xc638, 0xffdf, 0xffdf, 0xffdf, 0xffdf, 0xffdf, 0xffdf, 0xffdf, 0xffdf,
    0xb596, 0x10a2, 0x0000, 0x0841, 0x9cd3, 0xffdf, 0xffdf, 0xffdf, 0xffdf, 0xf7be, 0xffdf, 0xffdf,
    0xffdf, 0xd6ba, 0x2945, 0x0000, 0x0000, 0x0000, 0x0000, 0x0000, 0x0000, 0x0000, 0x0000, 0x0000,
    0x0000, 0x0000, 0x0000, 0x0000, 0x0000, 0x0000, 0x0000, 0x0000, 0x0000, 0x0000, 0x0000, 0x0000,
    0x0000, 0x0000, 0x0000, 0x0000, 0x0000, 0x0000, 0x0000, 0x0000, 0x0000, 0x0000, 0x0000, 0x0000,
    0x0000, 0x0000, 0x0000, 0x0000, 0x0000, 0x0000, 0x0000, 0x0000, 0x0000, 0x0000, 0x0000, 0x0000,
    0x0000, 0x0000, 0x0000, 0x0000, 0x0000, 0x0000, 0x0000, 0x0000, 0x0000, 0x0000, 0x0000, 0x0000,
    0x0000, 0x0800, 0x0800, 0x0800, 0x1000, 0x1000, 0x2000, 0x4800, 0xc9c3, 0xfb87, 0xfb47, 0xf347,
    0xf347, 0xfb47, 0xf2e6, 0xb102, 0x5800, 0x3800, 0x3800, 0x5000, 0xa0a1, 0xf2a5, 0xfb67, 0xf347,
    0xf347, 0xf347, 0xfb87, 0xf306, 0x7860, 0x3000, 0x5040, 0xd264, 0xfb47, 0xfb87, 0xfba8, 0xfba7,
    0xfb47, 0xc983, 0x7840, 0x4000, 0x3800, 0x6000, 0xb8e1, 0xfb06, 0xfb47, 0xf327, 0xf346, 0xf346,
    0xfb87, 0xe265, 0x7020, 0x3000, 0x3000, 0x90a1, 0xfb47, 0xfb87, 0xfb67, 0xf2c6, 0xd1c4, 0xea65,
    0xfb47, 0xfb47, 0xfb67, 0xa122, 0x3800, 0x2800, 0x2800, 0x6840, 0xda24, 0xfb47, 0xfb27, 0xfb67,
    0xd9c4, 0x5800, 0x2000, 0x1000, 0x0800, 0x0800, 0x0800, 0x0000, 0x0000, 0x0000, 0x0000, 0x0000,
    0x0000, 0x0000, 0x0000, 0x1800, 0x5001, 0x3001, 0x0000, 0x0000, 0x0000, 0x4801, 0x4801, 0x0800,
    0x0000, 0x0000, 0x2800, 0x5001, 0x1800, 0x0000, 0x0800, 0x1000, 0x1000, 0x1000, 0x1800, 0x1800,
    0x2000, 0x7003, 0x9804, 0xa804, 0xe845, 0xf866, 0xfa6a, 0xfed9, 0xf2aa, 0xf020, 0xf0a0, 0xf0c1,
    0xf881, 0xd060, 0x3041, 0x0842, 0x0842, 0x0842, 0x0842, 0x0842, 0x0842, 0x0842, 0x0842, 0x0842,
    0x0842, 0x0842, 0x0842, 0x0842, 0x0842, 0x0842, 0x0842, 0x0842, 0x0842, 0x0842, 0x0842, 0x0842,
    0x0842, 0x0842, 0x0842, 0x0842, 0x0842, 0x0842, 0x0842, 0x0842, 0x0842, 0x0842, 0x0842, 0x0842,
    0x0842, 0x1041, 0x8840, 0xe080, 0xf0a1, 0xf0c1, 0xf060, 0xf144, 0xfe99, 0xfc0f, 0xf066, 0xe025,
    0xa803, 0x9003, 0x7803, 0x2800, 0x1000, 0x1000, 0x0800, 0x0800, 0x0800, 0x0000, 0x1001, 0x6806,
    0x3803, 0x0000, 0x0000, 0x0000, 0x0000, 0x0000, 0x18a3, 0xce59, 0xffdf, 0xffdf, 0xef7d, 0x4208,
    0x0000, 0x0000, 0x0000, 0x630c, 0xf79e, 0xffdf, 0xffdf, 0xa514, 0x1082, 0x8c51, 0xffdf, 0xffdf,
    0xf7be, 0x9492, 0x4208, 0x528a, 0xa514, 0xd69a, 0x6b4d, 0x0000, 0x0020, 0x94b2, 0xffdf, 0xffdf,
    0xdedb, 0x6b6d, 0xdedb, 0xc639, 0x6b4d, 0xb596, 0xa534, 0x10a2, 0x0000, 0x4a6a, 0xffdf, 0xffdf,
    0xffdf, 0xc638, 0x5aeb, 0x630c, 0xce79, 0xffdf, 0xffdf, 0xf7be, 0x630c, 0x0020, 0x6b4d, 0xffdf,
    0xffdf, 0xffdf, 0xd6ba, 0x632d, 0x6b6d, 0xdefb, 0xffdf, 0xffdf, 0xf7be, 0x528a, 0x0000, 0x39c7,
    0xef5d, 0xffdf, 0xffdf, 0xe73c, 0x73ae, 0x630c, 0xce59, 0xffdf, 0xffdf, 0xffdf, 0x8430, 0x0020,
    0x0000, 0x0000, 0x0000, 0x0000, 0x0000, 0x0000, 0x0000, 0x0000, 0x0000, 0x0000, 0x0000, 0x0000,
    0x0000, 0x0000, 0x0000, 0x0000, 0x0000, 0x0000, 0x0000, 0x0000, 0x0000, 0x0000, 0x0000, 0x0000,
    0x0000, 0x0000, 0x0000, 0x0000, 0x0000, 0x0000, 0x0000, 0x0000, 0x0000, 0x0000, 0x0000, 0x0000,
    0x0000, 0x0000, 0x0000, 0x0000, 0x0000, 0x0000, 0x0000, 0x0000, 0x0000, 0x0000, 0x0000, 0x0000,
    0x0000, 0x0000, 0x0000, 0x0000, 0x0000, 0x0000, 0x0000, 0x0000, 0x0000, 0x0000, 0x0800, 0x0800,
    0x1000, 0x1000, 0x2000, 0x5820, 0xe224, 0xfb47, 0xfb07, 0xf307, 0xf307, 0xfb47, 0xea45, 0x7000,
    0x2800, 0x2000, 0x2000, 0x2800, 0x5000, 0xd183, 0xfb47, 0xfb27, 0xf327, 0xf327, 0xfb47, 0xfb47,
    0xa902, 0x4000, 0x3000, 0x5040, 0x88e1, 0xb183, 0xda65, 0xfb47, 0xd1e4, 0x5800, 0x2000, 0x2000,
    0x2800, 0x3000, 0x7800, 0xf285, 0xfb47, 0xf326, 0xf346, 0xf346, 0xfb67, 0xe245, 0x6820, 0x2800,
    0x4000, 0xc162, 0xfb67, 0xfb47, 0xf2e6, 0xa8e2, 0x6000, 0x9081, 0xea85, 0xfb47, 0xfb67, 0xd1e4,
    0x5000, 0x2800, 0x5000, 0xc983, 0xfb47, 0xfb27, 0xfb47, 0xea45, 0x7840, 0x2800, 0x1800, 0x1000,
    0x0800, 0x0800, 0x0800, 0x0000, 0x0000, 0x0000, 0x0000, 0x0000, 0x0000, 0x0000, 0x0800, 0x8802,
    0xe004, 0xc003, 0x2000, 0x0000, 0x4801, 0xd003, 0xd803, 0x5801, 0x0000, 0x1800, 0xb802, 0xe003,
    0x9002, 0x0800, 0x0000, 0x1000, 0x1000, 0x1000, 0x1800, 0x1800, 0x2000, 0x7003, 0x9004, 0xa804,
    0xe024, 0xf865, 0xfa69, 0xfed9, 0xf2aa, 0xf020, 0xf0a0, 0xf0c1, 0xf881, 0xd060, 0x3041, 0x0842,
    0x0842, 0x0842, 0x0842, 0x0842, 0x0842, 0x0842, 0x0842, 0x0842, 0x0842, 0x0842, 0x0842, 0x0842,
    0x0842, 0x0842, 0x0842, 0x0842, 0x0842, 0x0842, 0x0842, 0x0842, 0x0842, 0x0842, 0x0842, 0x0842,
    0x0842, 0x0842, 0x0842, 0x0842, 0x0842, 0x0842, 0x0842, 0x0842, 0x0842, 0x1841, 0x9040, 0xe060,
    0xf0a1, 0xf0c1, 0xf060, 0xf164, 0xfe99, 0xfc0f, 0xf886, 0xe025, 0xa803, 0x9003, 0x7803, 0x2000,
    0x1000, 0x1000, 0x0800, 0x0800, 0x0800, 0x0000, 0x1001, 0x6006, 0x3003, 0x0000, 0x0000, 0x0000,
    0x0000, 0x0000, 0x18a3, 0xce59, 0xffdf, 0xffdf, 0xef7d, 0x4208, 0x0000, 0x0000, 0x0000, 0x630c,
    0xf79e, 0xffdf, 0xffdf, 0xa514, 0x1082, 0x9cd3, 0xffdf, 0xffdf, 0xf7be, 0x9492, 0x2104, 0x0000,
    0x0841, 0x31a6, 0x0020, 0x0000, 0x0841, 0xad75, 0xffdf, 0xffdf, 0xdedb, 0x6b4d, 0xdefb, 0xb5b6,
    0x0000, 0x18c3, 0x18e3, 0x0000, 0x0000, 0x2125, 0x6b4d, 0x9cf3, 0xbdd7, 0x4a49, 0x0000, 0x0000,
    0x94b2, 0xffdf, 0xffdf, 0xf7be, 0x6b4d, 0x0861, 0xad75, 0xffdf, 0xffdf, 0xf7be, 0x738e, 0x0000,
    0x0000, 0x8430, 0xf7be, 0xffdf, 0xffdf, 0x9492, 0x0861, 0x7bcf, 0xf7be, 0xffdf, 0xffdf, 0x9cd3,
    0x0000, 0x0000, 0x5aeb, 0xf79e, 0xffdf, 0xffdf, 0xc638, 0x10a2, 0x0000, 0x0000, 0x0000, 0x0000,
    0x0000, 0x0000, 0x0000, 0x0000, 0x0000, 0x0000, 0x0000, 0x0000, 0x0000, 0x0000, 0x0000, 0x0000,
    0x0000, 0x0000, 0x0000, 0x0000, 0x0000, 0x0000, 0x0000, 0x0000, 0x0000, 0x0000, 0x0000, 0x0000,
    0x0000, 0x0000, 0x0000, 0x0000, 0x0000, 0x0000, 0x0000, 0x0000, 0x0000, 0x0000, 0x0000, 0x0000,
    0x0000, 0x0000, 0x0000, 0x0000, 0x0000, 0x0000, 0x0000, 0x0000, 0x0000, 0x0000, 0x0000, 0x0000,
    0x0000, 0x0000, 0x0000, 0x0000, 0x0000, 0x0000, 0x0800, 0x0800, 0x1000, 0x1800, 0x2000, 0x6020,
    0xe225, 0xfb27, 0xfae7, 0xf2e6, 0xfae7, 0xfb27, 0xea25, 0x6800, 0x2800, 0x2000, 0x2000, 0x2000,
    0x3800, 0xb902, 0xfb27, 0xfb26, 0xf306, 0xf306, 0xf307, 0xfb27, 0xc183, 0x5000, 0x2800, 0x1800,
    0x2000, 0x4000, 0x6060, 0x8902, 0x6060, 0x1800, 0x1800, 0x1800, 0x2000, 0x3000, 0x8860, 0xf2c6,
    0xfb47, 0xf326, 0xf326, 0xf346, 0xfb47, 0xd9e4, 0x5800, 0x2800, 0x5000, 0xd1a3, 0xfb47, 0xfb47,
    0xea65, 0x6800, 0x1800, 0x5000, 0xd9e4, 0xfb47, 0xfb47, 0xe225, 0x6820, 0x4000, 0xa0a1, 0xfac5,
    0xfb27, 0xfb27, 0xfa86, 0xa081, 0x3000, 0x2000, 0x1800, 0x1000, 0x0800, 0x0800, 0x0800, 0x0800,
    0x0800, 0x0000, 0x0000, 0x0000, 0x0000, 0x0000, 0x0800, 0xa803, 0xf805, 0xe003, 0x2000, 0x0000,
    0x5001, 0xf803, 0xf803, 0x6801, 0x0000, 0x2000, 0xe003, 0xf824, 0xb002, 0x0800, 0x0000, 0x1000,
    0x1000, 0x1000, 0x1800, 0x1800, 0x2000, 0x7003, 0x9004, 0xa004, 0xe024, 0xf865, 0xfa49, 0xfeb9,
    0xf2aa, 0xf020, 0xf0a0, 0xf0c1, 0xf081, 0xd860, 0x4041, 0x0842, 0x0842, 0x0842, 0x0842, 0x0842,
    0x0842, 0x0842, 0x0842, 0x0842, 0x0842, 0x0842, 0x0842, 0x0842, 0x0842, 0x0842, 0x0842, 0x0842,
    0x0842, 0x0842, 0x0842, 0x0842, 0x0842, 0x0842, 0x0842, 0x0842, 0x0842, 0x0842, 0x0842, 0x0842,
    0x0842, 0x0842, 0x0842, 0x0842, 0x0842, 0x1841, 0x9041, 0xe080, 0xe8a1, 0xf0c1, 0xf060, 0xf164,
    0xfe99, 0xfc0f, 0xf886, 0xe025, 0xa003, 0x8803, 0x7003, 0x2000, 0x1000, 0x1000, 0x0800, 0x0800,
    0x0800, 0x0000, 0x1001, 0x5806, 0x3003, 0x0000, 0x0000, 0x0000, 0x0000, 0x0000, 0x18a3, 0xce59,
    0xffdf, 0xffdf, 0xef7d, 0x4208, 0x0000, 0x0000, 0x0000, 0x630c, 0xf79e, 0xffdf, 0xffdf, 0xa534,
    0x0861, 0x738e, 0xffdf, 0xffdf, 0xffbf, 0xef7d, 0xc638, 0x9cd3, 0x5aeb, 0x18c3, 0x0000, 0x0000,
    0x0020, 0x8410, 0xffdf, 0xffdf, 0xf7be, 0xe73c, 0xf7be, 0xdefb, 0x738e, 0x31a7, 0x0000, 0x0000,
    0x0000, 0x0000, 0x0000, 0x1082, 0x2945, 0x0000, 0x0000, 0x3186, 0xc639, 0xffdf, 0xffdf, 0xf7be,
    0x4228, 0x1082, 0xce79, 0xffdf, 0xffdf, 0xe73c, 0x3186, 0x0000, 0x0000, 0x4a49, 0xef7d, 0xffdf,
    0xffdf, 0xb596, 0x10a2, 0x9cf3, 0xffdf, 0xffdf, 0xf79e, 0x5acb, 0x0000, 0x0000, 0x20e4, 0xdedb,
    0xffdf, 0xffdf, 0xe71c, 0x2965, 0x0000, 0x0000, 0x0000, 0x0000, 0x0000, 0x0000, 0x0000, 0x0000,
    0x0000, 0x0000, 0x0000, 0x0000, 0x0000, 0x0000, 0x0000, 0x0000, 0x0000, 0x0000, 0x0000, 0x0000,
    0x0000, 0x0000, 0x0000, 0x0000, 0x0000, 0x0000, 0x0000, 0x0000, 0x0000, 0x0000, 0x0000, 0x0000,
    0x0000, 0x0000, 0x0000, 0x0000, 0x0000, 0x0000, 0x0000, 0x0000, 0x0000, 0x0000, 0x0000, 0x0000,
    0x0000, 0x0000, 0x0000, 0x0000, 0x0000, 0x0000, 0x0000, 0x0000, 0x0000, 0x0000, 0x0000, 0x0000,
    0x0000, 0x0800, 0x0800, 0x0800, 0x1000, 0x1800, 0x2000, 0x5820, 0xe1e4, 0xfb07, 0xfac7, 0xf2c7,
    0xf2e6, 0xfae7, 0xf286, 0x8860, 0x2800, 0x1800, 0x1800, 0x2000, 0x6000, 0xd1c4, 0xfb07, 0xf306,
    0xf306, 0xf306, 0xfae7, 0xfb07, 0xc9a3, 0x4800, 0x2000, 0x2000, 0x1800, 0x1800, 0x1800, 0x1800,
    0x1800, 0x1800, 0x1800, 0x1800, 0x2000, 0x5800, 0xd1e3, 0xfb27, 0xf307, 0xf306, 0xf306, 0xf326,
    0xfb47, 0xc143, 0x4800, 0x2800, 0x4000, 0xc142, 0xfae6, 0xfb07, 0xf2c6, 0x90c1, 0x4000, 0x7860,
    0xea45, 0xfae7, 0xfb07, 0xd9a4, 0x7000, 0x9040, 0xea45, 0xfb06, 0xfae6, 0xfac6, 0xc102, 0x4800,
    0x2000, 0x2000, 0x1800, 0x1000, 0x1000, 0x0800, 0x0800, 0x0800, 0x0800, 0x0800, 0x0000, 0x0000,
    0x0000, 0x0000, 0x0000, 0x3001, 0x7802, 0x5001, 0x0000, 0x0000, 0x1000, 0x6801, 0x7001, 0x1800,
    0x0000, 0x0000, 0x4801, 0x7801, 0x3800, 0x0800, 0x0800, 0x0800, 0x1000, 0x1000, 0x1800, 0x1800,
    0x2000, 0x7003, 0x9004, 0xa004, 0xe825, 0xf865, 0xfa49, 0xfeb9, 0xf2aa, 0xf020, 0xf0a0, 0xf0c1,
    0xf8a1, 0xd860, 0x4841, 0x0842, 0x0842, 0x0842, 0x0842, 0x0842, 0x0842, 0x0842, 0x0842, 0x0842,
    0x0842, 0x0842, 0x0842, 0x0842, 0x0842, 0x0842, 0x0842, 0x0842, 0x0842, 0x0842, 0x0842, 0x0842,
    0x0842, 0x0842, 0x0842, 0x0842, 0x0842, 0x0842, 0x0842, 0x0842, 0x0842, 0x0842, 0x0842, 0x0842,
    0x0842, 0x1841, 0x9040, 0xe060, 0xe8a1, 0xf0a1, 0xf060, 0xf144, 0xfe99, 0xf40f, 0xf886, 0xe025,
    0xa003, 0x8803, 0x7003, 0x2000, 0x1000, 0x1000, 0x0800, 0x0800, 0x0800, 0x0000, 0x1001, 0x5806,
    0x3003, 0x0000, 0x0000, 0x0000, 0x0000, 0x0000, 0x10a3, 0xce59, 0xffdf, 0xffdf, 0xef7d, 0x4208,
    0x0000, 0x0000, 0x0000, 0x630c, 0xf79e, 0xffdf, 0xffdf, 0xa534, 0x0020, 0x18e3, 0xbdf8, 0xffdf,
    0xffdf, 0xffdf, 0xffdf, 0xffdf, 0xef7d, 0xbdd7, 0x5acb, 0x0000, 0x0000, 0x2945, 0xd69a, 0xffdf,
    0xffdf, 0xffdf, 0xffdf, 0xffdf, 0xf7be, 0xd69a, 0x9492, 0x2124, 0x0000, 0x0000, 0x0000, 0x0000,
    0x0000, 0x0000, 0x39e7, 0xbdf8, 0xffdf, 0xffdf, 0xffdf, 0xc618, 0x1082, 0x2124, 0xdefb, 0xffdf,
    0xffdf, 0xdedb, 0x2125, 0x0000, 0x0000, 0x31a6, 0xe73c, 0xffdf, 0xffdf, 0xc618, 0x2104, 0xb596,
    0xffdf, 0xffdf, 0xef7d, 0x4a49, 0x0000, 0x0000, 0x10a3, 0xc659, 0xffdf, 0xffdf, 0xef5d, 0x39e8,
    0x0000, 0x0000, 0x0000, 0x0000, 0x0000, 0x0000, 0x0000, 0x0000, 0x0000, 0x0000, 0x0000, 0x0000,
    0x0000, 0x0000, 0x0000, 0x0000, 0x0000, 0x0000, 0x0000, 0x0000, 0x0000, 0x0000, 0x0000, 0x0000,
    0x0000, 0x0000, 0x0000, 0x0000, 0x0000, 0x0000, 0x0000, 0x0000, 0x0000, 0x0000, 0x0000, 0x0000,
    0x0000, 0x0000, 0x0000, 0x0000, 0x0000, 0x0000, 0x0000, 0x0000, 0x0000, 0x0000, 0x0000, 0x0000,
    0x0000, 0x0000, 0x0000, 0x0000, 0x0000, 0x0000, 0x0000, 0x0000, 0x0000, 0x0800, 0x0800, 0x0800,
    0x1000, 0x1800, 0x2000, 0x4800, 0xd163, 0xfae7, 0xfaa7, 0xf2a7, 0xf2c6, 0xf2c6, 0xfac7, 0xd9c4,
    0x88a1, 0x5820, 0x4800, 0x7060, 0xc142, 0xf2a6, 0xfae7, 0xf2e6, 0xf2e6, 0xf2e6, 0xf2c7, 0xfae7,
    0xd1a4, 0x5800, 0x2000, 0x1800, 0x1800, 0x1800, 0x1800, 0x1000, 0x1000, 0x1800, 0x1800, 0x2000,
    0x5020, 0xc1a2, 0xfae6, 0xfae7, 0xf2c6, 0xf2e6, 0xf306, 0xfb27, 0xf285, 0x8861, 0x3800, 0x2800,
    0x3800, 0xa081, 0xfa85, 0xfac6, 0xfac7, 0xe245, 0xb983, 0xda24, 0xf2e7, 0xfac7, 0xfaa6, 0xb0c1,
    0x8000, 0xd983, 0xfb27, 0xfb07, 0xfae6, 0xe183, 0x6800, 0x2800, 0x2000, 0x2000, 0x1800, 0x1800,
    0x1000, 0x1000, 0x0800, 0x0800, 0x0800, 0x0800, 0x0000, 0x0000, 0x0000, 0x0000, 0x0000, 0x0000,
    0x0000, 0x0000, 0x0000, 0x0000, 0x0000, 0x0000, 0x0000, 0x0000, 0x0000, 0x0000, 0x0000, 0x0000,
    0x0000, 0x0800, 0x0800, 0x0800, 0x1000, 0x1000, 0x1800, 0x1800, 0x2000, 0x7003, 0x9004, 0xa804,
    0xe825, 0xf865, 0xfa49, 0xfeb9, 0xf2aa, 0xf020, 0xf0a0, 0xf0c1, 0xf8a1, 0xd860, 0x4041, 0x0842,
    0x0842, 0x0842, 0x0842, 0x0842, 0x0842, 0x0842, 0x0842, 0x0842, 0x0842, 0x0842, 0x0842, 0x0842,
    0x0842, 0x0842, 0x0842, 0x0842, 0x0842, 0x0842, 0x0842, 0x0842, 0x0842, 0x0842, 0x0842, 0x0842,
    0x0842, 0x0842, 0x0842, 0x0842, 0x0842, 0x0842, 0x0842, 0x0842, 0x0842, 0x1841, 0x8841, 0xd860,
    0xe8a0, 0xf0a1, 0xf060, 0xf144, 0xfe99, 0xf40f, 0xf086, 0xe025, 0xa003, 0x8003, 0x6803, 0x2000,
    0x1000, 0x1000, 0x0800, 0x0800, 0x0800, 0x0000, 0x1001, 0x5806, 0x3003, 0x0000, 0x0000, 0x0000,
    0x0000, 0x0000, 0x18a3, 0xce59, 0xffdf, 0xffdf, 0xef7d, 0x4208, 0x0000, 0x0000, 0x0000, 0x5aec,
    0xf79e, 0xffdf, 0xffdf, 0xa534, 0x0841, 0x0000, 0x31a6, 0x9cd3, 0xdefb, 0xffdf, 0xffdf, 0xffdf,
    0xffdf, 0xffdf, 0xdefc, 0x4a49, 0x0000, 0x0000, 0x4228, 0xad75, 0xef5d, 0xffdf, 0xffdf, 0xffdf,
    0xffdf, 0xffdf, 0xffdf, 0xa534, 0x1082, 0x0000, 0x0000, 0x0000, 0x0000, 0x52aa, 0xce59, 0xffdf,
    0xffdf, 0xffdf, 0xd69a, 0x4208, 0x0000, 0x2945, 0xdefb, 0xffdf, 0xffdf, 0xdefb, 0x2945, 0x0000,
    0x0000, 0x3186, 0xe73c, 0xffdf, 0xffdf, 0xc618, 0x2124, 0xb5b6, 0xffdf, 0xffdf, 0xef7d, 0x4a49,
    0x0000, 0x0000, 0x18a3, 0xc638, 0xffdf, 0xffdf, 0xef5d, 0x39e7, 0x0000, 0x0000, 0x0000, 0x0000,
    0x0000, 0x0000, 0x0000, 0x0000, 0x0000, 0x0000, 0x0000, 0x0000, 0x0000, 0x0000, 0x0000, 0x0000,
    0x0000, 0x0000, 0x0000, 0x0000, 0x0000, 0x0000, 0x0000, 0x0000, 0x0000, 0x0000, 0x0000, 0x0000,
    0x0000, 0x0000, 0x0000, 0x0000, 0x0000, 0x0000, 0x0000, 0x0000, 0x0000, 0x0000, 0x0000, 0x0000,
    0x0000, 0x0000, 0x0000, 0x0000, 0x0000, 0x0000, 0x0000, 0x0000, 0x0000, 0x0000, 0x0000, 0x0000,
    0x0000, 0x0000, 0x0000, 0x0000, 0x0000, 0x0800, 0x0800, 0x0800, 0x1000, 0x1000, 0x1800, 0x3800,
    0xa0a1, 0xfa66, 0xfaa7, 0xf286, 0xf286, 0xf286, 0xf286, 0xfaa6, 0xea25, 0xd1a4, 0xc9a4, 0xda05,
    0xfa86, 0xfaa6, 0xf2a6, 0xf2a6, 0xf2a6, 0xf2a6, 0xf2a6, 0xfac7, 0xd9a4, 0x6000, 0x2000, 0x1800,
    0x1000, 0x1000, 0x1000, 0x1000, 0x1800, 0x1800, 0x2000, 0x6060, 0xc1e3, 0xfae6, 0xfac6, 0xf2a6,
    0xf2a6, 0xf2c6, 0xfb06, 0xfae6, 0xc102, 0x4800, 0x2000, 0x2000, 0x3000, 0x6820, 0xe1a3, 0xfae7,
    0xfac7, 0xfac6, 0xfac7, 0xfae7, 0xfae7, 0xfb07, 0xe1c4, 0x9020, 0xb8c1, 0xfaa6, 0xfae6, 0xfb07,
    0xf225, 0x9040, 0x3800, 0x2800, 0x2800, 0x2000, 0x2000, 0x2000, 0x1800, 0x1000, 0x1000, 0x0800,
    0x0800, 0x0800, 0x0800, 0x0000, 0x0000, 0x0000, 0x0000, 0x0000, 0x0000, 0x0000, 0x0000, 0x0000,
    0x0000, 0x0000, 0x0000, 0x0000, 0x0000, 0x0000, 0x0000, 0x0000, 0x0000, 0x0800, 0x0800, 0x0800,
    0x1000, 0x1000, 0x1800, 0x1800, 0x2000, 0x7003, 0x9004, 0xa804, 0xe825, 0xf865, 0xf249, 0xfeb9,
    0xf2aa, 0xf020, 0xf0a0, 0xf0c1, 0xf081, 0xd860, 0x4041, 0x0842, 0x0842, 0x0842, 0x0842, 0x0842,
    0x0842, 0x0842, 0x0842, 0x0842, 0x0842, 0x0842, 0x0842, 0x0842, 0x0842, 0x0842, 0x0842, 0x0842,
    0x0842, 0x0842, 0x0842, 0x0842, 0x0842, 0x0842, 0x0842, 0x0842, 0x0842, 0x0842, 0x0842, 0x0842,
    0x0842, 0x0842, 0x0842, 0x0842, 0x0842, 0x1041, 0x8841, 0xd860, 0xe880, 0xf0c1, 0xf060, 0xf144,
    0xfe99, 0xfc0f, 0xf086, 0xe025, 0xa003, 0x8003, 0x6803, 0x2000, 0x1000, 0x1000, 0x0800, 0x0800,
    0x0800, 0x0000, 0x1001, 0x5806, 0x3003, 0x0000, 0x0000, 0x0000, 0x0000, 0x0000, 0x18a2, 0xce59,
    0xffdf, 0xffdf, 0xef7d, 0x4208, 0x0000, 0x0000, 0x0000, 0x630c, 0xf79e, 0xffdf, 0xffdf, 0xa534,
    0x0841, 0x0000, 0x0000, 0x0020, 0x4228, 0x7bcf, 0xad75, 0xe71c, 0xf7be, 0xffdf, 0xffdf, 0xb596,
    0x1082, 0x0000, 0x0000, 0x10a2, 0x528a, 0x9cf3, 0xf79e, 0xef7d, 0xef5d, 0xffdf, 0xffdf, 0xf79e,
    0x4a29, 0x0000, 0x0000, 0x0841, 0x738e, 0xe71c, 0xffdf, 0xffdf, 0xffdf, 0xb596, 0x4208, 0x0000,
    0x0000, 0x18e3, 0xd69a, 0xffdf, 0xffdf, 0xe73c, 0x3186, 0x0000, 0x0000, 0x4208, 0xef7d, 0xffdf,
    0xffdf, 0xb596, 0x18c3, 0xad35, 0xffdf, 0xffdf, 0xf79e, 0x5acb, 0x0000, 0x0000, 0x18c3, 0xd6ba,
    0xffdf, 0xffdf, 0xe71c, 0x3166, 0x0000, 0x0000, 0x0000, 0x0000, 0x0000, 0x0000, 0x0000, 0x0000,
    0x0000, 0x0000, 0x0000, 0x0000, 0x0000, 0x0000, 0x0000, 0x0000, 0x0000, 0x0000, 0x0000, 0x0000,
    0x0000, 0x0000, 0x0000, 0x0000, 0x0000, 0x0000, 0x0000, 0x0000, 0x0000, 0x0000, 0x0000, 0x0000,
    0x0000, 0x0000, 0x0000, 0x0000, 0x0000, 0x0000, 0x0000, 0x0000, 0x0000, 0x0000, 0x0000, 0x0000,
    0x0000, 0x0000, 0x0000, 0x0000, 0x0000, 0x0000, 0x0000, 0x0000, 0x0000, 0x0000, 0x0000, 0x0000,
    0x0800, 0x0800, 0x0800, 0x0800, 0x0800, 0x1000, 0x1800, 0x2800, 0x5800, 0xd963, 0xfa87, 0xfa86,
    0xf266, 0xf266, 0xf246, 0xfa66, 0xfa87, 0xfaa7, 0xfaa7, 0xfaa7, 0xfa87, 0xfa87, 0xf286, 0xf266,
    0xf266, 0xf266, 0xf286, 0xfaa7, 0xd984, 0x6000, 0x2800, 0x1800, 0x1000, 0x1000, 0x1000, 0x1800,
    0x1800, 0x2800, 0x7881, 0xd204, 0xfae7, 0xfaa6, 0xf286, 0xf286, 0xf286, 0xfac6, 0xfac6, 0xd943,
    0x6800, 0x2800, 0x2000, 0x1800, 0x2000, 0x3800, 0x8840, 0xe1a4, 0xfa86, 0xfac7, 0xfac7, 0xfaa7,
    0xfa66, 0xd9a4, 0x9061, 0xa040, 0xf245, 0xfae7, 0xfae6, 0xfa86, 0xb0a1, 0x4800, 0x5800, 0x7880,
    0x80e1, 0x80c1, 0x6040, 0x3800, 0x2000, 0x1800, 0x1000, 0x1000, 0x0800, 0x0800, 0x0800, 0x0000,
    0x0000, 0x0000, 0x0000, 0x3801, 0x9023, 0x6802, 0x0800, 0x0000, 0x1800, 0x8002, 0x8802, 0x2000,
    0x0000, 0x0800, 0x5801, 0x9002, 0x4801, 0x0800, 0x0800, 0x0800, 0x1000, 0x1000, 0x1800, 0x1800,
    0x2000, 0x7003, 0x9004, 0xa004, 0xe024, 0xf885, 0xf249, 0xfe99, 0xf28a, 0xf020, 0xf0c0, 0xf0c1,
    0xf080, 0xd840, 0x4041, 0x0842, 0x0842, 0x0842, 0x0842, 0x0842, 0x0842, 0x0842, 0x0842, 0x0842,
    0x0842, 0x0842, 0x0842, 0x0842, 0x0842, 0x0842, 0x0842, 0x0842, 0x0842, 0x0842, 0x0842, 0x0842,
    0x0842, 0x0842, 0x0842, 0x0842, 0x0842, 0x0842, 0x0842, 0x0842, 0x0842, 0x0842, 0x0842, 0x0842,
    0x0842, 0x1041, 0x8041, 0xd060, 0xe880, 0xf0c1, 0xf040, 0xf144, 0xfe99, 0xfc2f, 0xf0a6, 0xe045,
    0xa003, 0x7803, 0x6803, 0x2000, 0x1000, 0x1000, 0x0800, 0x0800, 0x0800, 0x0000, 0x1001, 0x5806,
    0x3003, 0x0000, 0x0000, 0x0000, 0x0000, 0x0000, 0x0861, 0xbdf7, 0xffdf, 0xffdf, 0xf7be, 0x7bcf,
    0x0000, 0x0000, 0x0821, 0x9cf3, 0xffdf, 0xffdf, 0xffdf, 0x94b2, 0x0020, 0x0000, 0x3186, 0x4228,
    0x0000, 0x0000, 0x1082, 0x6b4d, 0xf79e, 0xffff, 0xffdf, 0xd6ba, 0x18a3, 0x0000, 0x3186, 0x31a6,
    0x0000, 0x2924, 0xef5d, 0xbdd7, 0x6b6d, 0xef5d, 0xffdf, 0xf7be, 0x738e, 0x0000, 0x18c3, 0x8c51,
    0xef7d, 0xffdf, 0xffdf, 0xd6ba, 0x7bcf, 0x10a2, 0x0000, 0x0000, 0x0000, 0x0861, 0xb5b6, 0xffdf,
    0xffdf, 0xf79e, 0x6b4d, 0x0000, 0x0000, 0x8410, 0xf7be, 0xffdf, 0xffdf, 0x9492, 0x0861, 0x8410,
    0xf7be, 0xffdf, 0xffdf, 0x94b2, 0x0000, 0x0000, 0x528a, 0xef7d, 0xffdf, 0xffdf, 0xce59, 0x18c3,
    0x0000, 0x0000, 0x0000, 0x0000, 0x0000, 0x0000, 0x0000, 0x0000, 0x0000, 0x0000, 0x0000, 0x0000,
    0x0000, 0x0000, 0x0000, 0x0000, 0x0000, 0x0000, 0x0000, 0x0000, 0x0000, 0x0000, 0x0000, 0x0000,
    0x0000, 0x0000, 0x0000, 0x0000, 0x0000, 0x0000, 0x0000, 0x0000, 0x0000, 0x0000, 0x0000, 0x0000,
    0x0000, 0x0000, 0x0000, 0x0000, 0x0000, 0x0000, 0x0000, 0x0000, 0x0000, 0x0000, 0x0000, 0x0000,
    0x0000, 0x0000, 0x0000, 0x0000, 0x0000, 0x0000, 0x0000, 0x0800, 0x0800, 0x0800, 0x0800, 0x0800,
    0x1000, 0x1000, 0x1800, 0x2000, 0x2800, 0x8040, 0xe9a4, 0xfa87, 0xfa87, 0xf246, 0xf226, 0xf246,
    0xf246, 0xf246, 0xfa46, 0xfa67, 0xfa67, 0xfa06, 0xf226, 0xf246, 0xf246, 0xf246, 0xf246, 0xfa67,
    0xc923, 0x5000, 0x2800, 0x1800, 0x1800, 0x1000, 0x1800, 0x1800, 0x2800, 0x88c1, 0xe224, 0xfac7,
    0xfa86, 0xf266, 0xf266, 0xf286, 0xfaa6, 0xfa86, 0xd943, 0x7800, 0x3000, 0x2000, 0x1800, 0x1800,
    0x1800, 0x2000, 0x3000, 0x7020, 0xb0e2, 0xc963, 0xd184, 0xd143, 0xb0c2, 0x8000, 0x7800, 0xd963,
    0xfaa7, 0xfaa6, 0xfaa6, 0xd103, 0x7800, 0x88a1, 0xc9a3, 0xe225, 0xf285, 0xea85, 0xda25, 0xa943,
    0x5820, 0x2800, 0x2000, 0x1000, 0x0800, 0x0800, 0x0800, 0x0000, 0x0000, 0x0000, 0x0800, 0xb003,
    0xf825, 0xf004, 0x2800, 0x0000, 0x5801, 0xf804, 0xf804, 0x6801, 0x0000, 0x2000, 0xe803, 0xf824,
    0xc002, 0x1000, 0x0000, 0x0800, 0x1000, 0x1000, 0x1800, 0x1800, 0x2000, 0x6803, 0x9004, 0xa004,
    0xe044, 0xf885, 0xfa69, 0xfeb9, 0xf28a, 0xf020, 0xf0c0, 0xf0c1, 0xf080, 0xd840, 0x3841, 0x0842,
    0x0842, 0x0842, 0x0842, 0x0842, 0x0842, 0x0842, 0x0842, 0x0842, 0x0842, 0x0842, 0x0842, 0x0842,
    0x0842, 0x0842, 0x0842, 0x0842, 0x0842, 0x0842, 0x0842, 0x0842, 0x0842, 0x0842, 0x0842, 0x0842,
    0x0842, 0x0842, 0x0842, 0x0842, 0x0842, 0x0842, 0x0842, 0x0842, 0x0842, 0x1041, 0x8041, 0xd860,
    0xe8a1, 0xf0c1, 0xf040, 0xf144, 0xf699, 0xfc2f, 0xf0a6, 0xe045, 0x9803, 0x7803, 0x6803, 0x2000,
    0x1000, 0x1000, 0x0800, 0x0800, 0x0800, 0x0000, 0x1001, 0x5806, 0x3003, 0x0000, 0x0000, 0x0000,
    0x0000, 0x0000, 0x0020, 0x8c51, 0xffdf, 0xffdf, 0xffdf, 0xdefb, 0x8410, 0x630c, 0x8c51, 0xef5d,
    0xffdf, 0xffdf, 0xf7be, 0x5acb, 0x0000, 0x2945, 0xbdf7, 0xdedb, 0x9492, 0x5289, 0x39e7, 0x83ef,
    0xf79e, 0xffdf, 0xffff, 0xce59, 0x0861, 0x2104, 0xbdf7, 0xd67a, 0x8430, 0x73ae, 0xef5d, 0xbdd7,
    0x738e, 0xef5d, 0xffdf, 0xf7be, 0x62eb, 0x1082, 0x9cf3, 0xffdf, 0xffdf, 0xffdf, 0xf7be, 0xbdd7,
    0x632c, 0x5acb, 0x632c, 0x632c, 0x2945, 0x0020, 0x738e, 0xffdf, 0xffdf, 0xffdf, 0xd69a, 0x630c,
    0x6b2d, 0xdedb, 0xffdf, 0xffdf, 0xf7be, 0x528a, 0x0000, 0x4a28, 0xf79e, 0xffdf, 0xffdf, 0xe71c,
    0x738e, 0x5aeb, 0xc639, 0xffdf, 0xffdf, 0xffdf, 0x8430, 0x0020, 0x0000, 0x0800, 0x0000, 0x0800,
    0x0800, 0x0800, 0x0000, 0x0000, 0x0000, 0x0000, 0x0000, 0x0000, 0x0000, 0x0000, 0x0000, 0x0000,
    0x0000, 0x0000, 0x0000, 0x0000, 0x0000, 0x0000, 0x0000, 0x0000, 0x0000, 0x0000, 0x0000, 0x0000,
    0x0000, 0x0000, 0x0000, 0x0000, 0x0000, 0x0000, 0x0000, 0x0000, 0x0000, 0x0000, 0x0000, 0x0000,
    0x0000, 0x0000, 0x0000, 0x0000, 0x0000, 0x0000, 0x0000, 0x0000, 0x0000, 0x0000, 0x0800, 0x0800,
    0x0800, 0x0000, 0x0000, 0x0800, 0x0800, 0x0800, 0x0800, 0x0800, 0x0800, 0x1000, 0x1000, 0x1800,
    0x2000, 0x3800, 0x8841, 0xd943, 0xfa06, 0xfa67, 0xfa67, 0xfa67, 0xfa47, 0xfa47, 0xfa46, 0xf9e5,
    0xd923, 0xd8e2, 0xf206, 0xfa26, 0xf226, 0xf226, 0xfa26, 0xfa26, 0xb0c2, 0x4000, 0x2000, 0x2000,
    0x1800, 0x1800, 0x2000, 0x4000, 0x9902, 0xea25, 0xfa66, 0xf246, 0xf246, 0xf246, 0xf266, 0xfa87,
    0xfa25, 0xc8e2, 0x7000, 0x3000, 0x2000, 0x1800, 0x1800, 0x1000, 0x1800, 0x1800, 0x2000, 0x2000,
    0x3800, 0x5000, 0x5800, 0x5800, 0x4800, 0x6000, 0xc902, 0xfa66, 0xfa66, 0xfa66, 0xe163, 0x8000,
    0x9881, 0xea45, 0xfae7, 0xfae7, 0xfae7, 0xfb07, 0xfb07, 0xfac6, 0xc983, 0x5020, 0x2800, 0x1800,
    0x1000, 0x0800, 0x0800, 0x0800, 0x0000, 0x0000, 0x0800, 0x8002, 0xd804, 0xb003, 0x1800, 0x0000,
    0x3800, 0xc803, 0xd003, 0x4801, 0x0000, 0x1800, 0xb002, 0xd823, 0x8802, 0x0800, 0x0800, 0x0800,
    0x1000, 0x1000, 0x1800, 0x1800, 0x2000, 0x6803, 0x8804, 0xa004, 0xe844, 0xf865, 0xfa49, 0xfeb9,
    0xf2aa, 0xf020, 0xf0c0, 0xf0c1, 0xf081, 0xd040, 0x3841, 0x0842, 0x0842, 0x0842, 0x0842, 0x0842,
    0x0842, 0x0842, 0x0842, 0x0842, 0x0842, 0x0842, 0x0842, 0x0842, 0x0842, 0x0842, 0x0842, 0x0842,
    0x0842, 0x0842, 0x0842, 0x0842, 0x0842, 0x0842, 0x0842, 0x0842, 0x0842, 0x0842, 0x0842, 0x0842,
    0x0842, 0x0842, 0x0842, 0x0842, 0x0842, 0x1841, 0x8841, 0xd860, 0xe8a0, 0xf0c1, 0xf040, 0xf144,
    0xf699, 0xf40f, 0xf0a6, 0xe045, 0x9803, 0x7803, 0x6803, 0x2000, 0x1000, 0x1000, 0x0800, 0x0800,
    0x0800, 0x0000, 0x1001, 0x5806, 0x3003, 0x0000, 0x0000, 0x0000, 0x0000, 0x0000, 0x0000, 0x3166,
    0xdedb, 0xffdf, 0xffdf, 0xffdf, 0xffdf, 0xef7d, 0xffdf, 0xffdf, 0xffdf, 0xffdf, 0xbdf7, 0x10a2,
    0x10a2, 0xbdd7, 0xffdf, 0xffdf, 0xffdf, 0xe71c, 0xd6ba, 0xf79e, 0xffdf, 0xffff, 0xffff, 0x8410,
    0x10a2, 0xad75, 0xffdf, 0xffdf, 0xffdf, 0xef5d, 0xf7be, 0xef7d, 0xef5d, 0xffdf, 0xffdf, 0xdf1c,
    0x2124, 0x2124, 0xef5d, 0xffdf, 0xffdf, 0xffdf, 0xf7be, 0xe73c, 0xe73c, 0xef7d, 0xf7be, 0xef7d,
    0x6b4d, 0x0000, 0x2104, 0xce79, 0xffdf, 0xffdf, 0xffdf, 0xef7d, 0xf79e, 0xffdf, 0xffdf, 0xffdf,
    0xb5b6, 0x10a2, 0x0000, 0x1082, 0xad76, 0xffdf, 0xffdf, 0xffdf, 0xf7be, 0xef5d, 0xffff, 0xffff,
    0xffdf, 0xd6ba, 0x2945, 0x0000, 0x0800, 0x0800, 0x0800, 0x0800, 0x0800, 0x0800, 0x0800, 0x0800,
    0x0800, 0x0800, 0x0800, 0x0800, 0x0000, 0x0000, 0x0000, 0x0800, 0x0000, 0x0000, 0x0800, 0x0800,
    0x0000, 0x0000, 0x0800, 0x0800, 0x0000, 0x0800, 0x0000, 0x0000, 0x0800, 0x0800, 0x0800, 0x0800,
    0x0800, 0x0800, 0x0800, 0x0800, 0x0000, 0x0000, 0x0000, 0x0800, 0x0000, 0x0000, 0x0000, 0x0000,
    0x0000, 0x0000, 0x0000, 0x0000, 0x0000, 0x0800, 0x0800, 0x0800, 0x0800, 0x0800, 0x0800, 0x0800,
    0x0800, 0x0800, 0x0800, 0x0800, 0x0800, 0x1000, 0x1000, 0x1800, 0x2000, 0x2800, 0x3800, 0x6800,
    0xa881, 0xd123, 0xe184, 0xe985, 0xe964, 0xd964, 0xd103, 0xa881, 0x8000, 0xc8a2, 0xf9e6, 0xfa06,
    0xf206, 0xf206, 0xfa26, 0xf1e6, 0x9041, 0x3000, 0x2000, 0x2000, 0x2000, 0x2800, 0x5840, 0xb142,
    0xf245, 0xfa46, 0xf206, 0xf226, 0xf226, 0xfa46, 0xfa46, 0xe9a4, 0xb081, 0x5800, 0x3000, 0x2000,
    0x2000, 0x1800, 0x1800, 0x1000, 0x1000, 0x1000, 0x1800, 0x1800, 0x1800, 0x1800, 0x2000, 0x2000,
    0x3000, 0xa061, 0xfa25, 0xfa86, 0xfa66, 0xf1c5, 0x9820, 0x8000, 0xe1a4, 0xfac7, 0xfa87, 0xfa46,
    0xe9c4, 0xf1e5, 0xfa66, 0xfa87, 0xfa86, 0xa8e2, 0x3800, 0x2000, 0x1000, 0x1000, 0x0800, 0x0800,
    0x0800, 0x0000, 0x0000, 0x1000, 0x4001, 0x2800, 0x0000, 0x0000, 0x0000, 0x3000, 0x3801, 0x0000,
    0x0000, 0x0000, 0x2000, 0x4001, 0x1000, 0x0000, 0x0800, 0x0800, 0x1000, 0x1000, 0x1800, 0x1800,
    0x2000, 0x6803, 0x8804, 0x9804, 0xe824, 0xf865, 0xfa49, 0xfeb9, 0xf2aa, 0xf020, 0xf0c1, 0xf0c1,
    0xf081, 0xc840, 0x3841, 0x0842, 0x0842, 0x0842, 0x0842, 0x0842, 0x0842, 0x0842, 0x0842, 0x0842,
    0x0842, 0x0842, 0x0842, 0x0842, 0x0842, 0x0842, 0x0842, 0x0842, 0x0842, 0x0842, 0x0842, 0x0842,
    0x0842, 0x0842, 0x0842, 0x0842, 0x0842, 0x0842, 0x0842, 0x0842, 0x0842, 0x0842, 0x0842, 0x0842,
    0x0842, 0x1841, 0x8841, 0xd860, 0xe8a0, 0xf0c1, 0xf040, 0xf144, 0xf699, 0xf40f, 0xf086, 0xe025,
    0x9803, 0x8003, 0x7004, 0x2000, 0x1000, 0x1000, 0x0800, 0x0800, 0x0800, 0x0000, 0x1001, 0x6006,
    0x3003, 0x0000, 0x0000, 0x0000, 0x0000, 0x0000, 0x0000, 0x0000, 0x5acb, 0xdedb, 0xffdf, 0xffdf,
    0xffdf, 0xffdf, 0xffdf, 0xffdf, 0xffdf, 0xc618, 0x41c7, 0x0000, 0x10a2, 0xa4f3, 0xef7d, 0xffdf,
    0xffdf, 0xffdf, 0xffdf, 0xffdf, 0xffdf, 0xffdf, 0xb596, 0x18e3, 0x1082, 0xa514, 0xef5d, 0xffdf,
    0xffdf, 0xffdf, 0xffbf, 0xffdf, 0xffdf, 0xffdf, 0xef3c, 0x738e, 0x0000, 0x3186, 0xf79e, 0xffdf,
    0xffdf, 0xffdf, 0xffdf, 0xffdf, 0xffdf, 0xffdf, 0xffdf, 0xffdf, 0x73af, 0x0000, 0x0000, 0x4a49,
    0xd6ba, 0xffdf, 0xffdf, 0xffdf, 0xffdf, 0xffdf, 0xffdf, 0xce39, 0x39a7, 0x0000, 0x0000, 0x0000,
    0x3186, 0xc618, 0xffdf, 0xffdf, 0xffdf, 0xffdf, 0xffff, 0xffdf, 0xdedb, 0x5aaa, 0x0000, 0x0000,
    0x0800, 0x0800, 0x0800, 0x0800, 0x0800, 0x0800, 0x0800, 0x0800, 0x0800, 0x0800, 0x0800, 0x0800,
    0x0800, 0x0800, 0x0800, 0x0800, 0x0800, 0x0800, 0x0800, 0x0800, 0x0800, 0x0800, 0x0800, 0x0800,
    0x0800, 0x0800, 0x0800, 0x0800, 0x0800, 0x0800, 0x0800, 0x0800, 0x0800, 0x0800, 0x0800, 0x0800,
    0x0800, 0x0800, 0x0800, 0x0800, 0x0800, 0x0800, 0x0800, 0x0800, 0x0800, 0x0800, 0x0800, 0x0800,
    0x0800, 0x0800, 0x0800, 0x0800, 0x0800, 0x0800, 0x0800, 0x0800, 0x0800, 0x0800, 0x0800, 0x0800,
    0x0800, 0x1000, 0x1000, 0x1800, 0x1800, 0x2000, 0x2800, 0x5800, 0x8000, 0x6800, 0x7020, 0x7840,
    0x7820, 0x6820, 0x5000, 0x4000, 0x8020, 0xe985, 0xf9e6, 0xf1e6, 0xf1e6, 0xf1e6, 0xfa06, 0xe964,
    0x6800, 0x2800, 0x2000, 0x1800, 0x2000, 0x6860, 0xc9a3, 0xfa46, 0xfa26, 0xf206, 0xf1e6, 0xf206,
    0xf206, 0xf1c5, 0xd0e2, 0x9020, 0x4800, 0x3000, 0x2800, 0x2000, 0x2000, 0x1800, 0x1800, 0x1800,
    0x1000, 0x1000, 0x1000, 0x1000, 0x1800, 0x2000, 0x2000, 0x3000, 0x7820, 0xe164, 0xfa26, 0xfa46,
    0xfa06, 0xb8a1, 0x6000, 0xa861, 0xfa26, 0xfa66, 0xfa46, 0xd123, 0x8040, 0x9881, 0xe9c4, 0xfa46,
    0xfa66, 0xe1a4, 0x5820, 0x2800, 0x1800, 0x1000, 0x0800, 0x0800, 0x0800, 0x0000, 0x0000, 0x0000,
    0x0000, 0x0000, 0x0000, 0x0000, 0x0000, 0x0000, 0x0000, 0x0000, 0x0000, 0x0000, 0x0000, 0x0000,
    0x0000, 0x0800, 0x0800, 0x0800, 0x1000, 0x1000, 0x1000, 0x1000, 0x2000, 0x6803, 0x8004, 0x9804,
    0xe024, 0xf865, 0xfa49, 0xfeb9, 0xf28a, 0xf020, 0xf0c1, 0xf0a1, 0xf080, 0xc860, 0x3841, 0x0842,
    0x0842, 0x0842, 0x0842, 0x0842, 0x0842, 0x0842, 0x0842, 0x0842, 0x0842, 0x0842, 0x0842, 0x0842,
    0x0842, 0x0842, 0x0842, 0x0842, 0x0842, 0x0842, 0x0842, 0x0842, 0x0842, 0x0842, 0x0842, 0x0842,
    0x0842, 0x0842, 0x0842, 0x0842, 0x0842, 0x0842, 0x0842, 0x0842, 0x0842, 0x1841, 0x9040, 0xd860,
    0xe8a1, 0xf0c1, 0xf060, 0xf144, 0xf699, 0xf40f, 0xf065, 0xe025, 0xa003, 0x8003, 0x7004, 0x2000,
    0x1000, 0x1000, 0x1000, 0x0800, 0x0800, 0x0000, 0x1001, 0x5806, 0x3003, 0x0000, 0x0000, 0x0000,
    0x0800, 0x0800, 0x0800, 0x0000, 0x0000, 0x4a49, 0xa4f3, 0xd679, 0xe73c, 0xef5d, 0xdefb, 0xc618,
    0x9451, 0x31a6, 0x0000, 0x0800, 0x0800, 0x1882, 0x6aec, 0xad34, 0xd679, 0xe71c, 0xef5d, 0xe6fc,
    0xc618, 0x8c10, 0x2924, 0x0000, 0x0800, 0x18a2, 0x5aaa, 0x9cd3, 0xc5f7, 0xe71c, 0xf7be, 0xf79e,
    0xd679, 0xa514, 0x5aaa, 0x1041, 0x0000, 0x3165, 0xce38, 0xd69a, 0xd679, 0xd679, 0xd679, 0xd679,
    0xd679, 0xd69a, 0xd69a, 0xd679, 0x62eb, 0x0000, 0x0000, 0x0000, 0x4a28, 0xa514, 0xd69a, 0xef3c,
    0xe73c, 0xd679, 0x9cb2, 0x39c7, 0x0000, 0x0800, 0x0800, 0x0800, 0x0000, 0x31a6, 0x9492, 0xce79,
    0xe73c, 0xef5d, 0xd6ba, 0xa534, 0x4a49, 0x0000, 0x0800, 0x0800, 0x0800, 0x0800, 0x0800, 0x0800,
    0x0800, 0x0800, 0x0800, 0x0800, 0x0800, 0x0800, 0x0800, 0x0800, 0x0800, 0x0800, 0x0800, 0x0800,
    0x0800, 0x0800, 0x0800, 0x0800, 0x0800, 0x0800, 0x0800, 0x0800, 0x0800, 0x0800, 0x0800, 0x0800,
    0x0800, 0x0800, 0x0800, 0x0800, 0x0800, 0x0800, 0x0800, 0x0800, 0x0800, 0x0800, 0x0800, 0x0800,
    0x0800, 0x0800, 0x0800, 0x0800, 0x0800, 0x0800, 0x0800, 0x0800, 0x0800, 0x0800, 0x0800, 0x0800,
    0x0800, 0x0800, 0x0800, 0x0800, 0x0800, 0x0800, 0x0800, 0x0800, 0x0800, 0x1000, 0x1000, 0x1800,
    0x1800, 0x2000, 0x6840, 0xc8e3, 0xd923, 0x9861, 0x5800, 0x4000, 0x3000, 0x3000, 0x3800, 0x7041,
    0xd903, 0xf9c6, 0xf1c6, 0xf1e6, 0xf1e6, 0xf9c6, 0xf9a6, 0xb882, 0x4800, 0x2800, 0x2800, 0x3000,
    0x78a1, 0xd9a3, 0xfa26, 0xfa06, 0xf1e5, 0xf1e5, 0xf1e5, 0xf1e6, 0xf1e5, 0xe123, 0xb061, 0x9881,
    0x88a1, 0x88a1, 0x80a1, 0x88a1, 0x88c2, 0x7081, 0x3000, 0x1800, 0x1000, 0x1000, 0x1000, 0x1000,
    0x1800, 0x2000, 0x2800, 0x6000, 0xd102, 0xfa05, 0xfa05, 0xfa06, 0xd903, 0x6800, 0x5000, 0xc0c2,
    0xfa05, 0xfa26, 0xf1e5, 0x9820, 0x3000, 0x4800, 0xd102, 0xfa26, 0xfa26, 0xf1c5, 0x7820, 0x2800,
    0x1800, 0x1000, 0x0800, 0x0800, 0x0800, 0x0000, 0x0000, 0x0000, 0x0000, 0x0000, 0x0000, 0x0000,
    0x0000, 0x0000, 0x0000, 0x0000, 0x0000, 0x0000, 0x0000, 0x0800, 0x0800, 0x0800, 0x0800, 0x0800,
    0x1000, 0x1000, 0x1000, 0x1000, 0x2000, 0x6003, 0x7804, 0x9004, 0xe024, 0xf865, 0xf249, 0xfeb9,
    0xf28a, 0xf020, 0xf0a0, 0xf0a1, 0xe880, 0xc860, 0x3841, 0x0842, 0x0842, 0x0842, 0x0842, 0x0842,
    0x0842, 0x0842, 0x0842, 0x0842, 0x0842, 0x0842, 0x0842, 0x0842, 0x0842, 0x0842, 0x0842, 0x0842,
    0x0842, 0x0842, 0x0842, 0x0842, 0x0842, 0x0842, 0x0842, 0x0842, 0x0842, 0x0842, 0x0842, 0x0842,
    0x0842, 0x0842, 0x0842, 0x0842, 0x0842, 0x1841, 0x9040, 0xe060, 0xe8a1, 0xf0c1, 0xf060, 0xf144,
    0xf699, 0xf40f, 0xf065, 0xe004, 0xa003, 0x8003, 0x6803, 0x2000, 0x1000, 0x1000, 0x1000, 0x0800,
    0x0800, 0x0000, 0x1001, 0x5805, 0x3003, 0x0000, 0x0000, 0x0800, 0x0800, 0x0800, 0x0800, 0x0800,
    0x0800, 0x0000, 0x1061, 0x39c7, 0x528a, 0x5aaa, 0x4a49, 0x3165, 0x0820, 0x0000, 0x0800, 0x1000,
    0x1000, 0x0800, 0x0000, 0x20a2, 0x41e7, 0x5a8a, 0x62aa, 0x5269, 0x3165, 0x0800, 0x0000, 0x1000,
    0x1000, 0x0000, 0x0000, 0x0841, 0x3165, 0x7b8e, 0xffdf, 0xef5d, 0x4a28, 0x1082, 0x0000, 0x0800,
    0x1000, 0x1861, 0x39c7, 0x4207, 0x39e7, 0x39c7, 0x39e7, 0x39e7, 0x41e7, 0x41e7, 0x4208, 0x41e7,
    0x20e3, 0x0800, 0x0800, 0x0800, 0x0000, 0x1882, 0x41e7, 0x5aaa, 0x5a8a, 0x39c7, 0x1041, 0x0000,
    0x0800, 0x1000, 0x1000, 0x1000, 0x1000, 0x0000, 0x0841, 0x39c7, 0x5a8a, 0x5aaa, 0x4208, 0x18a2,
    0x0000, 0x0800, 0x1000, 0x1000, 0x1000, 0x1000, 0x1000, 0x1000, 0x1000, 0x1000, 0x0800, 0x0800,
    0x0800, 0x0800, 0x1000, 0x1000, 0x0800, 0x0800, 0x0800, 0x1000, 0x0800, 0x1000, 0x1000, 0x1000,
    0x0800, 0x0800, 0x0800, 0x0800, 0x0800, 0x0800, 0x1000, 0x0800, 0x0800, 0x0800, 0x0800, 0x0800,
    0x0800, 0x0800, 0x0800, 0x0800, 0x0800, 0x0800, 0x0800, 0x0800, 0x0800, 0x0800, 0x0800, 0x0800,
    0x0800, 0x0800, 0x0800, 0x0800, 0x0800, 0x0800, 0x0800, 0x0800, 0x0800, 0x0800, 0x0800, 0x0800,
    0x0800, 0x1000, 0x0800, 0x1000, 0x1000, 0x1000, 0x1000, 0x1800, 0x3800, 0x88a2, 0xd965, 0xf9a6,
    0xf9a6, 0xf965, 0xd104, 0xb0a2, 0x9882, 0x9882, 0xb0c2, 0xe145, 0xf9c6, 0xf9a6, 0xf1a6, 0xf1a6,
    0xf1c6, 0xf9e6, 0xe904, 0x7000, 0x2800, 0x2000, 0x2800, 0x8081, 0xe1c5, 0xfa06, 0xf1c6, 0xf1c5,
    0xf1c5, 0xf1c5, 0xf1c5, 0xf1e6, 0xf1e6, 0xe9a5, 0xe1a5, 0xe9c5, 0xf1c5, 0xe9c5, 0xe9c5, 0xf1e5,
    0xf205, 0xe1a5, 0x6040, 0x2000, 0x1800, 0x1000, 0x1000, 0x1000, 0x1800, 0x2000, 0x4000, 0xb8a1,
    0xf9e5, 0xfa06, 0xfa06, 0xe944, 0x8000, 0x3000, 0x4800, 0xc0a2, 0xf9e6, 0xfa06, 0xf1c5, 0x8820,
    0x2800, 0x4000, 0xc8e2, 0xfa06, 0xfa06, 0xf1a5, 0x7820, 0x2800, 0x1800, 0x1000, 0x0800, 0x0800,
    0x0800, 0x0800, 0x0800, 0x0800, 0x0800, 0x0800, 0x0000, 0x0000, 0x0000, 0x0000, 0x0000, 0x0000,
    0x0000, 0x0000, 0x0000, 0x0800, 0x0800, 0x0800, 0x0800, 0x0800, 0x1000, 0x1000, 0x1000, 0x1800,
    0x2000, 0x5803, 0x7804, 0x9004, 0xe045, 0xf865, 0xf249, 0xfeb9, 0xf28a, 0xf020, 0xf0a0, 0xf0a1,
    0xe881, 0xc860, 0x3841, 0x0842, 0x0842, 0x0842, 0x0842, 0x0842, 0x0842, 0x0842, 0x0842, 0x0842,
    0x0842, 0x0842, 0x0842, 0x0842, 0x0842, 0x0842, 0x0842, 0x0842, 0x0842, 0x0842, 0x0842, 0x0842,
    0x0842, 0x0842, 0x0842, 0x0842, 0x0842, 0x0842, 0x0842, 0x0842, 0x0842, 0x0842, 0x0842, 0x0842,
    0x0842, 0x1841, 0x9040, 0xe060, 0xf0a0, 0xf0c1, 0xf060, 0xf144, 0xf698, 0xf3ef, 0xf065, 0xe005,
    0xa003, 0x8003, 0x6803, 0x2000, 0x1000, 0x1000, 0x1000, 0x0800, 0x0800, 0x0800, 0x1001, 0x5805,
    0x3003, 0x0000, 0x0800, 0x0800, 0x0800, 0x0800, 0x0800, 0x1000, 0x1000, 0x1000, 0x0800, 0x0000,
    0x0000, 0x0000, 0x0000, 0x0000, 0x0800, 0x1800, 0x1800, 0x1800, 0x1800, 0x1800, 0x1000, 0x0800,
    0x0000, 0x0000, 0x0000, 0x0000, 0x0000, 0x1000, 0x1000, 0x1000, 0x1000, 0x1000, 0x1000, 0x0800,
    0x0000, 0x3104, 0xc5f7, 0xb555, 0x1020, 0x0000, 0x1000, 0x1000, 0x1000, 0x1000, 0x0000, 0x0000,
    0x0000, 0x0000, 0x0000, 0x0000, 0x0000, 0x0000, 0x0000, 0x0000, 0x0800, 0x1000, 0x1000, 0x1000,
    0x1000, 0x0800, 0x0000, 0x0000, 0x0000, 0x0000, 0x0800, 0x1000, 0x1000, 0x1000, 0x1000, 0x1000,
    0x1000, 0x1000, 0x0800, 0x0000, 0x0000, 0x0000, 0x0000, 0x0800, 0x1000, 0x1000, 0x1000, 0x1000,
    0x1000, 0x1000, 0x1000, 0x1000, 0x1000, 0x1000, 0x1000, 0x1000, 0x1000, 0x1000, 0x1000, 0x1000,
    0x1000, 0x1000, 0x1000, 0x1000, 0x1000, 0x1000, 0x1000, 0x1000, 0x1000, 0x1000, 0x1000, 0x1000,
    0x1000, 0x1000, 0x1000, 0x1000, 0x1000, 0x1000, 0x1000, 0x1000, 0x1000, 0x1000, 0x1000, 0x1000,
    0x1000, 0x1000, 0x1000, 0x1000, 0x1000, 0x1000, 0x1000, 0x1000, 0x1000, 0x1000, 0x1000, 0x1000,
    0x1000, 0x1000, 0x1000, 0x1000, 0x1000, 0x1000, 0x1000, 0x1000, 0x1000, 0x1000, 0x1000, 0x1000,
    0x1000, 0x1000, 0x1000, 0x1800, 0x8061, 0xf185, 0xf9e7, 0xf1a6, 0xf1a6, 0xf9c6, 0xf9c6, 0xf986,
    0xf965, 0xf965, 0xf986, 0xf9a6, 0xf1a6, 0xf1a6, 0xf1a6, 0xf1a6, 0xf9c6, 0xf965, 0xa841, 0x4000,
    0x2000, 0x1800, 0x2800, 0xa8a2, 0xf9c6, 0xf9c6, 0xf1c6, 0xf1c6, 0xf1a5, 0xf1a6, 0xf1c6, 0xf1c6,
    0xf1c6, 0xf9e6, 0xf9e6, 0xf9e6, 0xf9e6, 0xf9e6, 0xf9e6, 0xf9e6, 0xfa06, 0xf1a5, 0x7040, 0x2000,
    0x1800, 0x1800, 0x1800, 0x1800, 0x1800, 0x2800, 0x8820, 0xf164, 0xf9e6, 0xfa06, 0xf9a5, 0xa041,
    0x3800, 0x2800, 0x3000, 0x9841, 0xf9c5, 0xfa06, 0xf9c6, 0xc103, 0x6840, 0x8861, 0xe984, 0xfa06,
    0xfa07, 0xe144, 0x5800, 0x2000, 0x1800, 0x1000, 0x0800, 0x0800, 0x0800, 0x0800, 0x0800, 0x0800,
    0x0800, 0x0800, 0x0800, 0x0800, 0x0000, 0x0000, 0x0000, 0x0000, 0x0000, 0x0000, 0x0800, 0x0800,
    0x0800, 0x0800, 0x0800, 0x0800, 0x1000, 0x1000, 0x1000, 0x1800, 0x2000, 0x5803, 0x7004, 0x8804,
    0xe045, 0xf865, 0xf249, 0xfeb9, 0xf2aa, 0xf020, 0xf0a0, 0xf0a1, 0xe881, 0xc860, 0x3041, 0x0842,
    0x0842, 0x0842, 0x0842, 0x0842, 0x0842, 0x0842, 0x0842, 0x0842, 0x0842, 0x0842, 0x0842, 0x0842,
    0x0842, 0x0842, 0x0842, 0x0842, 0x0842, 0x0842, 0x0842, 0x0842, 0x0842, 0x0842, 0x0842, 0x0842,
    0x0842, 0x0842, 0x0842, 0x0842, 0x0842, 0x0842, 0x0842, 0x0842, 0x0842, 0x1841, 0x9840, 0xe060,
    0xf0a0, 0xf0c1, 0xf060, 0xf144, 0xf698, 0xf3ef, 0xf065, 0xe025, 0xa003, 0x8003, 0x7003, 0x2000,
    0x1000, 0x1000, 0x1000, 0x1000, 0x0800, 0x0800, 0x1801, 0x5805, 0x3003, 0x0800, 0x0800, 0x0800,
    0x1000, 0x1000, 0x1000, 0x1000, 0x1000, 0x1800, 0x1800, 0x1800, 0x1800, 0x1800, 0x1800, 0x2000,
    0x1800, 0x1800, 0x1800, 0x1800, 0x1800, 0x1800, 0x1800, 0x1800, 0x2000, 0x2000, 0x2000, 0x2000,
    0x1800, 0x1800, 0x1800, 0x1800, 0x1800, 0x1800, 0x1800, 0x2000, 0x1800, 0x2061, 0x4186, 0x4165,
    0x2821, 0x1800, 0x1800, 0x1800, 0x1800, 0x1800, 0x1800, 0x1800, 0x1800, 0x1800, 0x1800, 0x1800,
    0x1800, 0x1800, 0x1800, 0x1800, 0x1800, 0x1800, 0x1800, 0x1800, 0x1800, 0x1800, 0x1800, 0x1800,
    0x1800, 0x1800, 0x1800, 0x1800, 0x1800, 0x1800, 0x1800, 0x1800, 0x1800, 0x1800, 0x1800, 0x1800,
    0x1800, 0x1800, 0x1800, 0x1800, 0x1800, 0x1800, 0x1800, 0x1800, 0x1800, 0x1800, 0x1800, 0x1800,
    0x1800, 0x1800, 0x1800, 0x1800, 0x1800, 0x1800, 0x1800, 0x1800, 0x1800, 0x1800, 0x1800, 0x1800,
    0x1800, 0x1800, 0x1800, 0x1800, 0x1800, 0x1800, 0x1800, 0x1800, 0x1800, 0x1800, 0x1800, 0x1800,
    0x1800, 0x1800, 0x1800, 0x1800, 0x1800, 0x1800, 0x1800, 0x1800, 0x1800, 0x1800, 0x1800, 0x1800,
    0x1800, 0x1800, 0x1800, 0x1800, 0x1800, 0x1800, 0x1800, 0x1800, 0x1800, 0x1800, 0x1000, 0x1000,
    0x1000, 0x1800, 0x1800, 0x1800, 0x1800, 0x1000, 0x1000, 0x1800, 0x1800, 0x1800, 0x1800, 0x2000,
    0x7041, 0xe924, 0xf986, 0xf986, 0xf1a6, 0xf186, 0xf186, 0xf186, 0xf986, 0xf986, 0xf986, 0xf186,
    0xf186, 0xf186, 0xf986, 0xf9a6, 0xf125, 0xb061, 0x5000, 0x3000, 0x2800, 0x2000, 0x3000, 0xa882,
    0xf965, 0xf186, 0xf1a6, 0xf1a6, 0xf1a6, 0xf1a6, 0xf1a6, 0xf1a6, 0xf1a6, 0xf1a6, 0xf1a5, 0xf1a5,
    0xf185, 0xf185, 0xf185, 0xf185, 0xf9a5, 0xe965, 0x7020, 0x2800, 0x2000, 0x1800, 0x1800, 0x2000,
    0x2800, 0x6020, 0xd903, 0xf9a5, 0xf9a5, 0xf9a5, 0xc082, 0x5000, 0x2800, 0x2000, 0x2800, 0x6000,
    0xe103, 0xf9e6, 0xf9e6, 0xf9a6, 0xe144, 0xe964, 0xf9c6, 0xf9e6, 0xf9c6, 0xb082, 0x3800, 0x2000,
    0x1800, 0x1000, 0x1000, 0x1000, 0x1000, 0x0800, 0x0800, 0x0800, 0x0800, 0x0800, 0x0800, 0x0800,
    0x0800, 0x0800, 0x0800, 0x0800, 0x0800, 0x0800, 0x0800, 0x0800, 0x0800, 0x0800, 0x0800, 0x1000,
    0x1000, 0x1000, 0x1000, 0x1000, 0x1800, 0x5003, 0x7004, 0x8804, 0xe024, 0xf845, 0xf249, 0xfeb9,
    0xf2aa, 0xf000, 0xf080, 0xe8a1, 0xe881, 0xc860, 0x3041, 0x0842, 0x0842, 0x0842, 0x0842, 0x0842,
    0x0842, 0x0842, 0x0842, 0x0842, 0x0842, 0x0842, 0x0842, 0x0842, 0x0842, 0x0842, 0x0842, 0x0842,
    0x0842, 0x0842, 0x0842, 0x0842, 0x0842, 0x0842, 0x0842, 0x0842, 0x0842, 0x0842, 0x0842, 0x0842,
    0x0842, 0x0842, 0x0842, 0x0842, 0x0842, 0x1841, 0xa040, 0xe060, 0xf0a1, 0xf0c1, 0xf060, 0xf144,
    0xf699, 0xf3ee, 0xf045, 0xe024, 0xa003, 0x8803, 0x7003, 0x2800, 0x1000, 0x1000, 0x1000, 0x1000,
    0x0800, 0x0800, 0x1801, 0x5005, 0x3002, 0x0800, 0x0800, 0x1000, 0x1000, 0x1000, 0x1800, 0x1800,
    0x1800, 0x1800, 0x1800, 0x1000, 0x1800, 0x1800, 0x1800, 0x2000, 0x1800, 0x1800, 0x1800, 0x1800,
    0x1800, 0x1800, 0x1800, 0x1800, 0x2000, 0x2000, 0x2000, 0x2000, 0x1800, 0x1800, 0x1800, 0x1800,
    0x1800, 0x2000, 0x2000, 0x2000, 0x2000, 0x1800, 0x0800, 0x0800, 0x1800, 0x1800, 0x1800, 0x1800,
    0x1800, 0x1800, 0x1800, 0x1800, 0x1800, 0x1800, 0x1800, 0x1800, 0x1800, 0x1800, 0x1800, 0x1800,
    0x1800, 0x1800, 0x1800, 0x1800, 0x1800, 0x1800, 0x1800, 0x1800, 0x1800, 0x1800, 0x1800, 0x1800,
    0x1800, 0x1800, 0x1800, 0x1800, 0x1800, 0x1800, 0x1800, 0x1800, 0x1800, 0x1800, 0x1800, 0x1800,
    0x1800, 0x1800, 0x1800, 0x1800, 0x1800, 0x1800, 0x1800, 0x1800, 0x1800, 0x1800, 0x1800, 0x1800,
    0x1800, 0x1800, 0x1800, 0x1800, 0x1800, 0x1800, 0x1800, 0x1800, 0x1800, 0x1000, 0x1800, 0x1800,
    0x1800, 0x1800, 0x1800, 0x1800, 0x1800, 0x1800, 0x1800, 0x1800, 0x1800, 0x1800, 0x1800, 0x1800,
    0x1800, 0x1800, 0x1800, 0x1800, 0x1800, 0x1800, 0x1000, 0x1000, 0x1000, 0x1000, 0x1000, 0x1000,
    0x1000, 0x1000, 0x1000, 0x1800, 0x1000, 0x1000, 0x1000, 0x1000, 0x1000, 0x1000, 0x1000, 0x1000,
    0x1000, 0x1000, 0x1000, 0x1000, 0x1000, 0x1000, 0x1000, 0x1800, 0x2800, 0x8020, 0xd0c3, 0xf965,
    0xf986, 0xf986, 0xf186, 0xf166, 0xf165, 0xf166, 0xf166, 0xf186, 0xf986, 0xf986, 0xf966, 0xe0e3,
    0x9841, 0x4000, 0x2000, 0x2000, 0x1800, 0x1800, 0x3800, 0xb8c2, 0xf9a6, 0xf9a6, 0xf1a6, 0xf9a6,
    0xf9a6, 0xf9a6, 0xf9a6, 0xf9a6, 0xf9a6, 0xf9a6, 0xf9a5, 0xf185, 0xf185, 0xf185, 0xf185, 0xf1a5,
    0xf9c6, 0xf165, 0x6820, 0x2000, 0x1800, 0x1000, 0x1000, 0x1800, 0x4800, 0xc903, 0xf9e6, 0xf9c6,
    0xf9a5, 0xd0c2, 0x5000, 0x1800, 0x1800, 0x1000, 0x1800, 0x2800, 0x8840, 0xe124, 0xf9a6, 0xf9c6,
    0xf9e6, 0xf9c6, 0xf9c6, 0xf985, 0xc8c2, 0x5000, 0x1800, 0x1000, 0x0800, 0x0800, 0x0800, 0x0800,
    0x0800, 0x0800, 0x0800, 0x0000, 0x0000, 0x0000, 0x0800, 0x0800, 0x0800, 0x0800, 0x0800, 0x0800,
    0x0800, 0x0800, 0x0800, 0x0800, 0x0800, 0x0800, 0x0800, 0x0800, 0x1000, 0x1000, 0x1000, 0x1800,
    0x1800, 0x5003, 0x6804, 0x8004, 0xe024, 0xf845, 0xf24a, 0xfed9, 0xf2aa, 0xf000, 0xf080, 0xe8a1,
    0xf081, 0xc060, 0x3041, 0x0842, 0x0842, 0x0842, 0x0842, 0x0842, 0x0842, 0x0842, 0x0842, 0x0842,
    0x0842, 0x0842, 0x0842, 0x0842, 0x0842, 0x0842, 0x0842, 0x0842, 0x0842, 0x0842, 0x0842, 0x0842,
    0x0842, 0x0842, 0x0842, 0x0842, 0x0842, 0x0842, 0x0842, 0x0842, 0x0842, 0x0842, 0x0842, 0x0842,
    0x0842, 0x1841, 0xa040, 0xe060, 0xf0a1, 0xf0c1, 0xf060, 0xf144, 0xf699, 0xf3ce, 0xf045, 0xe004,
    0xa003, 0x8803, 0x7003, 0x2800, 0x1000, 0x1000, 0x1000, 0x1000, 0x1000, 0x0800, 0x1801, 0x5004,
    0x3002, 0x0800, 0x1000, 0x1000, 0x1800, 0x1800, 0x1800, 0x1000, 0x1000, 0x1800, 0x2800, 0x3000,
    0x3800, 0x3800, 0x3800, 0x3800, 0x3800, 0x3800, 0x3800, 0x3800, 0x3800, 0x3800, 0x3800, 0x3800,
    0x4000, 0x4000, 0x4000, 0x3800, 0x3800, 0x3800, 0x4000, 0x4000, 0x3800, 0x4000, 0x4000, 0x3800,
    0x3800, 0x3800, 0x3800, 0x3800, 0x3800, 0x3800, 0x3800, 0x3800, 0x3800, 0x3800, 0x3800, 0x3800,
    0x3800, 0x3800, 0x3800, 0x3800, 0x3800, 0x3800, 0x3800, 0x3800, 0x3800, 0x3800, 0x3800, 0x3000,
    0x3800, 0x3800, 0x3000, 0x3800, 0x3800, 0x3000, 0x3800, 0x3800, 0x3000, 0x3800, 0x3000, 0x3000,
    0x3800, 0x3800, 0x3800, 0x3800, 0x3800, 0x3800, 0x3800, 0x3800, 0x3800, 0x3800, 0x3800, 0x3000,
    0x3000, 0x3000, 0x3800, 0x3000, 0x3000, 0x3000, 0x3000, 0x3800, 0x3000, 0x3000, 0x3000, 0x3000,
    0x3000, 0x3000, 0x3000, 0x3000, 0x3000, 0x3000, 0x3000, 0x3000, 0x3000, 0x3000, 0x3000, 0x3000,
    0x3000, 0x3000, 0x3000, 0x3000, 0x3000, 0x3000, 0x3000, 0x3000, 0x3000, 0x3000, 0x3000, 0x3000,
    0x3000, 0x3000, 0x3000, 0x3000, 0x3000, 0x2800, 0x2800, 0x2800, 0x3000, 0x3000, 0x3000, 0x3000,
    0x3000, 0x3000, 0x3000, 0x3000, 0x3000, 0x3000, 0x2800, 0x2800, 0x2800, 0x2800, 0x2000, 0x2000,
    0x2000, 0x2800, 0x2800, 0x2800, 0x2800, 0x3800, 0x7800, 0xb862, 0xd8c3, 0xe904, 0xf125, 0xf145,
    0xf145, 0xf166, 0xf146, 0xf145, 0xf125, 0xe0e4, 0xc082, 0x8800, 0x4800, 0x3000, 0x2800, 0x2000,
    0x2000, 0x2000, 0x4000, 0xb8a2, 0xf185, 0xf165, 0xf145, 0xe924, 0xe924, 0xe924, 0xe924, 0xe944,
    0xe924, 0xe924, 0xf124, 0xf144, 0xf144, 0xf144, 0xe924, 0xe924, 0xe944, 0xd8e3, 0x6020, 0x2800,
    0x2800, 0x2800, 0x2800, 0x2800, 0x6820, 0xd903, 0xe965, 0xe965, 0xe103, 0x8820, 0x3000, 0x2000,
    0x1000, 0x1800, 0x2000, 0x2800, 0x4000, 0x9020, 0xd0c3, 0xe924, 0xe924, 0xe924, 0xe104, 0xb882,
    0x6000, 0x2800, 0x2000, 0x1800, 0x1800, 0x1800, 0x1800, 0x1000, 0x1000, 0x1000, 0x1000, 0x1000,
    0x1000, 0x1000, 0x0000, 0x0000, 0x0000, 0x0800, 0x0800, 0x0800, 0x0800, 0x0800, 0x0800, 0x0800,
    0x0800, 0x0800, 0x0800, 0x1000, 0x1000, 0x1000, 0x1000, 0x1800, 0x1800, 0x5003, 0x6805, 0x8004,
    0xe024, 0xf845, 0xfa6a, 0xfed9, 0xf2aa, 0xf020, 0xf0a0, 0xf0a1, 0xf080, 0xc060, 0x3041, 0x0842,
    0x0842, 0x0842, 0x0842, 0x0842, 0x0842, 0x0842, 0x0842, 0x0842, 0x0842, 0x0842, 0x0842, 0x0842,
    0x0842, 0x0842, 0x0842, 0x0842, 0x0842, 0x0842, 0x0842, 0x0842, 0x0842, 0x0842, 0x0842, 0x0842,
    0x0842, 0x0842, 0x0842, 0x0842, 0x0842, 0x0842, 0x0842, 0x0842, 0x0842, 0x1841, 0x9840, 0xe060,
    0xe881, 0xf0c1, 0xf060, 0xf144, 0xf699, 0xf3ce, 0xf045, 0xe025, 0xa803, 0x8803, 0x7803, 0x2800,
    0x1800, 0x1800, 0x1000, 0x1000, 0x1000, 0x0800, 0x1801, 0x5004, 0x3002, 0x1000, 0x1000, 0x1800,
    0x2000, 0x2000, 0x2000, 0x3000, 0x6021, 0x9042, 0xb063, 0xc083, 0xc083, 0xc083, 0xb863, 0xc063,
    0xc063, 0xc083, 0xc0a3, 0xc0a3, 0xc083, 0xc083, 0xc083, 0xc083, 0xc083, 0xc083, 0xc883, 0xc083,
    0xc083, 0xc083, 0xc083, 0xc083, 0xc083, 0xc0a3, 0xc083, 0xc083, 0xc083, 0xc083, 0xc083, 0xc0a3,
    0xc0a3, 0xc083, 0xc0a3, 0xc0a3, 0xc083, 0xc083, 0xc083, 0xc083, 0xc083, 0xc063, 0xc063, 0xc083,
    0xc083, 0xc083, 0xc084, 0xc083, 0xc083, 0xc083, 0xc083, 0xc084, 0xc084, 0xc084, 0xc084, 0xc084,
    0xc084, 0xc084, 0xc083, 0xc063, 0xb863, 0xc084, 0xc083, 0xb883, 0xc084, 0xc083, 0xc084, 0xc084,
    0xc084, 0xc064, 0xc064, 0xc064, 0xc064, 0xc064, 0xc064, 0xb864, 0xb864, 0xb864, 0xc064, 0xb864,
    0xb864, 0xc044, 0xc043, 0xc043, 0xc043, 0xb864, 0xb864, 0xb864, 0xc064, 0xc043, 0xb844, 0xb844,
    0xb844, 0xb844, 0xb844, 0xb864, 0xb864, 0xb864, 0xc064, 0xb864, 0xb864, 0xb864, 0xb864, 0xb864,
    0xb864, 0xb844, 0xb844, 0xb844, 0xb864, 0xc064, 0xb864, 0xb864, 0xb864, 0xb844, 0xb844, 0xb844,
    0xb844, 0xb844, 0xb844, 0xb844, 0xb844, 0xb844, 0xb844, 0xb844, 0xb864, 0xb844, 0xb844, 0xb864,
    0xb844, 0xb844, 0xb844, 0xb844, 0xb824, 0xb024, 0xb024, 0xb044, 0xb044, 0xb044, 0xb824, 0xb024,
    0xb004, 0xb024, 0xb823, 0xd003, 0xe023, 0xf044, 0xf865, 0xf885, 0xf8a6, 0xf8a6, 0xf8a6, 0xf865,
    0xf844, 0xe824, 0xd003, 0xb824, 0xb824, 0xb804, 0xb024, 0xa824, 0xb045, 0xb044, 0xb824, 0xe044,
    0xf865, 0xf885, 0xf885, 0xf845, 0xf844, 0xf044, 0xf844, 0xf864, 0xf844, 0xf864, 0xf865, 0xf865,
    0xf865, 0xf865, 0xf864, 0xf844, 0xf844, 0xe824, 0xc024, 0xb004, 0xb004, 0xb804, 0xb824, 0xb024,
    0xc024, 0xe024, 0xf024, 0xf045, 0xe824, 0xc824, 0xb824, 0xa825, 0xa824, 0xa824, 0xb004, 0xb804,
    0xb804, 0xb803, 0xd803, 0xf024, 0xf844, 0xf844, 0xe824, 0xc803, 0xb004, 0xb004, 0xb004, 0xb004,
    0xb004, 0xb004, 0xa804, 0xa804, 0xa804, 0xa804, 0xa804, 0xa804, 0xa804, 0xa804, 0x8803, 0x5001,
    0x1800, 0x0000, 0x0800, 0x1000, 0x0800, 0x0800, 0x0800, 0x0800, 0x0800, 0x0800, 0x0800, 0x1000,
    0x1000, 0x1000, 0x1000, 0x1000, 0x1800, 0x5003, 0x6805, 0x8004, 0xe024, 0xf845, 0xfa6a, 0xfed9,
    0xf2aa, 0xf020, 0xf0a0, 0xf0a1, 0xf080, 0xc060, 0x3041, 0x0842, 0x0842, 0x0842, 0x0842, 0x0842,
    0x0842, 0x0842, 0x0842, 0x0842, 0x0842, 0x0842, 0x0842, 0x0842, 0x0842, 0x0842, 0x0842, 0x0842,
    0x0842, 0x0842, 0x0842, 0x0842, 0x0842, 0x0842, 0x0842, 0x0842, 0x0842, 0x0842, 0x0842, 0x0842,
    0x0842, 0x0842, 0x0842, 0x0842, 0x0842, 0x1841, 0x9040, 0xd860, 0xe8a0, 0xf0c1, 0xf060, 0xf144,
    0xf678, 0xf3ce, 0xf065, 0xe025, 0xa803, 0x8803, 0x7803, 0x2800, 0x1800, 0x1800, 0x1000, 0x1000,
    0x1000, 0x1000, 0x1800, 0x5003, 0x3002, 0x1000, 0x1800, 0x2000, 0x2000, 0x2800, 0x7021, 0xb8a4,
    0xe8a5, 0xf084, 0xd063, 0xb883, 0xb883, 0xc063, 0xc063, 0xc063, 0xc063, 0xc083, 0xc084, 0xc084,
    0xc083, 0xc083, 0xb883, 0xc063, 0xc083, 0xc083, 0xc063, 0xc083, 0xc083, 0xc083, 0xc083, 0xc083,
    0xc083, 0xc084, 0xc084, 0xc063, 0xc063, 0xc084, 0xc084, 0xc084, 0xc084, 0xc084, 0xc084, 0xc084,
    0xb883, 0xb863, 0xc063, 0xc063, 0xc063, 0xc063, 0xc063, 0xc064, 0xc084, 0xc084, 0xb884, 0xc064,
    0xc064, 0xc064, 0xc064, 0xb864, 0xc084, 0xc084, 0xc064, 0xc084, 0xc084, 0xc064, 0xc064, 0xc063,
    0xc063, 0xc064, 0xc064, 0xc064, 0xc064, 0xc064, 0xc064, 0xb864, 0xc064, 0xc064, 0xc064, 0xb844,
    0xc044, 0xc064, 0xc064, 0xc064, 0xc044, 0xc044, 0xc064, 0xc044, 0xc044, 0xc044, 0xc044, 0xc043,
    0xc044, 0xc044, 0xc044, 0xc044, 0xc044, 0xc044, 0xc044, 0xc044, 0xc044, 0xc044, 0xc044, 0xc044,
    0xb844, 0xc044, 0xb844, 0xc044, 0xc044, 0xc044, 0xc044, 0xc044, 0xc044, 0xc044, 0xc044, 0xc044,
    0xc044, 0xb844, 0xb844, 0xc044, 0xc044, 0xc044, 0xc044, 0xb824, 0xc044, 0xc044, 0xc044, 0xc024,
    0xb824, 0xb824, 0xb824, 0xc044, 0xc044, 0xc044, 0xb844, 0xb844, 0xb844, 0xb844, 0xb824, 0xb824,
    0xc024, 0xc024, 0xc024, 0xc024, 0xc045, 0xb844, 0xb824, 0xb804, 0xc004, 0xc004, 0xc024, 0xb824,
    0xb003, 0xb003, 0xb803, 0xb803, 0xb803, 0xb803, 0xb803, 0xb803, 0xb003, 0xa804, 0xb024, 0xb024,
    0xb804, 0xb804, 0xc004, 0xc025, 0xc045, 0xc045, 0xc024, 0xb804, 0xb004, 0xa804, 0xb004, 0xb004,
    0xb803, 0xb803, 0xb803, 0xb803, 0xb804, 0xb803, 0xb804, 0xb804, 0xb804, 0xb004, 0xb804, 0xb804,
    0xb003, 0xb004, 0xb804, 0xc004, 0xc004, 0xc004, 0xc025, 0xc025, 0xc025, 0xb804, 0xb004, 0xb004,
    0xb004, 0xb805, 0xc025, 0xc825, 0xc825, 0xc825, 0xc005, 0xb804, 0xb004, 0xb004, 0xb004, 0xa803,
    0xb003, 0xb004, 0xb004, 0xb004, 0xb804, 0xb804, 0xb804, 0xb804, 0xb804, 0xb804, 0xb804, 0xb804,
    0xb804, 0xb804, 0xb804, 0xb804, 0xb804, 0xc004, 0xd805, 0xe004, 0xb004, 0x5001, 0x0800, 0x0000,
    0x1000, 0x1000, 0x0800, 0x0800, 0x0800, 0x0800, 0x1000, 0x1000, 0x1000, 0x1000, 0x1000, 0x1000,
    0x1800, 0x5003, 0x6805, 0x8004, 0xe025, 0xf845, 0xfa49, 0xfed9, 0xf2aa, 0xf020, 0xf080, 0xe8a1,
    0xf080, 0xc060, 0x2841, 0x0842, 0x0842, 0x0842, 0x0842, 0x0842, 0x0842, 0x0842, 0x0842, 0x0842,
    0x0842, 0x0842, 0x0842, 0x0842, 0x0842, 0x0842, 0x0842, 0x0842, 0x0842, 0x0842, 0x0842, 0x0842,
    0x0842, 0x0842, 0x0842, 0x0842, 0x0842, 0x0842, 0x0842, 0x0842, 0x0842, 0x0842, 0x0842, 0x0842,
    0x0842, 0x1041, 0x8841, 0xd860, 0xe8a0, 0xf0c1, 0xf040, 0xf144, 0xfe79, 0xf3ee, 0xf065, 0xe004,
    0xa002, 0x8803, 0x7803, 0x2800, 0x1800, 0x1800, 0x1800, 0x1000, 0x1000, 0x1000, 0x1800, 0x4803,
    0x3001, 0x1000, 0x1800, 0x2000, 0x2800, 0x8821, 0xe8c5, 0xf0e6, 0xb083, 0x6801, 0x4000, 0x3800,
    0x3800, 0x4000, 0x4800, 0x4800, 0x4800, 0x4800, 0x4800, 0x4800, 0x4800, 0x4800, 0x4800, 0x4800,
    0x4800, 0x4800, 0x4800, 0x4800, 0x4800, 0x4800, 0x4800, 0x4800, 0x4800, 0x4800, 0x4800, 0x4800,
    0x4800, 0x4800, 0x4800, 0x4800, 0x4800, 0x4800, 0x4000, 0x4000, 0x4000, 0x4000, 0x4800, 0x4800,
    0x4800, 0x4800, 0x4800, 0x4800, 0x4800, 0x4000, 0x4000, 0x4000, 0x4800, 0x4000, 0x4000, 0x4000,
    0x4800, 0x4000, 0x4000, 0x4000, 0x4000, 0x4000, 0x4800, 0x4800, 0x4800, 0x4800, 0x4800, 0x4800,
    0x4800, 0x4800, 0x4800, 0x4000, 0x4000, 0x4000, 0x4000, 0x4000, 0x4800, 0x4800, 0x4800, 0x4800,
    0x4800, 0x4800, 0x4800, 0x4800, 0x4000, 0x4000, 0x4000, 0x4000, 0x4000, 0x4000, 0x4000, 0x3800,
    0x4000, 0x4000, 0x4000, 0x4000, 0x4000, 0x4000, 0x4000, 0x3800, 0x3800, 0x3800, 0x3800, 0x3800,
    0x4000, 0x4000, 0x4000, 0x4800, 0x4800, 0x4800, 0x4800, 0x4000, 0x3800, 0x3800, 0x3800, 0x3800,
    0x4000, 0x4000, 0x4000, 0x4000, 0x4000, 0x3800, 0x3800, 0x3800, 0x4000, 0x4000, 0x4000, 0x4000,
    0x4000, 0x4000, 0x3800, 0x3000, 0x3000, 0x3800, 0x3800, 0x4000, 0x4000, 0x4800, 0x4800, 0x4000,
    0x4000, 0x3800, 0x3800, 0x3800, 0x4000, 0x4800, 0x5000, 0x4800, 0x4000, 0x4800, 0x5000, 0x5800,
    0x5000, 0x5000, 0x5000, 0x4000, 0x3800, 0x3000, 0x3000, 0x3000, 0x3000, 0x3800, 0x3800, 0x3800,
    0x3800, 0x3800, 0x3800, 0x4000, 0x3800, 0x3800, 0x3800, 0x4000, 0x4800, 0x5000, 0x5800, 0x5800,
    0x5800, 0x5000, 0x5000, 0x4800, 0x4800, 0x4800, 0x4000, 0x4000, 0x3800, 0x3800, 0x3800, 0x3800,
    0x3800, 0x3800, 0x3800, 0x3800, 0x3800, 0x4000, 0x4000, 0x4000, 0x3800, 0x4000, 0x3800, 0x3000,
    0x2800, 0x2800, 0x1800, 0x1000, 0x0800, 0x1000, 0x1000, 0x1800, 0x1800, 0x1800, 0x1800, 0x1000,
    0x1000, 0x1000, 0x1000, 0x1000, 0x1000, 0x1000, 0x1000, 0x1000, 0x1000, 0x1000, 0x1000, 0x1000,
    0x1000, 0x1800, 0x4001, 0x7802, 0xc804, 0xf025, 0x8823, 0x1800, 0x0800, 0x1000, 0x1000, 0x1000,
    0x1000, 0x1000, 0x1000, 0x1000, 0x1000, 0x1000, 0x1000, 0x1000, 0x2000, 0x5003, 0x6804, 0x8804,
    0xe025, 0xf845, 0xfa49, 0xfeb9, 0xf2aa, 0xf020, 0xf080, 0xe8a1, 0xf080, 0xc060, 0x2841, 0x0842,
    0x0842, 0x0842, 0x0842, 0x0842, 0x0842, 0x0842, 0x0842, 0x0842, 0x0842, 0x0842, 0x0842, 0x0842,
    0x0842, 0x0842, 0x0842, 0x0842, 0x0842, 0x0842, 0x0842, 0x0842, 0x0842, 0x0842, 0x0842, 0x0842,
    0x0842, 0x0842, 0x0842, 0x0842, 0x0842, 0x0842, 0x0842, 0x0842, 0x0842, 0x1841, 0x9041, 0xe060,
    0xe880, 0xf0c1, 0xf040, 0xf144, 0xfe98, 0xf40e, 0xf085, 0xe004, 0xa802, 0x8803, 0x7803, 0x2800,
    0x1800, 0x1800, 0x1800, 0x1000, 0x1000, 0x1000, 0x1800, 0x5002, 0x3801, 0x1800, 0x2000, 0x2800,
    0x8041, 0xf0e5, 0xd8a5, 0x6021, 0x2000, 0x3800, 0x7940, 0x9a20, 0x9a60, 0x9a60, 0xa240, 0xa240,
    0xa240, 0xa260, 0xa260, 0xa260, 0xa260, 0xa260, 0xaa60, 0xa260, 0xa260, 0xaa60, 0xa240, 0xa240,
    0xa240, 0xa260, 0xa260, 0xa260, 0xa260, 0xa260, 0xa240, 0xa240, 0xa260, 0xa260, 0xa260, 0xa240,
    0x9a40, 0xa240, 0x9a40, 0xa240, 0xa260, 0xa260, 0xa240, 0xa240, 0x9a40, 0xa220, 0xa240, 0xa240,
    0xa220, 0xa220, 0xa220, 0xa220, 0xa220, 0xa240, 0xa240, 0xa240, 0xa240, 0xa240, 0x9a20, 0x9a40,
    0xa240, 0xa220, 0xa220, 0xa220, 0xa220, 0xa240, 0xa240, 0xa220, 0x9a20, 0xa220, 0xa220, 0xa220,
    0xa220, 0xa240, 0xa220, 0xa200, 0xa220, 0xa220, 0xa200, 0xaa00, 0xa200, 0xa200, 0xa1e0, 0xa200,
    0xa1e0, 0x99e0, 0xa1e0, 0xa1e0, 0xa200, 0x99e0, 0x99e0, 0x99e0, 0x99e0, 0x99e0, 0xa1e0, 0xa1e0,
    0xa1e0, 0x99e0, 0x99c1, 0x99c1, 0x91c1, 0x91e1, 0x99c1, 0x99c1, 0x99c1, 0x99c1, 0x99c1, 0xa1c1,
    0xa1c1, 0xa1c1, 0xa1a1, 0x99a1, 0x99a1, 0x99a1, 0x99c1, 0x99c1, 0x99c1, 0x99a1, 0xa1c1, 0xa1e1,
    0x99c1, 0x99a1, 0x91c1, 0x99a1, 0x99a1, 0xa1a1, 0xa1a1, 0xa1a1, 0x9982, 0x9981, 0x9981, 0x9181,
    0x91a2, 0x91a2, 0x9982, 0xa181, 0xa181, 0xa181, 0xa181, 0x99a2, 0x99a2, 0x99a2, 0x99a2, 0x9982,
    0xa182, 0xa161, 0xa161, 0xa161, 0xa161, 0xa981, 0xa961, 0xa961, 0xa961, 0xa161, 0xa162, 0x9962,
    0x9962, 0x9962, 0x9942, 0x9942, 0x9942, 0x9122, 0x9122, 0x9122, 0x9122, 0x8902, 0x9101, 0x9141,
    0x9941, 0x9962, 0x9962, 0x9942, 0x9942, 0xa122, 0xa922, 0xa922, 0xa942, 0xa142, 0xa142, 0xa142,
    0xa122, 0xa122, 0x9102, 0x9102, 0x9102, 0x9102, 0x9102, 0x90e2, 0x9102, 0x9102, 0x9102, 0x9102,
    0x9102, 0x9102, 0x9922, 0xa142, 0xa142, 0xa142, 0x9122, 0x70a2, 0x3801, 0x2001, 0x2001, 0x2001,
    0x2021, 0x1821, 0x1822, 0x1821, 0x1021, 0x1021, 0x1041, 0x1042, 0x1042, 0x1041, 0x0841, 0x0841,
    0x0842, 0x0842, 0x0842, 0x0842, 0x0841, 0x0841, 0x0841, 0x0841, 0x0841, 0x0041, 0x0020, 0x0000,
    0x2800, 0xa024, 0xf846, 0x9023, 0x1800, 0x1000, 0x1000, 0x1000, 0x1000, 0x1000, 0x1000, 0x1000,
    0x1000, 0x1000, 0x1800, 0x1800, 0x2000, 0x5803, 0x7004, 0x8804, 0xe024, 0xf845, 0xfa29, 0xfeb9,
    0xf2aa, 0xf020, 0xf0a0, 0xf0a1, 0xf080, 0xc840, 0x3041, 0x0842, 0x0842, 0x0842, 0x0842, 0x0842,
    0x0842, 0x0842, 0x0842, 0x0842, 0x0842, 0x0842, 0x0842, 0x0842, 0x0842, 0x0842, 0x0842, 0x0842,
    0x0842, 0x0842, 0x0842, 0x0842, 0x0842, 0x0842, 0x0842, 0x0842, 0x0842, 0x0842, 0x0842, 0x0842,
    0x0842, 0x0842, 0x0842, 0x0842, 0x0842, 0x1841, 0x9840, 0xe060, 0xe8a0, 0xf0c1, 0xf040, 0xf144,
    0xf698, 0xf40e, 0xf085, 0xe024, 0xa802, 0x9002, 0x7803, 0x2800, 0x1800, 0x1800, 0x1800, 0x1000,
    0x1000, 0x1000, 0x1800, 0x4802, 0x3801, 0x2000, 0x2800, 0x6800, 0xe0c5, 0xe0e5, 0x5800, 0x1000,
    0x60c0, 0xc300, 0xf4a0, 0xfd80, 0xfda0, 0xfd80, 0xfd80, 0xfd60, 0xfd60, 0xfd80, 0xfd60, 0xfd60,
    0xfd80, 0xfd80, 0xfd80, 0xfd60, 0xfd80, 0xfd60, 0xfd40, 0xfd40, 0xfd40, 0xfd40, 0xfd60, 0xfd60,
    0xfd40, 0xfd40, 0xfd20, 0xfd20, 0xfd20, 0xfd20, 0xfd20, 0xfd20, 0xfd00, 0xfd00, 0xfd00, 0xfce0,
    0xfd00, 0xfce0, 0xfcc0, 0xfcc0, 0xfcc0, 0xfca0, 0xfca0, 0xfca0, 0xfc81, 0xfc81, 0xfc81, 0xfc61,
    0xfc61, 0xfc81, 0xfc81, 0xfc61, 0xfc61, 0xfc61, 0xfc41, 0xfc61, 0xfc61, 0xfc41, 0xfc42, 0xfc42,
    0xfc42, 0xfc42, 0xfc42, 0xfc42, 0xfc22, 0xfc22, 0xfc22, 0xfc22, 0xfc22, 0xfc22, 0xfc02, 0xfbe2,
    0xfc02, 0xfbe2, 0xfbc2, 0xfbc2, 0xfbc2, 0xfbc2, 0xfba2, 0xfbc3, 0xfba3, 0xfba3, 0xfba3, 0xfba3,
    0xfba3, 0xfba3, 0xfb83, 0xfb83, 0xfb83, 0xfb83, 0xfb63, 0xfb64, 0xfb43, 0xfb64, 0xfb64, 0xfb44,
    0xfb44, 0xfb44, 0xfb44, 0xfb44, 0xfb44, 0xfb44, 0xfb44, 0xfb24, 0xfb24, 0xfb24, 0xfb24, 0xfb24,
    0xfb25, 0xfb25, 0xfb25, 0xfb25, 0xfb25, 0xfb05, 0xfb05, 0xfb25, 0xfb05, 0xfb05, 0xfb05, 0xfb05,
    0xfae5, 0xfae5, 0xfae5, 0xfae5, 0xfac5, 0xfac5, 0xfac5, 0xfac5, 0xfae6, 0xfae6, 0xfac6, 0xfac6,
    0xfac5, 0xfac5, 0xfac5, 0xfae6, 0xfae6, 0xfae6, 0xfae6, 0xfac6, 0xfaa6, 0xfaa6, 0xfaa5, 0xfaa5,
    0xfaa5, 0xfaa6, 0xfaa5, 0xfa85, 0xfa85, 0xfa86, 0xfaa6, 0xfaa6, 0xfaa6, 0xfa86, 0xfa86, 0xfa66,
    0xfa46, 0xfa46, 0xfa26, 0xfa26, 0xfa46, 0xfa26, 0xfa26, 0xfa46, 0xfa46, 0xfa66, 0xfa66, 0xfa46,
    0xfa46, 0xfa26, 0xfa26, 0xfa27, 0xfa47, 0xfa27, 0xfa47, 0xfa47, 0xfa27, 0xfa07, 0xfa07, 0xfa07,
    0xfa07, 0xf9e7, 0xf9e7, 0xf9e7, 0xf9e7, 0xf9e7, 0xf9e7, 0xf9e7, 0xf9e7, 0xf9e7, 0xfa07, 0xfa27,
    0xfa28, 0xfa08, 0xf9e7, 0xf187, 0xb8c5, 0x7003, 0x6003, 0x6024, 0x5844, 0x5044, 0x4044, 0x4064,
    0x4064, 0x4064, 0x3864, 0x3864, 0x3084, 0x3084, 0x2884, 0x2884, 0x2884, 0x2884, 0x2884, 0x2884,
    0x2084, 0x2084, 0x2084, 0x2084, 0x2084, 0x2084, 0x1883, 0x0821, 0x0000, 0x0800, 0x9824, 0xf826,
    0x7002, 0x1000, 0x1000, 0x1000, 0x1000, 0x1000, 0x1000, 0x1000, 0x1000, 0x1000, 0x1800, 0x1000,
    0x1800, 0x5803, 0x7004, 0x8004, 0xd804, 0xf825, 0xf229, 0xfeb9, 0xf28a, 0xf020, 0xf0a0, 0xf0a1,
    0xf080, 0xc840, 0x3041, 0x0842, 0x0842, 0x0842, 0x0842, 0x0842, 0x0842, 0x0842, 0x0842, 0x0842,
    0x0842, 0x0842, 0x0842, 0x0842, 0x0842, 0x0842, 0x0842, 0x0842, 0x0842, 0x0842, 0x0842, 0x0842,
    0x0842, 0x0842, 0x0842, 0x0842, 0x0842, 0x0842, 0x0842, 0x0842, 0x0842, 0x0842, 0x0842, 0x0842,
    0x0842, 0x1841, 0x9840, 0xe060, 0xe880, 0xf0c1, 0xf040, 0xf144, 0xf699, 0xfc0f, 0xf085, 0xe825,
    0xb002, 0x9002, 0x7802, 0x2800, 0x1800, 0x1800, 0x1800, 0x1800, 0x1000, 0x1000, 0x1800, 0x4801,
    0x3800, 0x2800, 0x4000, 0xb842, 0xf8e6, 0x8021, 0x2000, 0x70a0, 0xe3e0, 0xfdc0, 0xfda0, 0xf540,
    0xfd20, 0xfd20, 0xfd20, 0xfd00, 0xfd00, 0xfd00, 0xfd00, 0xfd00, 0xfd00, 0xfd00, 0xfce0, 0xfce0,
    0xfce0, 0xfce0, 0xfcc0, 0xfcc0, 0xfcc0, 0xfca0, 0xfca0, 0xfca0, 0xfca0, 0xfca0, 0xfc80, 0xfc80,
    0xf480, 0xfc60, 0xfc60, 0xfc60, 0xfc60, 0xfc40, 0xfc40, 0xfc40, 0xfc20, 0xfc00, 0xfc00, 0xfbe1,
    0xfbe1, 0xfbe1, 0xfbc1, 0xfba1, 0xfba1, 0xfba2, 0xfb82, 0xfb82, 0xfb82, 0xfb82, 0xfb62, 0xfb62,
    0xfb62, 0xfb42, 0xfb42, 0xfb43, 0xfb23, 0xfb23, 0xfb23, 0xfb23, 0xfb23, 0xfb23, 0xfb23, 0xfb23,
    0xfb23, 0xfb03, 0xfb03, 0xfb03, 0xfb03, 0xfae3, 0xfac3, 0xfac4, 0xfac4, 0xfac4, 0xfac4, 0xfaa4,
    0xfaa4, 0xfaa4, 0xfaa4, 0xfaa4, 0xfaa4, 0xfaa4, 0xfaa5, 0xfa85, 0xfa85, 0xfa85, 0xfa65, 0xfa65,
    0xfa65, 0xfa65, 0xfa45, 0xfa45, 0xfa45, 0xfa45, 0xfa45, 0xfa45, 0xfa45, 0xfa45, 0xfa45, 0xfa45,
    0xfa25, 0xfa25, 0xfa25, 0xfa25, 0xf225, 0xf225, 0xfa25, 0xfa25, 0xfa26, 0xfa26, 0xfa26, 0xfa06,
    0xfa06, 0xfa06, 0xf9e6, 0xfa06, 0xfa06, 0xfa06, 0xfa06, 0xf9e6, 0xfa06, 0xf9e6, 0xf9e6, 0xf9e6,
    0xf9e6, 0xf9e6, 0xf9e6, 0xf9e6, 0xf9e6, 0xf9e6, 0xf9e6, 0xf9c6, 0xf9e6, 0xf9e6, 0xf9e6, 0xf9c6,
    0xf9c6, 0xf9c6, 0xf9c6, 0xf9c6, 0xf9c6, 0xf9c6, 0xf9e6, 0xf9c6, 0xf9c6, 0xf9e6, 0xf9e6, 0xf9e6,
    0xf9e7, 0xf9e7, 0xf9e7, 0xf9c6, 0xf9c6, 0xf9c6, 0xf9c6, 0xf9a6, 0xf9a6, 0xf9a6, 0xf9a6, 0xf9a6,
    0xf9c7, 0xf9c7, 0xf9c7, 0xf9a7, 0xf9a7, 0xf987, 0xf987, 0xf987, 0xf987, 0xf9a7, 0xf987, 0xf987,
    0xf987, 0xf988, 0xf988, 0xf987, 0xf967, 0xf968, 0xf968, 0xf968, 0xf968, 0xf968, 0xf968, 0xf968,
    0xf968, 0xf968, 0xf948, 0xf968, 0xf968, 0xf968, 0xf948, 0xf948, 0xf928, 0xf928, 0xf928, 0xf968,
    0xf988, 0x9864, 0x6003, 0x5024, 0x4824, 0x4044, 0x4044, 0x3844, 0x3844, 0x3064, 0x3064, 0x3064,
    0x2864, 0x2864, 0x2864, 0x2864, 0x2864, 0x2864, 0x2864, 0x2064, 0x2064, 0x2064, 0x2064, 0x2064,
    0x1864, 0x2084, 0x20a5, 0x18a4, 0x0821, 0x0000, 0x1800, 0xc804, 0xd004, 0x3000, 0x1000, 0x1000,
    0x1000, 0x1000, 0x1000, 0x1000, 0x1000, 0x1000, 0x1800, 0x1000, 0x2000, 0x5803, 0x6804, 0x8004,
    0xd804, 0xf825, 0xf229, 0xfeb9, 0xf28a, 0xf000, 0xf0a0, 0xf0a1, 0xf080, 0xd060, 0x3841, 0x0842,
    0x0842, 0x0842, 0x0842, 0x0842, 0x0842, 0x0842, 0x0842, 0x0842, 0x0842, 0x0842, 0x0842, 0x0842,
    0x0842, 0x0842, 0x0842, 0x0842, 0x0842, 0x0842, 0x0842, 0x0842, 0x0842, 0x0842, 0x0842, 0x0842,
    0x0842, 0x0842, 0x0842, 0x0842, 0x0842, 0x0842, 0x0842, 0x0842, 0x0842, 0x1841, 0x9840, 0xe060,
    0xe881, 0xf0c1, 0xf040, 0xf124, 0xf699, 0xfc2f, 0xf086, 0xe825, 0xb002, 0x9002, 0x7802, 0x2800,
    0x1800, 0x1800, 0x1800, 0x1800, 0x1800, 0x1000, 0x1800, 0x4001, 0x3800, 0x2800, 0x6000, 0xe8c5,
    0xd8a4, 0x3800, 0x4000, 0xd2e0, 0xfdc0, 0xfd40, 0xf4e0, 0xf4e0, 0xf4e0, 0xf4e0, 0xf500, 0xf4e0,
    0xf4c0, 0xf4e0, 0xf4c0, 0xf4c0, 0xf4c0, 0xf4c0, 0xf4c0, 0xf4a0, 0xf4a0, 0xf4a0, 0xf4a0, 0xf480,
    0xf480, 0xf480, 0xf480, 0xf460, 0xf460, 0xf460, 0xf440, 0xf440, 0xf440, 0xf440, 0xf440, 0xf440,
    0xf420, 0xf400, 0xf400, 0xf400, 0xf3e1, 0xf3e1, 0xf3c1, 0xf3a1, 0xf3a1, 0xf3a1, 0xf3a1, 0xf381,
    0xf382, 0xf382, 0xf382, 0xf362, 0xf362, 0xf362, 0xf362, 0xf362, 0xf342, 0xf342, 0xf343, 0xf323,
    0xf323, 0xf323, 0xf323, 0xf323, 0xf323, 0xf303, 0xf303, 0xf303, 0xf323, 0xf303, 0xf303, 0xf303,
    0xf2e3, 0xf2e3, 0xf2c3, 0xf2c3, 0xf2c4, 0xf2c4, 0xf2a4, 0xf2a4, 0xf2a4, 0xf2a4, 0xf284, 0xf284,
    0xf284, 0xf284, 0xf284, 0xf284, 0xf284, 0xf264, 0xf264, 0xf264, 0xf264, 0xf265, 0xf245, 0xf245,
    0xf245, 0xf245, 0xf245, 0xf245, 0xf225, 0xf225, 0xf225, 0xf225, 0xf225, 0xf225, 0xf225, 0xf225,
    0xf225, 0xf225, 0xf225, 0xf225, 0xf225, 0xf225, 0xf205, 0xf205, 0xf205, 0xf205, 0xf1e5, 0xf1e5,
    0xf205, 0xf205, 0xf1e5, 0xf1e5, 0xf1e5, 0xf1e6, 0xf1e6, 0xf1e6, 0xf1e6, 0xf1e6, 0xf1e6, 0xf1e6,
    0xf1e6, 0xf1e5, 0xf1c5, 0xf1c5, 0xf1e6, 0xf1e6, 0xf1e6, 0xf1c5, 0xf1c5, 0xf1c5, 0xf1c5, 0xf1c5,
    0xf1c5, 0xf1c5, 0xf1c5, 0xf1c5, 0xf1c5, 0xf1c6, 0xf1c6, 0xf1e6, 0xf1e6, 0xf1e6, 0xf1c6, 0xf1c6,
    0xf1a6, 0xf1a6, 0xf1a6, 0xf186, 0xf186, 0xf186, 0xf186, 0xf186, 0xf1a6, 0xf1a6, 0xf1a7, 0xf1a7,
    0xf1a6, 0xf187, 0xf186, 0xf186, 0xf186, 0xf187, 0xf187, 0xf167, 0xf167, 0xf167, 0xf167, 0xf147,
    0xf147, 0xf167, 0xf167, 0xf167, 0xf147, 0xf167, 0xf167, 0xf167, 0xf167, 0xf147, 0xf147, 0xf147,
    0xf147, 0xf147, 0xf147, 0xf147, 0xf147, 0xf127, 0xf148, 0xf948, 0xf168, 0xa065, 0x5803, 0x4824,
    0x4024, 0x4044, 0x3844, 0x3864, 0x3064, 0x3064, 0x2864, 0x2864, 0x2864, 0x2864, 0x2864, 0x2064,
    0x2064, 0x2064, 0x2064, 0x2063, 0x2064, 0x2064, 0x1884, 0x1864, 0x1864, 0x1884, 0x1884, 0x1884,
    0x1083, 0x0000, 0x0000, 0x6802, 0xf025, 0x6801, 0x1000, 0x1000, 0x1000, 0x1000, 0x1000, 0x1000,
    0x1000, 0x1000, 0x1800, 0x1800, 0x2000, 0x5803, 0x6804, 0x8804, 0xe004, 0xf825, 0xf229, 0xfeb9,
    0xf28a, 0xf000, 0xf0a0, 0xf0c1, 0xf0a1, 0xd060, 0x3841, 0x0842, 0x0842, 0x0842, 0x0842, 0x0842,
    0x0842, 0x0842, 0x0842, 0x0842, 0x0842, 0x0842, 0x0842, 0x0842, 0x0842, 0x0842, 0x0842, 0x0842,
    0x0842, 0x0842, 0x0842, 0x0842, 0x0842, 0x0842, 0x0842, 0x0842, 0x0842, 0x0842, 0x0842, 0x0842,
    0x0842, 0x0842, 0x0842, 0x0842, 0x0842, 0x1841, 0x9840, 0xe060, 0xe8a1, 0xf0c1, 0xf040, 0xf144,
    0xf699, 0xfc2f, 0xf085, 0xe824, 0xb002, 0x8802, 0x7802, 0x2800, 0x1800, 0x1800, 0x1800, 0x1800,
    0x1800, 0x1000, 0x2000, 0x4000, 0x3800, 0x3000, 0x8021, 0xf0e6, 0xa042, 0x2800, 0x78a0, 0xf4a0,
    0xfd20, 0xf4e0, 0xf4e0, 0xf4e0, 0xfce0, 0xfce0, 0xf4e0, 0xf4c0, 0xf4a0, 0xfcc0, 0xf4c0, 0xf4a0,
    0xf4a0, 0xf4a0, 0xf480, 0xf480, 0xf460, 0xf460, 0xf480, 0xf480, 0xf460, 0xf460, 0xf460, 0xfc60,
    0xf440, 0xf420, 0xf420, 0xf420, 0xf420, 0xf420, 0xf420, 0xf400, 0xf400, 0xf3e1, 0xfbc1, 0xf3c1,
    0xf3c1, 0xf3a1, 0xf3a1, 0xf381, 0xf381, 0xf381, 0xf382, 0xf362, 0xf362, 0xf362, 0xf362, 0xf362,
    0xf342, 0xf342, 0xf342, 0xf323, 0xf323, 0xf323, 0xf323, 0xf323, 0xf323, 0xf303, 0xf303, 0xf303,
    0xf303, 0xf303, 0xf2e3, 0xf303, 0xf303, 0xf303, 0xf2e3, 0xf2e3, 0xf2e3, 0xf2c3, 0xf2c4, 0xf2a4,
    0xf2a4, 0xf2a4, 0xf284, 0xf2a4, 0xf284, 0xf284, 0xf264, 0xf264, 0xf284, 0xf284, 0xf264, 0xf264,
    0xf265, 0xf264, 0xf244, 0xf245, 0xf245, 0xf245, 0xf245, 0xf245, 0xf245, 0xf225, 0xf225, 0xf225,
    0xf205, 0xf205, 0xf205, 0xf205, 0xf205, 0xf205, 0xf205, 0xf205, 0xf205, 0xf205, 0xf205, 0xf205,
    0xf205, 0xf205, 0xf1e5, 0xf1e5, 0xf1e5, 0xf1e5, 0xf1e6, 0xf1e6, 0xf1e6, 0xf1e6, 0xf1e6, 0xf1e6,
    0xf1e6, 0xf1e5, 0xf1e5, 0xf1e6, 0xf1e6, 0xf1e6, 0xf1e6, 0xf1e6, 0xf1c5, 0xf1c5, 0xf1c5, 0xf1c5,
    0xf1c6, 0xf1c5, 0xf1c5, 0xf1c5, 0xf1c5, 0xf1c5, 0xf1a5, 0xf1a5, 0xf1a5, 0xf1a5, 0xf1a6, 0xf1a6,
    0xf1a6, 0xf1a6, 0xf1a6, 0xf1c6, 0xf1c6, 0xf1c6, 0xf1a6, 0xf1a6, 0xf1a6, 0xf1a6, 0xf186, 0xf186,
    0xf186, 0xf186, 0xf186, 0xf186, 0xf166, 0xf186, 0xf186, 0xf186, 0xf186, 0xf186, 0xf166, 0xf146,
    0xf146, 0xf167, 0xf146, 0xf146, 0xf147, 0xf147, 0xf147, 0xf147, 0xf147, 0xf147, 0xf147, 0xf147,
    0xf147, 0xf147, 0xf147, 0xf147, 0xf147, 0xf147, 0xf147, 0xf127, 0xf127, 0xf127, 0xf127, 0xf127,
    0xf127, 0xf127, 0xf148, 0xf948, 0xf128, 0x9045, 0x5003, 0x4824, 0x4044, 0x4044, 0x3844, 0x3064,
    0x3063, 0x2864, 0x2864, 0x2864, 0x2864, 0x2864, 0x2063, 0x2063, 0x2063, 0x2063, 0x2063, 0x1863,
    0x1863, 0x1863, 0x1884, 0x1864, 0x1864, 0x1884, 0x1884, 0x1884, 0x1884, 0x0821, 0x0000, 0x2800,
    0xe025, 0x9803, 0x1800, 0x1000, 0x1800, 0x1000, 0x1000, 0x1000, 0x1000, 0x1000, 0x1800, 0x1800,
    0x1800, 0x5003, 0x6804, 0x8804, 0xe024, 0xf825, 0xf209, 0xfe99, 0xf28a, 0xf020, 0xf0c0, 0xf0c1,
    0xf8a1, 0xd060, 0x3841, 0x0842, 0x0842, 0x0842, 0x0842, 0x0842, 0x0842, 0x0842, 0x0842, 0x0842,
    0x0842, 0x0842, 0x0842, 0x0842, 0x0842, 0x0842, 0x0842, 0x0842, 0x0842, 0x0842, 0x0842, 0x0842,
    0x0842, 0x0842, 0x0842, 0x0842, 0x0842, 0x0842, 0x0842, 0x0842, 0x0842, 0x0842, 0x0842, 0x0842,
    0x0842, 0x1841, 0x9840, 0xe060, 0xe8a0, 0xf0c1, 0xf040, 0xf144, 0xf699, 0xf40f, 0xf085, 0xe824,
    0xa802, 0x8802, 0x7802, 0x3000, 0x2000, 0x1800, 0x1800, 0x1800, 0x1800, 0x1800, 0x2000, 0x4000,
    0x3000, 0x3000, 0x9841, 0xf0e6, 0x8021, 0x3000, 0xa160, 0xfce0, 0xfd00, 0xf4e0, 0xf4c0, 0xf4c0,
    0xf4c0, 0xf4c0, 0xf4a0, 0xf4a0, 0xf480, 0xf480, 0xf4a0, 0xf480, 0xf480, 0xf480, 0xf460, 0xf440,
    0xf440, 0xf440, 0xf440, 0xf440, 0xf440, 0xf440, 0xf440, 0xf440, 0xf440, 0xf400, 0xf3e0, 0xf3e0,
    0xf3e0, 0xf3e0, 0xf3e0, 0xf3c0, 0xf3c1, 0xf3c1, 0xf3a1, 0xfba1, 0xf381, 0xf381, 0xf361, 0xf361,
    0xf361, 0xf362, 0xf362, 0xf342, 0xf342, 0xf342, 0xf342, 0xf342, 0xf322, 0xf322, 0xf322, 0xf303,
    0xf303, 0xf303, 0xf323, 0xf303, 0xf303, 0xf303, 0xf303, 0xf2c3, 0xf2c3, 0xf2c3, 0xf2c3, 0xf2e3,
    0xf2c3, 0xf2c3, 0xf2c3, 0xf2c4, 0xf2c4, 0xf2c4, 0xf284, 0xf284, 0xf284, 0xf264, 0xf264, 0xf264,
    0xf264, 0xf244, 0xf244, 0xf244, 0xf264, 0xf244, 0xf244, 0xf244, 0xf225, 0xf225, 0xf225, 0xf225,
    0xf205, 0xf225, 0xf205, 0xf205, 0xf205, 0xf205, 0xf205, 0xf205, 0xf1e5, 0xf1e5, 0xf1e5, 0xf1e5,
    0xf1e5, 0xf1e5, 0xf1e5, 0xf1e5, 0xf1e5, 0xf1e5, 0xf1e5, 0xf1e5, 0xf1e5, 0xf1c5, 0xf1c5, 0xf1c5,
    0xf1c5, 0xf1c5, 0xf1e6, 0xf1e6, 0xf1e6, 0xf1e6, 0xf1e6, 0xf1e6, 0xf1e6, 0xf1c6, 0xf1a5, 0xf1c5,
    0xf1c5, 0xf1c5, 0xf1a5, 0xf1c6, 0xf1a6, 0xf1a5, 0xf1a6, 0xf1a6, 0xf1a6, 0xf1a6, 0xf1a5, 0xf1a5,
    0xf1a6, 0xf1a5, 0xf1a6, 0xf1a6, 0xf1a6, 0xf1a6, 0xf1a6, 0xf1a6, 0xf1a6, 0xf186, 0xf186, 0xf186,
    0xf1a6, 0xf186, 0xf186, 0xf166, 0xf166, 0xf186, 0xf186, 0xf166, 0xf166, 0xf166, 0xf166, 0xf166,
    0xf146, 0xf166, 0xf146, 0xf146, 0xf146, 0xf146, 0xf146, 0xf146, 0xf146, 0xf146, 0xf146, 0xf146,
    0xf147, 0xf147, 0xf147, 0xf147, 0xf147, 0xf147, 0xf147, 0xf147, 0xf147, 0xf127, 0xf127, 0xf127,
    0xf127, 0xf127, 0xf127, 0xf127, 0xf127, 0xf127, 0xf127, 0xf127, 0xf127, 0xf127, 0xf128, 0xf948,
    0xf128, 0x9045, 0x4803, 0x4024, 0x4044, 0x3844, 0x3044, 0x3043, 0x2863, 0x2863, 0x2864, 0x2864,
    0x2063, 0x2063, 0x2063, 0x2063, 0x2063, 0x2063, 0x1863, 0x1863, 0x1863, 0x1863, 0x1864, 0x1864,
    0x1864, 0x1884, 0x1884, 0x1884, 0x1884, 0x0842, 0x0000, 0x1000, 0xd025, 0xb824, 0x2000, 0x1800,
    0x1800, 0x1000, 0x1000, 0x1000, 0x1000, 0x1800, 0x1800, 0x1800, 0x2000, 0x5003, 0x6804, 0x8804,
    0xe024, 0xf825, 0xf209, 0xfe99, 0xf28a, 0xf020, 0xf0c0, 0xf0c1, 0xf0a1, 0xd060, 0x3841, 0x0842,
    0x0842, 0x0842, 0x0842, 0x0842, 0x0842, 0x0842, 0x0842, 0x0842, 0x0842, 0x0842, 0x0842, 0x0842,
    0x0842, 0x0842, 0x0842, 0x0842, 0x0842, 0x0842, 0x0842, 0x0842, 0x0842, 0x0842, 0x0842, 0x0842,
    0x0842, 0x0842, 0x0842, 0x0842, 0x0842, 0x0842, 0x0842, 0x0842, 0x0842, 0x1841, 0x9040, 0xe060,
    0xe8a0, 0xf0c1, 0xf040, 0xf144, 0xf699, 0xf40e, 0xf085, 0xe824, 0xa802, 0x8802, 0x7802, 0x3000,
    0x2000, 0x1800, 0x1800, 0x1800, 0x1800, 0x1800, 0x2000, 0x3800, 0x3000, 0x3000, 0x9841, 0xe8e6,
    0x7821, 0x2800, 0xa160, 0xfcc0, 0xfce0, 0xfcc0, 0xf4a0, 0xf4a0, 0xf4a0, 0xf4a0, 0xf480, 0xf480,
    0xf480, 0xf480, 0xf480, 0xf480, 0xf460, 0xf440, 0xf440, 0xf420, 0xf420, 0xf420, 0xf420, 0xf420,
    0xf420, 0xf400, 0xf400, 0xf400, 0xf400, 0xf3e0, 0xf3c0, 0xf3c0, 0xf3c0, 0xf3a1, 0xf3a1, 0xf3a1,
    0xf3a1, 0xf381, 0xf361, 0xfb61, 0xf341, 0xf341, 0xf341, 0xf341, 0xf342, 0xf342, 0xf322, 0xf322,
    0xf322, 0xf322, 0xf322, 0xf302, 0xf302, 0xf2e2, 0xf2e2, 0xf2e3, 0xf2c3, 0xf2e3, 0xf2e3, 0xf2e3,
    0xf2e3, 0xf2e3, 0xf2c3, 0xf2a3, 0xf2a3, 0xf283, 0xf283, 0xf283, 0xf283, 0xf284, 0xf284, 0xf264,
    0xf264, 0xf264, 0xf264, 0xf244, 0xf244, 0xf244, 0xf244, 0xf244, 0xf224, 0xf224, 0xf224, 0xf224,
    0xf224, 0xf224, 0xf205, 0xf205, 0xf205, 0xf205, 0xf1e5, 0xf1e5, 0xf1e5, 0xf1e5, 0xf1e5, 0xf1e5,
    0xf1e5, 0xf1e5, 0xf1e5, 0xf1c5, 0xf1c5, 0xf1c5, 0xf1c5, 0xf1c5, 0xf1c5, 0xf1c5, 0xf1c5, 0xf1c5,
    0xf1c5, 0xf1c5, 0xf1a5, 0xf1a5, 0xf1a5, 0xf1a5, 0xf1a5, 0xf1a5, 0xf1a5, 0xf1a5, 0xf1a6, 0xf1c6,
    0xf1c6, 0xf1c6, 0xf1c6, 0xf1c6, 0xf1a6, 0xf1a6, 0xf1a6, 0xf1a6, 0xf185, 0xf186, 0xf186, 0xf1a6,
    0xf186, 0xf186, 0xf186, 0xf166, 0xf166, 0xf186, 0xf166, 0xf186, 0xf166, 0xf186, 0xf186, 0xf186,
    0xf186, 0xf186, 0xf186, 0xf186, 0xf186, 0xf166, 0xf166, 0xf166, 0xf166, 0xf166, 0xf166, 0xf146,
    0xf146, 0xf146, 0xf166, 0xf166, 0xf166, 0xf146, 0xf146, 0xf146, 0xf146, 0xf146, 0xf146, 0xf146,
    0xf146, 0xf146, 0xf146, 0xf146, 0xf146, 0xf146, 0xf146, 0xf146, 0xf147, 0xf147, 0xf147, 0xf147,
    0xf127, 0xf127, 0xf127, 0xf127, 0xf127, 0xf127, 0xf127, 0xf127, 0xf127, 0xf127, 0xf127, 0xf127,
    0xf107, 0xf107, 0xf107, 0xf107, 0xf107, 0xf107, 0xf107, 0xf928, 0xf108, 0x8845, 0x4803, 0x4024,
    0x3844, 0x3044, 0x3044, 0x2843, 0x2863, 0x2863, 0x2863, 0x2063, 0x2063, 0x2063, 0x2063, 0x2063,
    0x1863, 0x1863, 0x1863, 0x1863, 0x1863, 0x1883, 0x1863, 0x1864, 0x1884, 0x1884, 0x1884, 0x1884,
    0x1884, 0x0842, 0x0000, 0x1000, 0xd025, 0xb824, 0x2000, 0x1800, 0x1800, 0x1000, 0x1000, 0x1000,
    0x1000, 0x1800, 0x1800, 0x1800, 0x1800, 0x5003, 0x6804, 0x8804, 0xe024, 0xf845, 0xf209, 0xfe99,
    0xf28a, 0xf020, 0xf0c0, 0xf0c1, 0xf081, 0xd060, 0x3841, 0x0842, 0x0842, 0x0842, 0x0842, 0x0842,
    0x0842, 0x0842, 0x0842, 0x0842, 0x0842, 0x0842, 0x0842, 0x0842, 0x0842, 0x0842, 0x0842, 0x0842,
    0x0842, 0x0842, 0x0842, 0x0842, 0x0842, 0x0842, 0x0842, 0x0842, 0x0842, 0x0842, 0x0842, 0x0842,
    0x0842, 0x0842, 0x0842, 0x0842, 0x0842, 0x1841, 0x9040, 0xd860, 0xe8a1, 0xf0c1, 0xf060, 0xf144,
    0xfe99, 0xfc0f, 0xf885, 0xe804, 0xa802, 0x8802, 0x7802, 0x3000, 0x2000, 0x1800, 0x1800, 0x1800,
    0x1800, 0x1800, 0x1800, 0x3000, 0x2800, 0x2800, 0x8821, 0xf0e5, 0x8821, 0x2000, 0x80c0, 0xfc60,
    0xfce0, 0xfca0, 0xfca0, 0xf480, 0xf480, 0xfc80, 0xf480, 0xfc80, 0xf480, 0xf460, 0xf460, 0xfc60,
    0xf440, 0xf420, 0xf400, 0xf400, 0xf400, 0xf3e0, 0xf3e0, 0xf3e0, 0xf3e0, 0xf3c0, 0xf3c0, 0xf3c0,
    0xf3a0, 0xf3a0, 0xf3a0, 0xf380, 0xf380, 0xf361, 0xf361, 0xf361, 0xf341, 0xf341, 0xf321, 0xf321,
    0xf321, 0xf321, 0xf321, 0xf302, 0xf302, 0xf302, 0xf2e2, 0xf302, 0xf302, 0xf2e2, 0xf2e2, 0xf2e2,
    0xf2c3, 0xf2a3, 0xf2a3, 0xf2c3, 0xf2a3, 0xf2a3, 0xf2c3, 0xf2a3, 0xf2a3, 0xf283, 0xf283, 0xf283,
    0xf263, 0xf263, 0xf263, 0xf243, 0xf244, 0xf244, 0xf244, 0xf244, 0xf224, 0xf224, 0xf224, 0xf224,
    0xf204, 0xf224, 0xf204, 0xf204, 0xf204, 0xf1e4, 0xf204, 0xf204, 0xf1e5, 0xf1e5, 0xf1e5, 0xf1e5,
    0xf1e5, 0xf1e5, 0xf1c5, 0xf1c5, 0xf1c5, 0xf1a5, 0xf1c5, 0xf1c5, 0xf1c5, 0xf1c5, 0xf1c5, 0xf1a5,
    0xf185, 0xf1a5, 0xf1a5, 0xf185, 0xf185, 0xf185, 0xf185, 0xf185, 0xf185, 0xf185, 0xf185, 0xf185,
    0xf185, 0xf185, 0xf185, 0xf185, 0xf186, 0xf186, 0xf186, 0xf186, 0xf186, 0xf186, 0xf186, 0xf1a6,
    0xf186, 0xf1a6, 0xf186, 0xf186, 0xf166, 0xf166, 0xf166, 0xf166, 0xf166, 0xf166, 0xf166, 0xf146,
    0xf146, 0xf146, 0xf146, 0xf146, 0xf146, 0xf166, 0xf166, 0xf166, 0xf166, 0xf166, 0xf166, 0xf166,
    0xf166, 0xf146, 0xf146, 0xf146, 0xf146, 0xf146, 0xf146, 0xf146, 0xf146, 0xf146, 0xf146, 0xf146,
    0xf146, 0xf146, 0xf146, 0xf146, 0xf146, 0xf146, 0xf146, 0xf146, 0xf146, 0xf126, 0xf126, 0xf126,
    0xf126, 0xf126, 0xf126, 0xf126, 0xf126, 0xf127, 0xf127, 0xf127, 0xf127, 0xf107, 0xf107, 0xf107,
    0xf107, 0xf107, 0xf107, 0xf107, 0xf107, 0xf107, 0xf107, 0xf107, 0xf107, 0xf107, 0xf107, 0xf107,
    0xf107, 0xf107, 0xf107, 0xf928, 0xf108, 0x8845, 0x4003, 0x3843, 0x3044, 0x3044, 0x2844, 0x2843,
    0x2863, 0x2063, 0x2063, 0x2063, 0x2063, 0x2063, 0x2063, 0x1863, 0x1863, 0x1863, 0x1863, 0x1863,
    0x1863, 0x1883, 0x1863, 0x1863, 0x1884, 0x1884, 0x1884, 0x1884, 0x1084, 0x0021, 0x0000, 0x2000,
    0xe025, 0xa803, 0x1800, 0x1000, 0x1800, 0x1000, 0x1000, 0x1000, 0x1000, 0x1800, 0x1800, 0x1800,
    0x1800, 0x5003, 0x6804, 0x8804, 0xe024, 0xf845, 0xfa09, 0xfe99, 0xf28a, 0xf020, 0xf0a0, 0xf0c1,
    0xf081, 0xc860, 0x3041, 0x0842, 0x0842, 0x0842, 0x0842, 0x0842, 0x0842, 0x0842, 0x0842, 0x0842,
    0x0842, 0x0842, 0x0842, 0x0842, 0x0842, 0x0842, 0x0842, 0x0842, 0x0842, 0x0842, 0x0842, 0x0842,
    0x0842, 0x0842, 0x0842, 0x0842, 0x0842, 0x0842, 0x0842, 0x0842, 0x0842, 0x0842, 0x0842, 0x0842,
    0x0842, 0x1841, 0x9040, 0xe060, 0xe8a0, 0xf0c1, 0xf060, 0xf144, 0xfe99, 0xfc0e, 0xf865, 0xe804,
    0xa002, 0x8802, 0x7002, 0x3000, 0x2000, 0x1800, 0x1800, 0x1800, 0x1800, 0x1800, 0x1800, 0x2800,
    0x2800, 0x2800, 0x6800, 0xf0c5, 0xb843, 0x2800, 0x5820, 0xe340, 0xfd00, 0xfca0, 0xf460, 0xf460,
    0xf460, 0xfc60, 0xfc60, 0xf440, 0xf440, 0xf440, 0xf440, 0xf440, 0xf420, 0xf400, 0xf3e0, 0xf3e0,
    0xf3e0, 0xf3c0, 0xf3c0, 0xf3a0, 0xf3a0, 0xf3a0, 0xf380, 0xf380, 0xf380, 0xf360, 0xf361, 0xf360,
    0xf341, 0xf341, 0xf321, 0xf321, 0xf301, 0xf301, 0xf301, 0xf2e1, 0xf2e1, 0xf2e1, 0xf2e2, 0xf2c2,
    0xf2c2, 0xf2c2, 0xf2c2, 0xf2a2, 0xf2c2, 0xf2c2, 0xf2a2, 0xf282, 0xf283, 0xf283, 0xf283, 0xf283,
    0xf263, 0xf263, 0xf263, 0xf263, 0xf263, 0xf243, 0xf243, 0xf243, 0xf223, 0xf224, 0xf224, 0xf203,
    0xf204, 0xf204, 0xf204, 0xf204, 0xf204, 0xf204, 0xf204, 0xf1e4, 0xf1e4, 0xf1e4, 0xf1e4, 0xf1c4,
    0xf1c4, 0xf1c4, 0xf1c4, 0xf1c4, 0xf1c5, 0xf1c5, 0xf1c5, 0xf1c5, 0xf1c5, 0xf1a5, 0xf1a5, 0xf1a5,
    0xf1a5, 0xf185, 0xf1a5, 0xf185, 0xf1a5, 0xf185, 0xf185, 0xf185, 0xf165, 0xf165, 0xf165, 0xf165,
    0xf165, 0xf185, 0xf186, 0xf165, 0xf165, 0xf165, 0xf165, 0xf165, 0xf165, 0xf165, 0xf165, 0xf166,
    0xf186, 0xf166, 0xf166, 0xf166, 0xf166, 0xf166, 0xf166, 0xf166, 0xf166, 0xf166, 0xf166, 0xf166,
    0xf166, 0xf146, 0xf146, 0xf146, 0xf146, 0xf146, 0xf146, 0xf146, 0xf146, 0xf146, 0xf146, 0xf146,
    0xf146, 0xf146, 0xf146, 0xf146, 0xf146, 0xf146, 0xf146, 0xf146, 0xf146, 0xf146, 0xf146, 0xf146,
    0xf146, 0xf146, 0xf146, 0xf146, 0xf146, 0xf146, 0xf146, 0xf146, 0xf146, 0xf146, 0xf126, 0xf126,
    0xf126, 0xf126, 0xf126, 0xf106, 0xf106, 0xf106, 0xf106, 0xf106, 0xf107, 0xf107, 0xf106, 0xf106,
    0xf107, 0xf106, 0xf106, 0xf107, 0xf107, 0xf0e7, 0xf0e7, 0xf0e7, 0xf0e7, 0xf0e6, 0xf0e7, 0xf0e7,
    0xf0e7, 0xf0e7, 0xf0e7, 0xf0e7, 0xf0e7, 0xf0e7, 0xf0e7, 0xf0e7, 0xf0e7, 0xf0e7, 0xf0e7, 0xf908,
    0xf108, 0x8845, 0x3823, 0x3043, 0x3043, 0x2843, 0x2844, 0x2843, 0x2063, 0x2063, 0x2063, 0x2063,
    0x2063, 0x2063, 0x2063, 0x1863, 0x1864, 0x1864, 0x1864, 0x1863, 0x1863, 0x1863, 0x1863, 0x1883,
    0x1884, 0x1884, 0x1084, 0x1084, 0x1063, 0x0000, 0x0000, 0x5002, 0xe826, 0x7002, 0x1000, 0x1000,
    0x1000, 0x1000, 0x1000, 0x1000, 0x1000, 0x1800, 0x1800, 0x1800, 0x2000, 0x5803, 0x7004, 0x8804,
    0xe024, 0xf824, 0xfa09, 0xfe99, 0xf2aa, 0xf020, 0xf0a0, 0xf0a1, 0xf081, 0xc860, 0x3041, 0x0842,
    0x0842, 0x0842, 0x0842, 0x0842, 0x0842, 0x0842, 0x0842, 0x0842, 0x0842, 0x0842, 0x0842, 0x0842,
    0x0842, 0x0842, 0x0842, 0x0842, 0x0842, 0x0842, 0x0842, 0x0842, 0x0842, 0x0842, 0x0842, 0x0842,
    0x0842, 0x0842, 0x0842, 0x0842, 0x0842, 0x0842, 0x0842, 0x0842, 0x0842, 0x1841, 0x9840, 0xe060,
    0xe8a1, 0xf0c1, 0xf060, 0xf144, 0xfe99, 0xfbee, 0xf865, 0xe804, 0xa002, 0x8802, 0x7002, 0x3000,
    0x2000, 0x2000, 0x1800, 0x1800, 0x1800, 0x1800, 0x1800, 0x2000, 0x2000, 0x2000, 0x4000, 0xd063,
    0xe085, 0x5000, 0x2800, 0x9100, 0xf3e0, 0xfcc0, 0xfc80, 0xfc60, 0xfc60, 0xfc60, 0xfc40, 0xfc40,
    0xfc40, 0xfc40, 0xfc20, 0xfc20, 0xfc00, 0xf400, 0xf3e0, 0xf3e0, 0xf3c0, 0xfba0, 0xf3a0, 0xfb80,
    0xfb80, 0xf360, 0xf360, 0xfb60, 0xfb40, 0xfb40, 0xfb41, 0xfb40, 0xfb21, 0xf321, 0xf301, 0xf2e1,
    0xf2e1, 0xf2e1, 0xfae1, 0xfac1, 0xfac1, 0xfac2, 0xf2c2, 0xf2a2, 0xf2a2, 0xf2a2, 0xf282, 0xf282,
    0xf282, 0xf282, 0xf262, 0xf262, 0xf263, 0xf263, 0xf263, 0xf243, 0xf243, 0xf243, 0xf243, 0xf243,
    0xf223, 0xf223, 0xf223, 0xf223, 0xf204, 0xf204, 0xf204, 0xf204, 0xf204, 0xf204, 0xf1e4, 0xf1e4,
    0xf1e4, 0xf1e4, 0xf1e4, 0xf1c4, 0xf1c4, 0xf1c4, 0xf1c5, 0xf1a4, 0xf1a5, 0xf1a5, 0xf1a5, 0xf1a5,
    0xf1a5, 0xf1a5, 0xf1a5, 0xf1a5, 0xf1a5, 0xf1a5, 0xf1a5, 0xf1a5, 0xf185, 0xf185, 0xf185, 0xf165,
    0xf165, 0xf165, 0xf166, 0xf166, 0xf165, 0xf166, 0xf166, 0xf166, 0xf146, 0xf146, 0xf166, 0xf166,
    0xf166, 0xf166, 0xf166, 0xf166, 0xf146, 0xf146, 0xf146, 0xf146, 0xf146, 0xf146, 0xf146, 0xf146,
    0xf146, 0xf146, 0xf146, 0xf146, 0xf146, 0xf146, 0xf146, 0xf146, 0xf146, 0xf146, 0xf146, 0xf126,
    0xf126, 0xf126, 0xf126, 0xf126, 0xf126, 0xf126, 0xf126, 0xf126, 0xf126, 0xf126, 0xf126, 0xf126,
    0xf126, 0xf126, 0xf126, 0xf126, 0xf126, 0xf126, 0xf126, 0xf126, 0xf126, 0xf126, 0xf126, 0xf126,
    0xf126, 0xf126, 0xf146, 0xf126, 0xf126, 0xf126, 0xf126, 0xf106, 0xf106, 0xf106, 0xf106, 0xf106,
    0xf107, 0xf106, 0xf106, 0xf0e7, 0xf0e7, 0xf0e7, 0xf0e7, 0xf0e7, 0xf0e7, 0xf0e7, 0xf0e7, 0xf0e7,
    0xf0e7, 0xf0e7, 0xf0c7, 0xf0c7, 0xf0c7, 0xf0c7, 0xf0c7, 0xf0c7, 0xf8e7, 0xf0e7, 0xf8e7, 0xf8e7,
    0xf0e7, 0xf0e7, 0xf0c7, 0xf0c7, 0xf0c7, 0xf0c7, 0xf0e7, 0xf8e8, 0xf8e8, 0x8045, 0x3823, 0x3043,
    0x2843, 0x2843, 0x2844, 0x2843, 0x2064, 0x2064, 0x2064, 0x2064, 0x2064, 0x2064, 0x2063, 0x1863,
    0x1863, 0x1863, 0x1864, 0x1864, 0x1863, 0x1863, 0x1864, 0x1884, 0x1884, 0x1884, 0x1084, 0x1083,
    0x0821, 0x0000, 0x0800, 0xb024, 0xe025, 0x3000, 0x0800, 0x1000, 0x1000, 0x1000, 0x1000, 0x1000,
    0x1000, 0x1000, 0x1800, 0x1800, 0x2000, 0x5803, 0x7004, 0x8804, 0xe024, 0xf824, 0xf209, 0xfe99,
    0xf28a, 0xf020, 0xf0a0, 0xf0a1, 0xf081, 0xc840, 0x3841, 0x0842, 0x0842, 0x0842, 0x0842, 0x0842,
    0x0842, 0x0842, 0x0842, 0x0842, 0x0842, 0x0842, 0x0842, 0x0842, 0x0842, 0x0842, 0x0842, 0x0842,
    0x0842, 0x0842, 0x0842, 0x0842, 0x0842, 0x0842, 0x0842, 0x0842, 0x0842, 0x0842, 0x0842, 0x0842,
    0x0842, 0x0842, 0x0842, 0x0842, 0x0842, 0x1841, 0x9820, 0xe060, 0xe8a1, 0xf0c1, 0xf060, 0xf144,
    0xf699, 0xfbee, 0xf044, 0xe004, 0xa002, 0x8802, 0x7802, 0x3000, 0x2000, 0x1800, 0x1800, 0x1800,
    0x1800, 0x1000, 0x1800, 0x2000, 0x2000, 0x2000, 0x2800, 0x8001, 0xf086, 0xb043, 0x2800, 0x2800,
    0x9940, 0xeb40, 0xfc40, 0xfc60, 0xfc60, 0xfc40, 0xfc40, 0xfc40, 0xfc40, 0xfc20, 0xfc20, 0xfc20,
    0xfc00, 0xfc00, 0xfbe0, 0xfbc0, 0xfba0, 0xfba0, 0xfb80, 0xfb80, 0xfb60, 0xfb60, 0xfb60, 0xfb40,
    0xfb40, 0xfb40, 0xfb40, 0xfb20, 0xfb21, 0xfb01, 0xfb01, 0xfae1, 0xfae1, 0xfae1, 0xfac1, 0xfac1,
    0xfaa1, 0xfac2, 0xfaa2, 0xfaa2, 0xfaa2, 0xfa82, 0xfa82, 0xfa62, 0xfa62, 0xfa62, 0xfa42, 0xfa42,
    0xfa43, 0xfa43, 0xfa43, 0xfa23, 0xfa23, 0xfa23, 0xfa23, 0xfa23, 0xfa03, 0xfa03, 0xfa04, 0xfa04,
    0xfa04, 0xfa04, 0xf9e4, 0xf9e4, 0xf9e4, 0xf9e4, 0xf9e4, 0xf9e4, 0xf9c4, 0xf9c4, 0xf9c4, 0xf9c5,
    0xf9c5, 0xf9a5, 0xf9a5, 0xf9a5, 0xf9a5, 0xf9a5, 0xf985, 0xf985, 0xf985, 0xf9a5, 0xf985, 0xf985,
    0xf965, 0xf985, 0xf986, 0xf966, 0xf946, 0xf946, 0xf946, 0xf946, 0xf946, 0xf946, 0xf946, 0xf946,
    0xf946, 0xf926, 0xf926, 0xf926, 0xf926, 0xf926, 0xf926, 0xf926, 0xf946, 0xf946, 0xf946, 0xf926,
    0xf926, 0xf926, 0xf926, 0xf927, 0xf927, 0xf927, 0xf927, 0xf927, 0xf907, 0xf927, 0xf907, 0xf927,
    0xf927, 0xf927, 0xf907, 0xf907, 0xf927, 0xf927, 0xf906, 0xf906, 0xf907, 0xf907, 0xf906, 0xf907,
    0xf8e7, 0xf907, 0xf8e7, 0xf907, 0xf907, 0xf907, 0xf907, 0xf907, 0xf907, 0xf907, 0xf907, 0xf907,
    0xf907, 0xf907, 0xf907, 0xf8e7, 0xf907, 0xf907, 0xf907, 0xf907, 0xf907, 0xf907, 0xf907, 0xf927,
    0xf907, 0xf907, 0xf907, 0xf8e7, 0xf8e7, 0xf8e7, 0xf8e7, 0xf8e7, 0xf8e7, 0xf8e7, 0xf8e7, 0xf8e7,
    0xf8e7, 0xf8e7, 0xf8e7, 0xf8c7, 0xf8e7, 0xf8c7, 0xf8c7, 0xf8c7, 0xf8c7, 0xf8c7, 0xf8a7, 0xf8a7,
    0xf8a7, 0xf8a7, 0xf8a7, 0xf8a7, 0xf8c8, 0xf8c8, 0xf8c8, 0xf8c8, 0xf8c8, 0xf8c8, 0xf8a8, 0xf8a8,
    0xf8a8, 0xf8c8, 0xf8c8, 0xf8c8, 0xd8c7, 0x6824, 0x3824, 0x3044, 0x2844, 0x2844, 0x2864, 0x2864,
    0x2064, 0x2064, 0x2064, 0x2064, 0x2064, 0x2064, 0x2064, 0x1864, 0x1864, 0x1864, 0x1864, 0x1884,
    0x1884, 0x1884, 0x1884, 0x1884, 0x1884, 0x1084, 0x1063, 0x0821, 0x0000, 0x0000, 0x6802, 0xf826,
    0x8803, 0x0800, 0x0800, 0x1000, 0x1000, 0x1000, 0x1000, 0x1000, 0x1000, 0x1000, 0x1800, 0x1800,
    0x2000, 0x5803, 0x7004, 0x9004, 0xe004, 0xf824, 0xf1e9, 0xfe99, 0xf28a, 0xf020, 0xf0a0, 0xf0a1,
    0xf080, 0xc840, 0x3841, 0x0842, 0x0842, 0x0842, 0x0842, 0x0842, 0x0842, 0x0842, 0x0842, 0x0842,
    0x0842, 0x0842, 0x0842, 0x0842, 0x0842, 0x0842, 0x0842, 0x0842, 0x0842, 0x0842, 0x0842, 0x0842,
    0x0842, 0x0842, 0x0842, 0x0842, 0x0842, 0x0842, 0x0842, 0x0842, 0x0842, 0x0842, 0x0842, 0x0842,
    0x0842, 0x1841, 0x9041, 0xe060, 0xe8a1, 0xf0c1, 0xf060, 0xf144, 0xf699, 0xf3ee, 0xf044, 0xe003,
    0x9802, 0x8802, 0x7802, 0x3000, 0x2000, 0x1800, 0x1800, 0x1800, 0x1800, 0x1000, 0x1000, 0x1800,
    0x1800, 0x1800, 0x2000, 0x3000, 0xb023, 0xf845, 0x8822, 0x2000, 0x2000, 0x6880, 0xb1c0, 0xc240,
    0xc260, 0xc240, 0xc240, 0xc240, 0xc240, 0xc240, 0xc240, 0xc240, 0xca20, 0xc220, 0xc200, 0xca00,
    0xca00, 0xc200, 0xc1e0, 0xc1e0, 0xc1e0, 0xc9e0, 0xc1c0, 0xc1c0, 0xc1c0, 0xc1c0, 0xc1c0, 0xc1a0,
    0xc1a0, 0xc1a0, 0xc1a0, 0xc1a0, 0xc9a0, 0xc9a0, 0xc180, 0xc180, 0xc180, 0xc180, 0xc181, 0xc181,
    0xc981, 0xc961, 0xc161, 0xc161, 0xc141, 0xc141, 0xc141, 0xc141, 0xc141, 0xc141, 0xc141, 0xc121,
    0xc121, 0xc121, 0xc101, 0xc122, 0xc102, 0xc122, 0xc122, 0xc122, 0xc102, 0xc102, 0xc102, 0xc102,
    0xc102, 0xc102, 0xc0e2, 0xc0e2, 0xc0e2, 0xc0e2, 0xc0e2, 0xc0e2, 0xc0e2, 0xc0e2, 0xc0c3, 0xc0c3,
    0xc0c3, 0xc0c3, 0xc0c3, 0xc0c3, 0xc0c3, 0xc0c3, 0xc0c3, 0xc0a3, 0xc0a3, 0xc0c3, 0xc0c3, 0xc0a3,
    0xc0a3, 0xc0a3, 0xc083, 0xc083, 0xc083, 0xc083, 0xc0a3, 0xc083, 0xc083, 0xc083, 0xc083, 0xc084,
    0xc084, 0xc083, 0xc083, 0xc084, 0xc084, 0xc084, 0xc084, 0xc084, 0xc083, 0xc084, 0xc084, 0xc084,
    0xc084, 0xc084, 0xc084, 0xc084, 0xc063, 0xc064, 0xc084, 0xc084, 0xc084, 0xc084, 0xc064, 0xc064,
    0xc084, 0xc064, 0xc064, 0xb864, 0xc084, 0xc064, 0xc064, 0xc064, 0xc064, 0xc064, 0xc064, 0xc064,
    0xc084, 0xc084, 0xc084, 0xc064, 0xc064, 0xc084, 0xc064, 0xc064, 0xc084, 0xc084, 0xc084, 0xc064,
    0xc064, 0xc084, 0xc084, 0xc084, 0xc084, 0xc064, 0xc084, 0xc084, 0xc084, 0xc084, 0xc084, 0xc064,
    0xc064, 0xc064, 0xc064, 0xb864, 0xb864, 0xb864, 0xb864, 0xb864, 0xb864, 0xb864, 0xb864, 0xb864,
    0xb864, 0xb864, 0xb844, 0xb844, 0xb844, 0xb844, 0xb844, 0xb844, 0xb844, 0xb844, 0xb844, 0xb844,
    0xb844, 0xb844, 0xb864, 0xb844, 0xb844, 0xb844, 0xb844, 0xb844, 0xb844, 0xb844, 0xb844, 0xb064,
    0x7023, 0x3802, 0x2822, 0x2022, 0x2022, 0x2022, 0x1842, 0x1842, 0x1042, 0x1042, 0x1042, 0x1042,
    0x1042, 0x0842, 0x0842, 0x0842, 0x0842, 0x0842, 0x0842, 0x0842, 0x0842, 0x0842, 0x0842, 0x0842,
    0x0842, 0x0041, 0x0000, 0x0000, 0x0800, 0x6002, 0xf025, 0xb024, 0x1800, 0x0800, 0x1000, 0x1000,
    0x1000, 0x1000, 0x1000, 0x1000, 0x1000, 0x1000, 0x1800, 0x1800, 0x2000, 0x5803, 0x7004, 0x9004,
    0xe004, 0xf804, 0xf1e8, 0xfe99, 0xf2aa, 0xf020, 0xf0a0, 0xf0a1, 0xf080, 0xd040, 0x3841, 0x0842,
    0x0842, 0x0842, 0x0842, 0x0842, 0x0842, 0x0842, 0x0842, 0x0842, 0x0842, 0x0842, 0x0842, 0x0842,
    0x0842, 0x0842, 0x0842, 0x0842, 0x0842, 0x0842, 0x0842, 0x0842, 0x0842, 0x0842, 0x0842, 0x0842,
    0x0842, 0x0842, 0x0842, 0x0842, 0x0842, 0x0842, 0x0842, 0x0842, 0x0842, 0x1841, 0x9041, 0xe080,
    0xe8a1, 0xf0c1, 0xf060, 0xf144, 0xfe99, 0xf3ce, 0xf024, 0xe003, 0x9802, 0x8002, 0x7802, 0x3000,
    0x2000, 0x1800, 0x1800, 0x1800, 0x1000, 0x1000, 0x1000, 0x1800, 0x1800, 0x1800, 0x1800, 0x1800,
    0x3800, 0xb023, 0xf846, 0xb024, 0x5801, 0x2800, 0x2000, 0x3000, 0x3000, 0x3800, 0x3800, 0x3800,
    0x3800, 0x3800, 0x3800, 0x3800, 0x4000, 0x4000, 0x4000, 0x4000, 0x4000, 0x3800, 0x3800, 0x3800,
    0x4000, 0x4000, 0x3800, 0x3800, 0x3800, 0x3800, 0x3800, 0x3800, 0x3800, 0x3800, 0x4000, 0x3800,
    0x3800, 0x4000, 0x3800, 0x3800, 0x3800, 0x3800, 0x3800, 0x4000, 0x4000, 0x4000, 0x4000, 0x4000,
    0x4000, 0x3800, 0x3800, 0x3800, 0x3800, 0x3800, 0x3800, 0x3800, 0x3800, 0x3800, 0x3800, 0x3800,
    0x3800, 0x3800, 0x4000, 0x3800, 0x3800, 0x3800, 0x4000, 0x4000, 0x4000, 0x4000, 0x4000, 0x3800,
    0x4000, 0x4000, 0x3800, 0x3800, 0x3800, 0x3800, 0x3800, 0x3800, 0x3800, 0x3800, 0x3800, 0x3800,
    0x3800, 0x3800, 0x3000, 0x3800, 0x3800, 0x3800, 0x3800, 0x3800, 0x3800, 0x3800, 0x3800, 0x3000,
    0x3000, 0x3800, 0x3800, 0x3800, 0x3000, 0x3000, 0x3000, 0x3800, 0x3800, 0x3800, 0x3800, 0x3000,
    0x3000, 0x3000, 0x3000, 0x3000, 0x3000, 0x3000, 0x3000, 0x3800, 0x3800, 0x3800, 0x3800, 0x3000,
    0x3000, 0x3000, 0x3000, 0x3000, 0x3000, 0x3000, 0x3000, 0x3000, 0x3000, 0x3000, 0x3000, 0x3000,
    0x3000, 0x3000, 0x3000, 0x3000, 0x3800, 0x3800, 0x3000, 0x3000, 0x3000, 0x3800, 0x3800, 0x3000,
    0x3800, 0x3800, 0x3800, 0x3800, 0x3800, 0x4000, 0x4000, 0x4000, 0x4000, 0x4000, 0x4000, 0x4000,
    0x4000, 0x3800, 0x3800, 0x3800, 0x3800, 0x3800, 0x3800, 0x3800, 0x3800, 0x3800, 0x3000, 0x3000,
    0x2800, 0x2800, 0x2800, 0x2800, 0x2800, 0x2800, 0x2800, 0x2800, 0x2800, 0x2800, 0x2800, 0x2800,
    0x2800, 0x2000, 0x2000, 0x2000, 0x2000, 0x2000, 0x2000, 0x2000, 0x2000, 0x2000, 0x2000, 0x2000,
    0x2000, 0x2800, 0x2800, 0x3000, 0x3000, 0x3000, 0x3000, 0x2800, 0x1800, 0x1800, 0x1800, 0x1800,
    0x1800, 0x1000, 0x0800, 0x0000, 0x0000, 0x0000, 0x0000, 0x0000, 0x0000, 0x0000, 0x0000, 0x0000,
    0x0000, 0x0000, 0x0000, 0x0000, 0x0000, 0x0000, 0x0000, 0x0000, 0x0000, 0x0000, 0x1800, 0x4801,
    0x9823, 0xf025, 0xb004, 0x2000, 0x0000, 0x0800, 0x1000, 0x1000, 0x1000, 0x1000, 0x1000, 0x1000,
    0x1000, 0x1000, 0x1800, 0x1800, 0x2000, 0x5803, 0x7004, 0x8804, 0xe004, 0xf004, 0xf1c8, 0xfe98,
    0xf2aa, 0xf020, 0xf0a0, 0xf0a1, 0xf080, 0xd040, 0x3841, 0x0842, 0x0842, 0x0842, 0x0842, 0x0842,
    0x0842, 0x0842, 0x0842, 0x0842, 0x0842, 0x0842, 0x0842, 0x0842, 0x0842, 0x0842, 0x0842, 0x0842,
    0x0842, 0x0842, 0x0842, 0x0842, 0x0842, 0x0842, 0x0842, 0x0842, 0x0842, 0x0842, 0x0842, 0x0842,
    0x0842, 0x0842, 0x0842, 0x0842, 0x0842, 0x1841, 0x9041, 0xe060, 0xe8a1, 0xf0c1, 0xf060, 0xf144,
    0xfe99, 0xfbce, 0xf024, 0xe003, 0x9802, 0x8802, 0x7802, 0x3000, 0x2000, 0x1800, 0x1800, 0x1000,
    0x1000, 0x1000, 0x1000, 0x1000, 0x1000, 0x1000, 0x1800, 0x1800, 0x1800, 0x3000, 0x9823, 0xe046,
    0xe805, 0xb003, 0x8802, 0x8002, 0x8003, 0x8823, 0x8822, 0x8822, 0x8002, 0x8002, 0x8022, 0x8823,
    0x8823, 0x8822, 0x8822, 0x8802, 0x8822, 0x8022, 0x8022, 0x8822, 0x8823, 0x8823, 0x8823, 0x8823,
    0x8803, 0x8803, 0x8823, 0x8823, 0x8823, 0x8823, 0x8823, 0x8823, 0x8003, 0x8003, 0x8823, 0x8823,
    0x8823, 0x8823, 0x8823, 0x8823, 0x8023, 0x8823, 0x8803, 0x8803, 0x8803, 0x8823, 0x8823, 0x8823,
    0x8823, 0x8823, 0x8823, 0x8823, 0x8823, 0x8823, 0x8823, 0x8023, 0x8823, 0x8823, 0x8823, 0x8823,
    0x8823, 0x8823, 0x8823, 0x8823, 0x8823, 0x8823, 0x8823, 0x8823, 0x8823, 0x8823, 0x8823, 0x8823,
    0x8823, 0x8823, 0x8823, 0x8823, 0x8023, 0x8023, 0x8823, 0x8823, 0x8823, 0x8023, 0x8823, 0x8823,
    0x8823, 0x8823, 0x8823, 0x8023, 0x8823, 0x8823, 0x8823, 0x8023, 0x8823, 0x8823, 0x8823, 0x8023,
    0x8023, 0x8023, 0x8823, 0x8823, 0x8823, 0x8823, 0x8823, 0x8823, 0x8023, 0x8023, 0x8023, 0x8023,
    0x8023, 0x8023, 0x8823, 0x8823, 0x8823, 0x8023, 0x8023, 0x8823, 0x8823, 0x8823, 0x8023, 0x8023,
    0x8023, 0x8023, 0x8823, 0x8823, 0x8823, 0x8823, 0x8023, 0x8023, 0x8023, 0x8023, 0x8023, 0x8823,
    0x8823, 0x8823, 0x8823, 0x8023, 0x8823, 0x8823, 0x8023, 0x8023, 0x8823, 0x8823, 0x8843, 0x8823,
    0x8823, 0x8823, 0x9043, 0x9043, 0x8843, 0x8823, 0x8823, 0x8823, 0x8823, 0x8823, 0x8823, 0x8843,
    0x8843, 0x8823, 0x8823, 0x8823, 0x8823, 0x8823, 0x8823, 0x8023, 0x8023, 0x8023, 0x8023, 0x8023,
    0x8023, 0x8023, 0x8023, 0x8023, 0x8023, 0x8023, 0x8023, 0x8023, 0x8023, 0x8023, 0x8023, 0x8023,
    0x8003, 0x7823, 0x8023, 0x8023, 0x7823, 0x7803, 0x7803, 0x7803, 0x7803, 0x8003, 0x8003, 0x8023,
    0x8823, 0x8823, 0x8823, 0x8823, 0x8803, 0x8803, 0x8803, 0x8823, 0x8823, 0x8843, 0x8843, 0x8823,
    0x8023, 0x8023, 0x8023, 0x8023, 0x8003, 0x8003, 0x8002, 0x8002, 0x8002, 0x8002, 0x8003, 0x8002,
    0x8002, 0x8002, 0x8002, 0x8002, 0x8002, 0x8803, 0xb003, 0xe005, 0xd825, 0x8803, 0x1800, 0x0000,
    0x0800, 0x0800, 0x0800, 0x0800, 0x1000, 0x1000, 0x1000, 0x1000, 0x1000, 0x1000, 0x1800, 0x1800,
    0x2000, 0x5803, 0x7004, 0x9004, 0xe004, 0xf004, 0xf1c8, 0xfe98, 0xf2aa, 0xf020, 0xf0a0, 0xf0a1,
    0xf080, 0xd040, 0x3841, 0x0842, 0x0842, 0x0842, 0x0842, 0x0842, 0x0842, 0x0842, 0x0842, 0x0842,
    0x0842, 0x0842, 0x0842, 0x0842, 0x0842, 0x0842, 0x0842, 0x0842, 0x0842, 0x0842, 0x0842, 0x0842,
    0x0842, 0x0842, 0x0842, 0x0842, 0x0842, 0x0842, 0x0842, 0x0842, 0x0842, 0x0842, 0x0842, 0x0842,
    0x0842, 0x1041, 0x9040, 0xe060, 0xe8a1, 0xf0c1, 0xf060, 0xf144, 0xf699, 0xfbce, 0xf044, 0xe003,
    0xa002, 0x8802, 0x7802, 0x3000, 0x2000, 0x1800, 0x1800, 0x1000, 0x1000, 0x1000, 0x1000, 0x1000,
    0x1000, 0x1000, 0x1000, 0x1800, 0x1800, 0x1800, 0x2000, 0x5801, 0xa003, 0xc804, 0xe004, 0xe024,
    0xe024, 0xe044, 0xe044, 0xe044, 0xe024, 0xe024, 0xe844, 0xe044, 0xe044, 0xe044, 0xe044, 0xe024,
    0xe044, 0xe044, 0xe044, 0xe044, 0xe044, 0xe044, 0xe044, 0xe044, 0xe024, 0xe024, 0xe044, 0xe044,
    0xe044, 0xe044, 0xe045, 0xe045, 0xe025, 0xe025, 0xe044, 0xe044, 0xe044, 0xe045, 0xe045, 0xe045,
    0xe045, 0xe045, 0xe024, 0xe024, 0xe024, 0xe045, 0xe045, 0xe045, 0xe044, 0xe045, 0xe045, 0xe045,
    0xe045, 0xe045, 0xe065, 0xe865, 0xe065, 0xe045, 0xe045, 0xe045, 0xe065, 0xe065, 0xe045, 0xe045,
    0xe045, 0xe065, 0xe045, 0xe045, 0xe045, 0xe045, 0xe045, 0xe045, 0xe045, 0xe045, 0xe045, 0xe045,
    0xe045, 0xe045, 0xe045, 0xe045, 0xe045, 0xe045, 0xe045, 0xe045, 0xe045, 0xe025, 0xe045, 0xe045,
    0xe045, 0xe045, 0xe045, 0xe065, 0xe065, 0xe045, 0xe045, 0xe845, 0xe045, 0xe045, 0xe045, 0xe045,
    0xe045, 0xe045, 0xe045, 0xe045, 0xe045, 0xe045, 0xe045, 0xe045, 0xe045, 0xe065, 0xe045, 0xe045,
    0xe045, 0xe045, 0xe046, 0xe065, 0xe045, 0xe045, 0xe045, 0xe045, 0xe045, 0xe045, 0xe045, 0xe045,
    0xe045, 0xe045, 0xe045, 0xe045, 0xe045, 0xe045, 0xe045, 0xe045, 0xe045, 0xe045, 0xe045, 0xe045,
    0xe045, 0xe045, 0xe045, 0xe045, 0xe045, 0xe045, 0xe045, 0xe045, 0xe045, 0xe045, 0xe045, 0xe045,
    0xe045, 0xe045, 0xe045, 0xe044, 0xe024, 0xe025, 0xe045, 0xe045, 0xd845, 0xe045, 0xe045, 0xe045,
    0xe045, 0xe025, 0xe025, 0xe046, 0xe046, 0xe045, 0xe045, 0xe045, 0xe045, 0xe046, 0xe045, 0xe025,
    0xe046, 0xe046, 0xe045, 0xd825, 0xe025, 0xe026, 0xe025, 0xe025, 0xe025, 0xe046, 0xe046, 0xe046,
    0xe045, 0xe025, 0xd825, 0xd825, 0xd825, 0xe025, 0xd825, 0xd825, 0xd845, 0xd845, 0xd845, 0xe045,
    0xe025, 0xe005, 0xe004, 0xd804, 0xd825, 0xe065, 0xd865, 0xd845, 0xd825, 0xd825, 0xd825, 0xd825,
    0xd825, 0xd025, 0xd805, 0xd025, 0xd004, 0xd005, 0xd825, 0xd825, 0xd025, 0xd005, 0xd004, 0xd024,
    0xd825, 0xd004, 0xb804, 0x8002, 0x3801, 0x0000, 0x0000, 0x0800, 0x0800, 0x0800, 0x0800, 0x0800,
    0x0800, 0x1000, 0x1000, 0x1000, 0x1000, 0x1000, 0x1800, 0x1800, 0x2000, 0x5803, 0x7004, 0x9004,
    0xe004, 0xf004, 0xf1e8, 0xfe98, 0xf2aa, 0xf020, 0xf0a0, 0xf0a1, 0xf080, 0xd040, 0x3841, 0x0842,
    0x0842, 0x0842, 0x0842, 0x0842, 0x0842, 0x0842, 0x0842, 0x0842, 0x0842, 0x0842, 0x0842, 0x0842,
    0x0842, 0x0842, 0x0842, 0x0842, 0x0842, 0x0842, 0x0842, 0x0842, 0x0842, 0x0842, 0x0842, 0x0842,
    0x0842, 0x0842, 0x0842, 0x0842, 0x0842, 0x0842, 0x0842, 0x0842, 0x0842, 0x1041, 0x8841, 0xe060,
    0xe8a1, 0xf0c1, 0xf060, 0xf144, 0xf699, 0xfbce, 0xf024, 0xe003, 0xa002, 0x8802, 0x7802, 0x3000,
    0x1800, 0x1800, 0x1800, 0x1000, 0x1000, 0x1000, 0x1000, 0x1000, 0x0800, 0x0800, 0x1000, 0x1000,
    0x1000, 0x1800, 0x1800, 0x1000, 0x1800, 0x3000, 0x4800, 0x5800, 0x5800, 0x5000, 0x5000, 0x5800,
    0x5800, 0x5800, 0x5800, 0x5800, 0x5800, 0x5800, 0x5800, 0x5800, 0x5800, 0x5800, 0x5800, 0x5800,
    0x5800, 0x5800, 0x5800, 0x5800, 0x5800, 0x5800, 0x5800, 0x5800, 0x5800, 0x5800, 0x5800, 0x5800,
    0x5800, 0x5800, 0x5800, 0x5800, 0x5800, 0x5800, 0x5800, 0x5000, 0x5800, 0x5800, 0x5800, 0x5800,
    0x5800, 0x5800, 0x5800, 0x5800, 0x5800, 0x5800, 0x5800, 0x5800, 0x5800, 0x5800, 0x5800, 0x5800,
    0x5800, 0x5800, 0x5800, 0x5800, 0x5800, 0x5800, 0x5800, 0x5800, 0x5800, 0x5800, 0x5800, 0x5800,
    0x5800, 0x5800, 0x5800, 0x5800, 0x5800, 0x5800, 0x5800, 0x5800, 0x5800, 0x5800, 0x5800, 0x5800,
    0x5800, 0x5800, 0x5800, 0x5800, 0x5800, 0x5800, 0x5800, 0x5800, 0x5800, 0x5800, 0x5000, 0x5800,
    0x5800, 0x5800, 0x5800, 0x5800, 0x5800, 0x5800, 0x5800, 0x5000, 0x5000, 0x5000, 0x5000, 0x5800,
    0x5800, 0x5800, 0x5800, 0x5800, 0x5800, 0x5800, 0x5800, 0x5800, 0x5800, 0x5800, 0x5800, 0x5800,
    0x5800, 0x5000, 0x5800, 0x5000, 0x5000, 0x5000, 0x5000, 0x5000, 0x5000, 0x5000, 0x5800, 0x5800,
    0x5800, 0x5800, 0x5000, 0x5000, 0x5000, 0x5000, 0x5000, 0x5000, 0x5000, 0x5800, 0x5800, 0x5800,
    0x5000, 0x5000, 0x5800, 0x6000, 0x7800, 0x8000, 0x8000, 0x8800, 0x8800, 0x9000, 0x8800, 0x8800,
    0x9000, 0x8800, 0x8000, 0x7000, 0x6800, 0x6000, 0x6000, 0x6000, 0x5800, 0x5000, 0x5000, 0x5001,
    0x5001, 0x5000, 0x5000, 0x5000, 0x4800, 0x4800, 0x5000, 0x5000, 0x5000, 0x5001, 0x4800, 0x4800,
    0x4800, 0x4800, 0x4800, 0x4800, 0x4800, 0x4801, 0x4801, 0x4801, 0x4801, 0x4800, 0x4800, 0x4000,
    0x4000, 0x4800, 0x4000, 0x4000, 0x4000, 0x4000, 0x4800, 0x5800, 0x8000, 0xa000, 0xb040, 0xa860,
    0x9800, 0x7800, 0x5800, 0x5000, 0x4000, 0x3800, 0x3000, 0x3001, 0x3001, 0x2801, 0x2801, 0x2801,
    0x2801, 0x2801, 0x2801, 0x2801, 0x2801, 0x2801, 0x2801, 0x2801, 0x2801, 0x2000, 0x0800, 0x0000,
    0x0000, 0x0000, 0x0800, 0x0800, 0x0800, 0x0800, 0x0800, 0x0800, 0x0800, 0x1000, 0x1000, 0x1000,
    0x1000, 0x1000, 0x1800, 0x1800, 0x2000, 0x5803, 0x7004, 0x9004, 0xe004, 0xf824, 0xfa09, 0xfeb9,
    0xf2aa, 0xf020, 0xf0a0, 0xf0a1, 0xf080, 0xd040, 0x3841, 0x0842, 0x0842, 0x0842, 0x0842, 0x0842,
    0x0842, 0x0842, 0x0842, 0x0842, 0x0842, 0x0842, 0x0842, 0x0842, 0x0842, 0x0842, 0x0842, 0x0842,
    0x0842, 0x0842, 0x0842, 0x0842, 0x0842, 0x0842, 0x0842, 0x0842, 0x0842, 0x0842, 0x0842, 0x0842,
    0x0842, 0x0842, 0x0842, 0x0842, 0x0842, 0x1041, 0x8840, 0xe060, 0xe8a1, 0xf0e1, 0xf060, 0xf124,
    0xf699, 0xfbce, 0xf024, 0xe003, 0xa002, 0x8802, 0x7802, 0x2800, 0x1800, 0x1800, 0x1800, 0x1000,
    0x1000, 0x1000, 0x0800, 0x0800, 0x0800, 0x0800, 0x0800, 0x0800, 0x1000, 0x1000, 0x1000, 0x1800,
    0x1800, 0x1000, 0x1000, 0x1000, 0x1000, 0x1800, 0x1800, 0x1800, 0x1800, 0x1800, 0x1800, 0x1800,
    0x1800, 0x1800, 0x1800, 0x1800, 0x1800, 0x1800, 0x1800, 0x1800, 0x1800, 0x1800, 0x1800, 0x1800,
    0x1800, 0x1800, 0x1800, 0x1800, 0x1800, 0x1800, 0x1800, 0x1800, 0x1800, 0x1800, 0x1800, 0x1800,
    0x1800, 0x1800, 0x1800, 0x1800, 0x1800, 0x1800, 0x1800, 0x1800, 0x1800, 0x1800, 0x1800, 0x1800,
    0x1800, 0x1800, 0x1800, 0x1800, 0x1800, 0x1800, 0x1800, 0x1800, 0x1800, 0x1800, 0x1800, 0x1800,
    0x1800, 0x1800, 0x1800, 0x1800, 0x1800, 0x1800, 0x1800, 0x1800, 0x1800, 0x1800, 0x1800, 0x1800,
    0x1800, 0x1800, 0x1800, 0x1800, 0x1800, 0x1800, 0x1800, 0x1800, 0x1800, 0x1800, 0x1800, 0x1800,
    0x1800, 0x1800, 0x1800, 0x1800, 0x1800, 0x1800, 0x1800, 0x1800, 0x1800, 0x1800, 0x1800, 0x1800,
    0x1800, 0x1800, 0x1800, 0x1800, 0x1800, 0x1800, 0x1800, 0x1800, 0x1800, 0x1800, 0x1800, 0x1800,
    0x1800, 0x1800, 0x1800, 0x1800, 0x1800, 0x1800, 0x1800, 0x1800, 0x1800, 0x1800, 0x1800, 0x1800,
    0x1800, 0x1800, 0x1800, 0x1800, 0x1800, 0x1800, 0x1800, 0x1800, 0x1800, 0x1800, 0x1800, 0x1800,
    0x1800, 0x1800, 0x1800, 0x1800, 0x1800, 0x1800, 0x2000, 0x2000, 0x2000, 0x2800, 0x3800, 0x78e0,
    0xa180, 0xb1a0, 0xb1a0, 0xb1a0, 0xb1a0, 0xb9c0, 0xb9a0, 0xb9a0, 0xb9a0, 0xb1a0, 0xa980, 0xa1a0,
    0x99a1, 0x8100, 0x4800, 0x2800, 0x2000, 0x2000, 0x1800, 0x1800, 0x1000, 0x1000, 0x1000, 0x1000,
    0x1000, 0x1000, 0x1000, 0x1000, 0x1000, 0x1000, 0x1000, 0x1000, 0x1000, 0x1000, 0x1000, 0x1000,
    0x1000, 0x1000, 0x1000, 0x1000, 0x1000, 0x1000, 0x1000, 0x1000, 0x0800, 0x1000, 0x1000, 0x1000,
    0x1800, 0x2000, 0x3800, 0x6800, 0xa920, 0xd2a1, 0xe3a2, 0xe3a2, 0xd2e1, 0xa980, 0x7000, 0x3800,
    0x2800, 0x1800, 0x1000, 0x0800, 0x0000, 0x0000, 0x0000, 0x0000, 0x0000, 0x0000, 0x0000, 0x0000,
    0x0000, 0x0000, 0x0000, 0x0000, 0x0000, 0x0000, 0x0000, 0x0800, 0x0800, 0x0800, 0x0800, 0x0800,
    0x0800, 0x0800, 0x0800, 0x0800, 0x0800, 0x0800, 0x1000, 0x1000, 0x1000, 0x1000, 0x1800, 0x1800,
    0x2000, 0x5803, 0x7004, 0x9004, 0xe004, 0xf824, 0xfa08, 0xfe99, 0xf2aa, 0xf020, 0xf0c0, 0xf0c1,
    0xf081, 0xc860, 0x3041, 0x0842, 0x0842, 0x0842, 0x0842, 0x0842, 0x0842, 0x0842, 0x0842, 0x0842,
    0x0842, 0x0842, 0x0842, 0x0842, 0x0842, 0x0842, 0x0842, 0x0842, 0x0842, 0x0842, 0x0842, 0x0842,
    0x0842, 0x0842, 0x0842, 0x0842, 0x0842, 0x0842, 0x0842, 0x0842, 0x0842, 0x0842, 0x0842, 0x0842,
    0x0842, 0x1041, 0x8841, 0xe080, 0xf0a1, 0xf0c1, 0xf060, 0xf124, 0xf699, 0xfbce, 0xf024, 0xe003,
    0xa002, 0x8802, 0x7803, 0x2800, 0x1800, 0x1800, 0x1000, 0x1000, 0x1000, 0x0800, 0x0800, 0x0800,
    0x0800, 0x0800, 0x0800, 0x0800, 0x0800, 0x0800, 0x1000, 0x1000, 0x1000, 0x1000, 0x1000, 0x1800,
    0x1800, 0x1800, 0x1800, 0x1800, 0x1800, 0x1800, 0x1800, 0x1800, 0x1800, 0x1800, 0x1800, 0x1800,
    0x1800, 0x1800, 0x1800, 0x1800, 0x1800, 0x1800, 0x1800, 0x1800, 0x1800, 0x1800, 0x1800, 0x1800,
    0x1800, 0x1800, 0x1800, 0x1800, 0x1800, 0x1800, 0x1800, 0x1800, 0x1800, 0x1800, 0x1800, 0x1800,
    0x1800, 0x1800, 0x1800, 0x1800, 0x1800, 0x1800, 0x1800, 0x1800, 0x1800, 0x1800, 0x1800, 0x1800,
    0x1800, 0x1800, 0x1800, 0x1800, 0x2000, 0x2000, 0x2000, 0x1800, 0x1800, 0x1800, 0x1800, 0x1800,
    0x1800, 0x1800, 0x1800, 0x1800, 0x1800, 0x1800, 0x1800, 0x1800, 0x1800, 0x1800, 0x1800, 0x1800,
    0x1800, 0x1800, 0x1800, 0x1800, 0x1800, 0x1800, 0x1800, 0x1800, 0x1800, 0x1800, 0x1800, 0x1800,
    0x1800, 0x1800, 0x1800, 0x1800, 0x1800, 0x1800, 0x1800, 0x1800, 0x1800, 0x1800, 0x1800, 0x1800,
    0x1800, 0x1800, 0x1800, 0x1800, 0x1800, 0x1800, 0x1800, 0x2000, 0x2000, 0x2000, 0x2000, 0x1800,
    0x2000, 0x2000, 0x2000, 0x1800, 0x1800, 0x1800, 0x1800, 0x1800, 0x2000, 0x2000, 0x2000, 0x2000,
    0x2000, 0x2000, 0x2000, 0x2000, 0x2000, 0x2000, 0x2000, 0x2000, 0x2000, 0x2000, 0x2000, 0x2000,
    0x2000, 0x2000, 0x2000, 0x2800, 0x3000, 0x4800, 0x9960, 0xe362, 0xfbe3, 0xfc03, 0xfc03, 0xfc03,
    0xfc23, 0xfc23, 0xfc03, 0xfbe3, 0xfbe3, 0xfbe3, 0xfc03, 0xfc04, 0xfc24, 0xebe3, 0xa1a1, 0x4000,
    0x2800, 0x2800, 0x2000, 0x2000, 0x1800, 0x1800, 0x1800, 0x1800, 0x1800, 0x1800, 0x1800, 0x1800,
    0x1800, 0x1800, 0x1800, 0x2000, 0x2000, 0x2000, 0x1800, 0x1800, 0x1800, 0x1800, 0x1800, 0x1800,
    0x1800, 0x1800, 0x1800, 0x1800, 0x1800, 0x1800, 0x2000, 0x2000, 0x3000, 0x4800, 0x8000, 0xd200,
    0xfce2, 0xfe24, 0xfe64, 0xfe65, 0xfe65, 0xfd64, 0xdac1, 0x8840, 0x4800, 0x3000, 0x2800, 0x2000,
    0x1800, 0x1000, 0x1000, 0x0800, 0x0800, 0x0800, 0x0800, 0x0800, 0x0800, 0x0800, 0x0800, 0x0800,
    0x0800, 0x0800, 0x0800, 0x0800, 0x0800, 0x0800, 0x0800, 0x0800, 0x0800, 0x0800, 0x0800, 0x0800,
    0x0800, 0x0800, 0x1000, 0x1000, 0x1000, 0x1000, 0x1800, 0x1800, 0x2000, 0x5803, 0x7004, 0x8803,
    0xd804, 0xf824, 0xfa08, 0xfe98, 0xf2aa, 0xf020, 0xf0c1, 0xf0c1, 0xf0a1, 0xd040, 0x3041, 0x0842,
    0x0842, 0x0842, 0x0842, 0x0842, 0x0842, 0x0842, 0x0842, 0x0842, 0x0842, 0x0842, 0x0842, 0x0842,
    0x0842, 0x0842, 0x0842, 0x0842, 0x0842, 0x0842, 0x0842, 0x0842, 0x0842, 0x0842, 0x0842, 0x0842,
    0x0842, 0x0842, 0x0842, 0x0842, 0x0842, 0x0842, 0x0842, 0x0842, 0x0842, 0x1041, 0x8061, 0xd860,
    0xe8a1, 0xf0c1, 0xf060, 0xf144, 0xfe99, 0xfbce, 0xf024, 0xe003, 0xa002, 0x8803, 0x7803, 0x2800,
    0x1800, 0x1800, 0x1000, 0x1000, 0x1000, 0x0800, 0x0800, 0x0800, 0x0800, 0x0800, 0x0800, 0x0800,
    0x0800, 0x0800, 0x0800, 0x0800, 0x0800, 0x1000, 0x1000, 0x1000, 0x1000, 0x1000, 0x1000, 0x1000,
    0x1000, 0x1000, 0x1000, 0x1000, 0x1000, 0x1000, 0x1000, 0x1000, 0x1000, 0x1000, 0x1000, 0x1000,
    0x1000, 0x1000, 0x1000, 0x1000, 0x1000, 0x1000, 0x1000, 0x1000, 0x1000, 0x1000, 0x1000, 0x1000,
    0x1000, 0x1000, 0x1000, 0x1000, 0x1000, 0x1000, 0x1000, 0x1000, 0x1000, 0x1000, 0x1000, 0x1000,
    0x1000, 0x1000, 0x1000, 0x1000, 0x1000, 0x1000, 0x1000, 0x1000, 0x1000, 0x1000, 0x1000, 0x1000,
    0x1000, 0x1000, 0x1000, 0x1000, 0x1000, 0x1000, 0x1000, 0x1000, 0x1000, 0x1000, 0x1000, 0x1000,
    0x1000, 0x1000, 0x1000, 0x1000, 0x1000, 0x1000, 0x1000, 0x1000, 0x1000, 0x1000, 0x1000, 0x1000,
    0x1000, 0x1000, 0x1000, 0x1000, 0x1000, 0x1000, 0x1000, 0x1000, 0x1000, 0x1800, 0x1000, 0x1000,
    0x1000, 0x1000, 0x1000, 0x1000, 0x1000, 0x1800, 0x1800, 0x1800, 0x1800, 0x1800, 0x1800, 0x1800,
    0x1800, 0x1800, 0x1800, 0x1800, 0x1800, 0x1800, 0x1800, 0x1800, 0x1800, 0x1800, 0x1800, 0x1800,
    0x1800, 0x1800, 0x1800, 0x1800, 0x1800, 0x1800, 0x1800, 0x2000, 0x2000, 0x2000, 0x2000, 0x2000,
    0x2000, 0x2000, 0x2000, 0x2000, 0x2000, 0x2000, 0x2000, 0x2000, 0x2000, 0x2000, 0x2000, 0x2800,
    0x3000, 0x7080, 0xeb42, 0xfbc4, 0xfb44, 0xfb24, 0xfb44, 0xfb64, 0xfb64, 0xfb44, 0xf344, 0xfb44,
    0xfb44, 0xfb45, 0xfb44, 0xfb44, 0xfb64, 0xfc04, 0xebe3, 0x70c0, 0x3000, 0x2000, 0x2000, 0x1800,
    0x1800, 0x1000, 0x1000, 0x1000, 0x1000, 0x1000, 0x1000, 0x1000, 0x1800, 0x1800, 0x1800, 0x2000,
    0x2000, 0x2000, 0x1800, 0x1800, 0x1800, 0x1800, 0x1000, 0x1000, 0x1000, 0x1000, 0x1000, 0x1000,
    0x1800, 0x1800, 0x2000, 0x2800, 0x4000, 0x7800, 0xd180, 0xfd82, 0xfe64, 0xf5e4, 0xf5e4, 0xf5e4,
    0xf5e4, 0xfe45, 0xfe04, 0xdaa1, 0x8000, 0x4800, 0x3000, 0x2000, 0x1800, 0x1800, 0x1000, 0x1000,
    0x0800, 0x0800, 0x0800, 0x0800, 0x0800, 0x0800, 0x0800, 0x0800, 0x1000, 0x1000, 0x1000, 0x1000,
    0x1000, 0x1000, 0x1000, 0x1000, 0x0800, 0x0800, 0x0800, 0x0800, 0x0800, 0x0800, 0x0800, 0x1000,
    0x1000, 0x1000, 0x1800, 0x1800, 0x2000, 0x5803, 0x7004, 0x8803, 0xd803, 0xf804, 0xfa08, 0xfe99,
    0xf2aa, 0xf020, 0xf0a0, 0xf0c1, 0xf0a1, 0xd060, 0x3841, 0x0842, 0x0842, 0x0842, 0x0842, 0x0842,
    0x0842, 0x0842, 0x0842, 0x0842, 0x0842, 0x0842, 0x0842, 0x0842, 0x0842, 0x0842, 0x0842, 0x0842,
    0x0842, 0x0842, 0x0842, 0x0842, 0x0842, 0x0842, 0x0842, 0x0842, 0x0842, 0x0842, 0x0842, 0x0842,
    0x0842, 0x0842, 0x0842, 0x0842, 0x0842, 0x1041, 0x8041, 0xd860, 0xe8a1, 0xf0c1, 0xf060, 0xf144,
    0xfe99, 0xf3ce, 0xf044, 0xe003, 0xa002, 0x8803, 0x7803, 0x2800, 0x1800, 0x1800, 0x1000, 0x1000,
    0x0800, 0x0800, 0x0800, 0x0800, 0x0800, 0x0800, 0x0800, 0x0800, 0x0800, 0x0800, 0x0800, 0x0800,
    0x0800, 0x0800, 0x0800, 0x0800, 0x0800, 0x0800, 0x0800, 0x0800, 0x1000, 0x0800, 0x0800, 0x0800,
    0x0800, 0x0800, 0x0800, 0x0800, 0x0800, 0x0800, 0x0800, 0x0800, 0x0800, 0x0800, 0x0800, 0x0800,
    0x0800, 0x1000, 0x1000, 0x0800, 0x0800, 0x0800, 0x1000, 0x0800, 0x1000, 0x0800, 0x1000, 0x1000,
    0x1000, 0x1000, 0x1000, 0x1000, 0x1000, 0x1000, 0x1000, 0x1000, 0x1000, 0x1000, 0x1000, 0x1000,
    0x1000, 0x1000, 0x1000, 0x1000, 0x1000, 0x1000, 0x1000, 0x1000, 0x1000, 0x1000, 0x1000, 0x1000,
    0x1000, 0x1000, 0x1000, 0x1000, 0x1000, 0x1000, 0x1000, 0x1000, 0x1000, 0x1000, 0x1000, 0x1000,
    0x1000, 0x1000, 0x1000, 0x1000, 0x1000, 0x1000, 0x1000, 0x1000, 0x1000, 0x1000, 0x1000, 0x1000,
    0x1000, 0x1000, 0x1000, 0x1000, 0x1000, 0x1000, 0x1000, 0x1000, 0x1000, 0x1000, 0x1000, 0x1000,
    0x1000, 0x1000, 0x1000, 0x1000, 0x1000, 0x1000, 0x1000, 0x1000, 0x1000, 0x1800, 0x1800, 0x1800,
    0x1800, 0x1800, 0x1800, 0x1800, 0x1800, 0x1800, 0x1800, 0x1800, 0x1800, 0x1800, 0x1800, 0x1800,
    0x1800, 0x1800, 0x2000, 0x2000, 0x2000, 0x2000, 0x2000, 0x2000, 0x2000, 0x2000, 0x2000, 0x2000,
    0x2000, 0x2000, 0x2000, 0x2000, 0x2000, 0x2000, 0x2000, 0x2800, 0x3000, 0x88e0, 0xf363, 0xfb45,
    0xf324, 0xf344, 0xf344, 0xf344, 0xf344, 0xf344, 0xf344, 0xf344, 0xf344, 0xf344, 0xf344, 0xf344,
    0xf344, 0xfb45, 0xf3c4, 0x9161, 0x3800, 0x2000, 0x1800, 0x1800, 0x1000, 0x1000, 0x1000, 0x1000,
    0x1000, 0x1000, 0x1000, 0x1800, 0x1800, 0x2000, 0x1800, 0x1800, 0x2000, 0x2000, 0x2000, 0x2000,
    0x1800, 0x1800, 0x1000, 0x1000, 0x1000, 0x1000, 0x1000, 0x1800, 0x1800, 0x2000, 0x2800, 0x3800,
    0x6000, 0xb8a0, 0xfca2, 0xfe44, 0xf5c4, 0xfe04, 0xfe24, 0xfe04, 0xf604, 0xf5a4, 0xfe04, 0xfd83,
    0xd180, 0x7800, 0x4800, 0x3000, 0x2000, 0x1800, 0x1000, 0x1000, 0x1000, 0x0800, 0x0800, 0x0800,
    0x0800, 0x1000, 0x1000, 0x1000, 0x1000, 0x1000, 0x1000, 0x1000, 0x1800, 0x1800, 0x1000, 0x1000,
    0x1000, 0x0800, 0x0800, 0x0800, 0x0800, 0x0800, 0x0800, 0x1000, 0x1000, 0x1000, 0x1800, 0x1800,
    0x2000, 0x5803, 0x7004, 0x8804, 0xd804, 0xf804, 0xfa08, 0xfeb9, 0xf2aa, 0xf020, 0xf0a0, 0xf0c1,
    0xf081, 0xd060, 0x3841, 0x0842, 0x0842, 0x0842, 0x0842, 0x0842, 0x0842, 0x0842, 0x0842, 0x0842,
    0x0842, 0x0842, 0x0842, 0x0842, 0x0842, 0x0842, 0x0842, 0x0842, 0x0842, 0x0842, 0x0842, 0x0842,
    0x0842, 0x0842, 0x0842, 0x0842, 0x0842, 0x0842, 0x0842, 0x0842, 0x0842, 0x0842, 0x0842, 0x0842,
    0x0842, 0x1041, 0x8041, 0xd860, 0xe8a1, 0xf0c1, 0xf060, 0xf144, 0xfe99, 0xf3ee, 0xf044, 0xe004,
    0xa802, 0x8803, 0x7803, 0x2800, 0x1800, 0x1800, 0x1000, 0x1000, 0x0800, 0x0800, 0x0800, 0x0800,
    0x0800, 0x0800, 0x0000, 0x0000, 0x0000, 0x0000, 0x0000, 0x0000, 0x0000, 0x0000, 0x0000, 0x0000,
    0x0000, 0x0000, 0x0000, 0x0000, 0x0000, 0x0000, 0x0000, 0x0000, 0x0000, 0x0000, 0x0000, 0x0000,
    0x0000, 0x0800, 0x0800, 0x0800, 0x0800, 0x0800, 0x0800, 0x0800, 0x0800, 0x0800, 0x0800, 0x0800,
    0x0800, 0x0800, 0x0800, 0x0800, 0x0800, 0x0800, 0x0800, 0x0800, 0x0800, 0x0800, 0x0800, 0x0800,
    0x0800, 0x0800, 0x0800, 0x0800, 0x0800, 0x0800, 0x0800, 0x0800, 0x0800, 0x0800, 0x0800, 0x0800,
    0x0800, 0x0800, 0x0800, 0x0800, 0x0800, 0x0800, 0x0800, 0x0800, 0x0800, 0x0800, 0x0800, 0x0800,
    0x0800, 0x0800, 0x0800, 0x0800, 0x0800, 0x0800, 0x0800, 0x0800, 0x0800, 0x0800, 0x0800, 0x0800,
    0x0800, 0x0800, 0x0800, 0x0800, 0x0800, 0x0800, 0x0800, 0x1000, 0x1000, 0x1000, 0x1000, 0x1000,
    0x1000, 0x1000, 0x1000, 0x1000, 0x1000, 0x1000, 0x1000, 0x1000, 0x1000, 0x1000, 0x1000, 0x1000,
    0x1000, 0x1000, 0x1000, 0x1000, 0x1000, 0x1000, 0x1800, 0x1800, 0x1800, 0x1800, 0x1800, 0x1800,
    0x1800, 0x1800, 0x1800, 0x1800, 0x1800, 0x1800, 0x1800, 0x1800, 0x1800, 0x2000, 0x2000, 0x2000,
    0x2000, 0x2800, 0x3000, 0x3000, 0x3800, 0x3000, 0x3000, 0x3000, 0x3000, 0x2800, 0x2800, 0x2800,
    0x2800, 0x2800, 0x2800, 0x2800, 0x3800, 0x88e0, 0xf323, 0xfb45, 0xf345, 0xf345, 0xf345, 0xf344,
    0xf344, 0xf344, 0xf345, 0xf325, 0xf325, 0xf345, 0xf345, 0xf345, 0xf345, 0xfb65, 0xf364, 0x9121,
    0x3800, 0x2000, 0x2000, 0x1800, 0x1000, 0x1000, 0x1000, 0x1000, 0x1000, 0x1000, 0x1000, 0x1800,
    0x2000, 0x2000, 0x3800, 0x5040, 0x4020, 0x3000, 0x2800, 0x2800, 0x2000, 0x1800, 0x1800, 0x1800,
    0x1000, 0x1800, 0x1800, 0x1800, 0x2000, 0x2800, 0x3000, 0x4800, 0x9000, 0xeb21, 0xfe23, 0xf5e4,
    0xfde4, 0xfd83, 0xeb82, 0xeb62, 0xfd24, 0xfde4, 0xf5a4, 0xfe04, 0xfc82, 0xb0a0, 0x6000, 0x3800,
    0x2800, 0x2000, 0x1800, 0x1000, 0x1000, 0x1000, 0x1000, 0x1000, 0x1000, 0x1000, 0x1000, 0x1800,
    0x2000, 0x2000, 0x2000, 0x2000, 0x2000, 0x2000, 0x1800, 0x1800, 0x1000, 0x1000, 0x0800, 0x0800,
    0x0800, 0x0800, 0x0800, 0x1000, 0x1000, 0x1000, 0x1800, 0x1000, 0x1800, 0x5003, 0x7004, 0x8804,
    0xe004, 0xf824, 0xfa08, 0xfe99, 0xf28a, 0xf020, 0xf0a0, 0xf0c1, 0xf081, 0xd040, 0x3841, 0x0842,
    0x0842, 0x0842, 0x0842, 0x0842, 0x0842, 0x0842, 0x0842, 0x0842, 0x0842, 0x0842, 0x0842, 0x0842,
    0x0842, 0x0842, 0x0842, 0x0842, 0x0842, 0x0842, 0x0842, 0x0842, 0x0842, 0x0842, 0x0842, 0x0842,
    0x0842, 0x0842, 0x0842, 0x0842, 0x0842, 0x0842, 0x0842, 0x0842, 0x0842, 0x1041, 0x8041, 0xd860,
    0xe8a1, 0xf0c1, 0xf060, 0xf144, 0xfe99, 0xfbee, 0xf065, 0xe004, 0xa803, 0x9003, 0x7803, 0x2800,
    0x1800, 0x1800, 0x1000, 0x1000, 0x0800, 0x0800, 0x0800, 0x0800, 0x0800, 0x0000, 0x0000, 0x0000,
    0x0000, 0x0000, 0x0000, 0x0000, 0x0000, 0x0000, 0x0000, 0x0000, 0x0000, 0x0000, 0x0000, 0x0000,
    0x0000, 0x0000, 0x0000, 0x0000, 0x0000, 0x0000, 0x0000, 0x0000, 0x0000, 0x0000, 0x0000, 0x0000,
    0x0000, 0x0000, 0x0000, 0x0000, 0x0000, 0x0000, 0x0800, 0x0000, 0x0000, 0x0800, 0x0800, 0x0800,
    0x0800, 0x0800, 0x0800, 0x0800, 0x0800, 0x0800, 0x0800, 0x0800, 0x0800, 0x0800, 0x0800, 0x0800,
    0x0800, 0x0800, 0x0800, 0x0800, 0x0800, 0x0800, 0x0800, 0x0800, 0x0800, 0x0800, 0x0800, 0x0800,
    0x0800, 0x0800, 0x0800, 0x0800, 0x0800, 0x0800, 0x0800, 0x0800, 0x0800, 0x0800, 0x0800, 0x0800,
    0x0800, 0x0800, 0x0800, 0x0800, 0x0800, 0x0800, 0x0800, 0x0800, 0x0800, 0x0800, 0x0800, 0x0800,
    0x0800, 0x0800, 0x0800, 0x0800, 0x0800, 0x0800, 0x0800, 0x0800, 0x0800, 0x0800, 0x1000, 0x1000,
    0x1000, 0x1000, 0x0800, 0x1000, 0x1000, 0x1000, 0x1000, 0x1000, 0x1000, 0x1000, 0x1000, 0x1000,
    0x1000, 0x1000, 0x1800, 0x1800, 0x1800, 0x1800, 0x1800, 0x1800, 0x1800, 0x1800, 0x1800, 0x1800,
    0x1800, 0x1800, 0x1800, 0x1800, 0x1800, 0x2000, 0x2800, 0x60c1, 0x89a2, 0x91c2, 0x91c2, 0x99c2,
    0x99c2, 0x91c1, 0x91c1, 0x91c2, 0x91e2, 0x91e2, 0x91e2, 0x91c1, 0x68e0, 0x3000, 0x2800, 0x2800,
    0x3800, 0x88e0, 0xf324, 0xfb45, 0xf325, 0xf325, 0xf325, 0xf325, 0xf325, 0xf325, 0xf325, 0xf325,
    0xf305, 0xf325, 0xf325, 0xf345, 0xf345, 0xfb45, 0xf364, 0x8921, 0x3800, 0x2000, 0x2000, 0x1800,
    0x1000, 0x1000, 0x1000, 0x1000, 0x1000, 0x1000, 0x1000, 0x1800, 0x2000, 0x5020, 0xa981, 0xca82,
    0xba01, 0x78a0, 0x4800, 0x3000, 0x2800, 0x2000, 0x1800, 0x1800, 0x1800, 0x1800, 0x1800, 0x2000,
    0x2000, 0x2800, 0x4000, 0x7800, 0xd1c0, 0xfda2, 0xfde3, 0xf5e4, 0xfde4, 0xe2c1, 0xa000, 0xa000,
    0xd9c1, 0xfd64, 0xfdc4, 0xf5a4, 0xfde3, 0xeb21, 0x9800, 0x5000, 0x3800, 0x2000, 0x1800, 0x1800,
    0x1000, 0x1000, 0x1000, 0x1000, 0x1000, 0x1800, 0x1800, 0x2000, 0x2000, 0x3800, 0x6860, 0x88e0,
    0x78a0, 0x4000, 0x2000, 0x1800, 0x1000, 0x1000, 0x1000, 0x1000, 0x0800, 0x0800, 0x1000, 0x1000,
    0x1000, 0x1000, 0x1800, 0x1800, 0x1800, 0x5003, 0x6804, 0x8804, 0xe004, 0xf824, 0xfa09, 0xfe99,
    0xf28a, 0xf020, 0xf0c1, 0xf0c1, 0xf080, 0xd040, 0x3841, 0x0842, 0x0842, 0x0842, 0x0842, 0x0842,
    0x0842, 0x0842, 0x0842, 0x0842, 0x0842, 0x0842, 0x0842, 0x0842, 0x0842, 0x0842, 0x0842, 0x0842,
    0x0842, 0x0842, 0x0842, 0x0842, 0x0842, 0x0842, 0x0842, 0x0842, 0x0842, 0x0842, 0x0842, 0x0842,
    0x0842, 0x0842, 0x0842, 0x0842, 0x0842, 0x1041, 0x8841, 0xd860, 0xe8a1, 0xf0c1, 0xf060, 0xf144,
    0xf699, 0xfbee, 0xf065, 0xe004, 0xa802, 0x9003, 0x7803, 0x2800, 0x1800, 0x1800, 0x1000, 0x1000,
    0x0800, 0x0800, 0x0800, 0x0000, 0x0000, 0x1000, 0x5801, 0x7801, 0x7801, 0x7001, 0x7001, 0x6801,
    0x6001, 0x5801, 0x5801, 0x5001, 0x5001, 0x4801, 0x4001, 0x4001, 0x3801, 0x3001, 0x3001, 0x2801,
    0x2802, 0x2802, 0x2002, 0x2002, 0x2002, 0x1001, 0x0000, 0x0000, 0x0000, 0x0000, 0x0000, 0x0000,
    0x0000, 0x0000, 0x0000, 0x0000, 0x0000, 0x0000, 0x0000, 0x0000, 0x0000, 0x0000, 0x0000, 0x0000,
    0x0000, 0x0000, 0x0000, 0x0000, 0x0000, 0x0000, 0x0000, 0x0000, 0x0000, 0x0000, 0x0000, 0x0000,
    0x0000, 0x0000, 0x0000, 0x0000, 0x0000, 0x0000, 0x0000, 0x0000, 0x0000, 0x0000, 0x0000, 0x0800,
    0x0800, 0x0000, 0x0800, 0x0800, 0x0800, 0x0800, 0x0800, 0x0800, 0x0800, 0x0800, 0x0800, 0x0800,
    0x0800, 0x0800, 0x0800, 0x0800, 0x0800, 0x0800, 0x0800, 0x0800, 0x0800, 0x0800, 0x0800, 0x0800,
    0x0800, 0x0800, 0x0800, 0x0800, 0x0800, 0x0800, 0x0800, 0x1000, 0x0800, 0x0800, 0x0800, 0x1000,
    0x1000, 0x1000, 0x1000, 0x1000, 0x1000, 0x1000, 0x1000, 0x1000, 0x1800, 0x1800, 0x1800, 0x1800,
    0x1800, 0x1800, 0x1800, 0x1800, 0x1800, 0x1800, 0x1800, 0x1800, 0x1800, 0x1800, 0x1800, 0x1800,
    0x2000, 0x2000, 0x68e1, 0xdac4, 0xfb45, 0xfb45, 0xfb45, 0xfb25, 0xfb25, 0xfb45, 0xfb65, 0xfb65,
    0xfb85, 0xfb85, 0xfb65, 0xfb84, 0xdb23, 0x6901, 0x2800, 0x3000, 0x3800, 0x88c0, 0xf324, 0xfb25,
    0xf305, 0xf305, 0xf305, 0xf305, 0xf305, 0xf305, 0xf305, 0xf305, 0xf305, 0xf305, 0xf305, 0xf305,
    0xf305, 0xfb25, 0xf344, 0x8901, 0x3800, 0x2000, 0x2000, 0x1800, 0x1000, 0x1000, 0x1000, 0x1000,
    0x1000, 0x1000, 0x1800, 0x1800, 0x2800, 0x9901, 0xfbc4, 0xfc24, 0xfc04, 0xe2c2, 0xa0e0, 0x6000,
    0x3800, 0x2800, 0x2000, 0x2000, 0x1800, 0x1800, 0x1800, 0x2000, 0x2800, 0x3800, 0x6000, 0xb8a0,
    0xfca1, 0xfe03, 0xfdc3, 0xfe24, 0xf402, 0xa040, 0x5000, 0x5000, 0x9000, 0xe2c1, 0xfdc4, 0xf5a4,
    0xfdc4, 0xfd83, 0xd1a1, 0x8000, 0x4800, 0x3000, 0x2000, 0x1800, 0x1800, 0x1000, 0x1000, 0x1800,
    0x1800, 0x2000, 0x2000, 0x2800, 0x4800, 0x90c0, 0xda81, 0xfb82, 0xf302, 0xa920, 0x4000, 0x2000,
    0x1800, 0x1000, 0x1000, 0x1000, 0x0800, 0x0800, 0x1000, 0x1000, 0x1000, 0x1000, 0x1800, 0x1800,
    0x1800, 0x5003, 0x6804, 0x8004, 0xe004, 0xf824, 0xfa29, 0xfeb9, 0xf28a, 0xf020, 0xf0a0, 0xf0a1,
    0xf080, 0xd040, 0x3841, 0x0842, 0x0842, 0x0842, 0x0842, 0x0842, 0x0842, 0x0842, 0x0842, 0x0842,
    0x0842, 0x0842, 0x0842, 0x0842, 0x0842, 0x0842, 0x0842, 0x0842, 0x0842, 0x0842, 0x0842, 0x0842,
    0x0842, 0x0842, 0x0842, 0x0842, 0x0842, 0x0842, 0x0842, 0x0842, 0x0842, 0x0842, 0x0842, 0x0842,
    0x0842, 0x1041, 0x8841, 0xe080, 0xe8a1, 0xf0c1, 0xf040, 0xf144, 0xf699, 0xf3ee, 0xf065, 0xe004,
    0xa802, 0x9003, 0x7803, 0x2800, 0x1800, 0x1800, 0x1000, 0x1000, 0x0800, 0x0800, 0x0800, 0x0000,
    0x0000, 0x5001, 0xf803, 0xf802, 0xf802, 0xf802, 0xf002, 0xe002, 0xd802, 0xc802, 0xc002, 0xb802,
    0xb002, 0xa003, 0x9003, 0x8803, 0x8003, 0x7003, 0x6803, 0x6004, 0x5804, 0x5004, 0x4804, 0x4004,
    0x4004, 0x3803, 0x0801, 0x0000, 0x0000, 0x0000, 0x0000, 0x0000, 0x0000, 0x0000, 0x0000, 0x0000,
    0x0000, 0x0000, 0x0000, 0x0000, 0x0000, 0x0000, 0x0000, 0x0000, 0x0000, 0x0000, 0x0000, 0x0000,
    0x0000, 0x0000, 0x0000, 0x0000, 0x0000, 0x0000, 0x0000, 0x0000, 0x0000, 0x0000, 0x0000, 0x0000,
    0x0000, 0x0000, 0x0000, 0x0000, 0x0000, 0x0000, 0x0000, 0x0000, 0x0000, 0x0000, 0x0000, 0x0000,
    0x0800, 0x0000, 0x0800, 0x0800, 0x0800, 0x0800, 0x0800, 0x0800, 0x0800, 0x0800, 0x0800, 0x0800,
    0x0800, 0x0800, 0x0800, 0x0800, 0x0800, 0x0800, 0x0800, 0x0800, 0x0800, 0x0800, 0x0800, 0x0800,
    0x0800, 0x0800, 0x0800, 0x0800, 0x0800, 0x0800, 0x1000, 0x1000, 0x1000, 0x1000, 0x1000, 0x1000,
    0x1000, 0x1000, 0x1800, 0x1800, 0x1800, 0x1800, 0x1800, 0x1800, 0x1800, 0x1800, 0x1800, 0x1800,
    0x1800, 0x1800, 0x1800, 0x1800, 0x1800, 0x1800, 0x1800, 0x1800, 0x2000, 0x3020, 0xc203, 0xfae6,
    0xfa45, 0xfa45, 0xfa45, 0xfa45, 0xfa45, 0xfa65, 0xfa65, 0xfa85, 0xfa85, 0xf285, 0xf285, 0xfaa5,
    0xfb45, 0xba62, 0x4020, 0x3000, 0x4000, 0x88c0, 0xf304, 0xfb05, 0xf2e5, 0xf2e5, 0xf2e5, 0xf2e5,
    0xf2e5, 0xf2e5, 0xf2c5, 0xf2c5, 0xf2c5, 0xf2e5, 0xf2e5, 0xf2e5, 0xf2e5, 0xfae5, 0xf305, 0x8901,
    0x3800, 0x2000, 0x2000, 0x1800, 0x1800, 0x1000, 0x1000, 0x1000, 0x1000, 0x1000, 0x1800, 0x1800,
    0x3000, 0xa920, 0xfbc4, 0xfbc4, 0xf384, 0xfc04, 0xfb62, 0xc160, 0x7800, 0x4000, 0x3000, 0x2800,
    0x2000, 0x2000, 0x2000, 0x2000, 0x3000, 0x4800, 0x9820, 0xeb40, 0xfde2, 0xfda3, 0xfde3, 0xfd43,
    0xc920, 0x6000, 0x3800, 0x3800, 0x5000, 0xa860, 0xf442, 0xfde4, 0xf584, 0xfde4, 0xfc82, 0xc0a0,
    0x7000, 0x4000, 0x2800, 0x2000, 0x1800, 0x1800, 0x1800, 0x1800, 0x2000, 0x2800, 0x3800, 0x7020,
    0xb960, 0xf341, 0xfc02, 0xfbc3, 0xfc03, 0xf2a2, 0x7020, 0x2000, 0x1800, 0x1000, 0x1000, 0x0800,
    0x0800, 0x0800, 0x0800, 0x1000, 0x1000, 0x1000, 0x1000, 0x1000, 0x1800, 0x5003, 0x6804, 0x8004,
    0xe004, 0xf824, 0xfa49, 0xfeb9, 0xf28a, 0xf000, 0xf0a0, 0xf0a1, 0xf080, 0xd060, 0x3841, 0x0842,
    0x0842, 0x0842, 0x0842, 0x0842, 0x0842, 0x0842, 0x0842, 0x0842, 0x0842, 0x0842, 0x0842, 0x0842,
    0x0842, 0x0842, 0x0842, 0x0842, 0x0842, 0x0842, 0x0842, 0x0842, 0x0842, 0x0842, 0x0842, 0x0842,
    0x0842, 0x0842, 0x0842, 0x0842, 0x0842, 0x0842, 0x0842, 0x0842, 0x0842, 0x1841, 0x9041, 0xe080,
    0xe8a1, 0xf0c1, 0xf060, 0xf144, 0xf699, 0xf3ee, 0xf044, 0xe004, 0xa802, 0x9003, 0x7803, 0x2800,
    0x1800, 0x1800, 0x1000, 0x1000, 0x0800, 0x0800, 0x0800, 0x0000, 0x0000, 0x4801, 0xd802, 0xf002,
    0xe802, 0xe002, 0xd802, 0xc802, 0xc002, 0xb802, 0xb002, 0xa802, 0x9802, 0x9002, 0x8003, 0x7803,
    0x7003, 0x6803, 0x6003, 0x5803, 0x5003, 0x4803, 0x4003, 0x3804, 0x4004, 0x3003, 0x0801, 0x0000,
    0x0000, 0x0000, 0x0000, 0x0000, 0x0000, 0x0000, 0x0000, 0x0000, 0x0000, 0x0000, 0x0000, 0x0000,
    0x0000, 0x0000, 0x0000, 0x0000, 0x0000, 0x0000, 0x0000, 0x0000, 0x0000, 0x0000, 0x0000, 0x0000,
    0x0000, 0x0000, 0x0000, 0x0000, 0x0000, 0x0000, 0x0000, 0x0000, 0x0000, 0x0000, 0x0000, 0x0000,
    0x0000, 0x0000, 0x0000, 0x0000, 0x0000, 0x0000, 0x0000, 0x0000, 0x0000, 0x0000, 0x0000, 0x0800,
    0x0000, 0x0000, 0x0000, 0x0000, 0x0800, 0x0800, 0x0800, 0x0800, 0x0800, 0x0800, 0x0800, 0x0800,
    0x0800, 0x0800, 0x0800, 0x0800, 0x0800, 0x0800, 0x0800, 0x0800, 0x0800, 0x0800, 0x1000, 0x1000,
    0x1000, 0x1000, 0x1000, 0x1000, 0x1000, 0x1000, 0x1000, 0x1000, 0x1000, 0x1000, 0x1800, 0x1000,
    0x1000, 0x1000, 0x1800, 0x1800, 0x1800, 0x1800, 0x1800, 0x1800, 0x1800, 0x1800, 0x1800, 0x1800,
    0x1000, 0x1800, 0x2000, 0x2000, 0x2000, 0x4020, 0xd1e4, 0xfa86, 0xf245, 0xf245, 0xf245, 0xf245,
    0xf265, 0xf265, 0xf265, 0xf265, 0xf265, 0xf285, 0xf2a5, 0xf2c5, 0xfb05, 0xd283, 0x5020, 0x3000,
    0x4000, 0x88c0, 0xf2c5, 0xfae5, 0xf2c5, 0xf2c5, 0xf2c5, 0xf2c5, 0xf2c5, 0xf2c5, 0xf2a5, 0xf285,
    0xf2a5, 0xf2a5, 0xf2a5, 0xf2a5, 0xf2a5, 0xfac5, 0xf2e5, 0x88e1, 0x3000, 0x2800, 0x2000, 0x1800,
    0x1800, 0x1000, 0x1000, 0x1000, 0x1000, 0x1000, 0x1800, 0x1800, 0x2800, 0x7040, 0xda22, 0xfbc4,
    0xfbe4, 0xf3a3, 0xfc23, 0xfc02, 0xd1e1, 0x8040, 0x4800, 0x3000, 0x2800, 0x2800, 0x2800, 0x3000,
    0x4000, 0x7800, 0xd1e0, 0xfd82, 0xfda3, 0xfda3, 0xfdc3, 0xe261, 0x8000, 0x4800, 0x3000, 0x3000,
    0x4000, 0x7000, 0xc960, 0xfd22, 0xfda3, 0xf583, 0xfdc3, 0xeb21, 0xa020, 0x5800, 0x3800, 0x2800,
    0x2000, 0x2000, 0x2000, 0x2000, 0x2800, 0x4800, 0x8880, 0xda20, 0xfc01, 0xfc22, 0xf3a2, 0xfbc2,
    0xfba2, 0xd9e1, 0x6000, 0x2000, 0x1800, 0x1000, 0x1000, 0x1000, 0x0800, 0x0800, 0x0800, 0x1000,
    0x1000, 0x1000, 0x1000, 0x1000, 0x1800, 0x5003, 0x6804, 0x8004, 0xd804, 0xf844, 0xfa49, 0xfeb9,
    0xf28a, 0xf000, 0xf0a0, 0xf0a1, 0xf081, 0xd060, 0x4041, 0x0842, 0x0842, 0x0842, 0x0842, 0x0842,
    0x0842, 0x0842, 0x0842, 0x0842, 0x0842, 0x0842, 0x0842, 0x0842, 0x0842, 0x0842, 0x0842, 0x0842,
    0x0842, 0x0842, 0x0842, 0x0842, 0x0842, 0x0842, 0x0842, 0x0842, 0x0842, 0x0842, 0x0842, 0x0842,
    0x0842, 0x0842, 0x0842, 0x0842, 0x0842, 0x1841, 0x9040, 0xe060, 0xe8a0, 0xf0c1, 0xf060, 0xf144,
    0xfe99, 0xf3ee, 0xf044, 0xe004, 0xa802, 0x9002, 0x7803, 0x2800, 0x1800, 0x1800, 0x1000, 0x1000,
    0x0800, 0x0800, 0x0800, 0x0000, 0x0000, 0x0800, 0x4800, 0x7001, 0x7000, 0x6800, 0x6000, 0x6001,
    0x5801, 0x5801, 0x5001, 0x4801, 0x4001, 0x4001, 0x3801, 0x3001, 0x3001, 0x3001, 0x2801, 0x2001,
    0x2001, 0x2001, 0x1801, 0x1801, 0x1802, 0x0801, 0x0000, 0x0000, 0x0000, 0x0000, 0x0000, 0x0000,
    0x0000, 0x0000, 0x0000, 0x0000, 0x0000, 0x0000, 0x0000, 0x0000, 0x0000, 0x0000, 0x0000, 0x0000,
    0x0000, 0x0000, 0x0000, 0x0000, 0x0000, 0x0000, 0x0000, 0x0000, 0x0000, 0x0000, 0x0000, 0x0000,
    0x0000, 0x0000, 0x0000, 0x0000, 0x0000, 0x0000, 0x0000, 0x0000, 0x0000, 0x0000, 0x0000, 0x0000,
    0x0000, 0x0000, 0x0000, 0x0000, 0x0000, 0x0000, 0x0000, 0x0000, 0x0000, 0x0000, 0x0000, 0x0000,
    0x0000, 0x0000, 0x0800, 0x0800, 0x0800, 0x0800, 0x0800, 0x0800, 0x0800, 0x0800, 0x0800, 0x0800,
    0x0800, 0x0800, 0x0800, 0x0800, 0x1000, 0x1000, 0x1000, 0x1000, 0x1000, 0x1000, 0x1000, 0x1000,
    0x1000, 0x1000, 0x1000, 0x1000, 0x1000, 0x1800, 0x1800, 0x2861, 0x5924, 0x6965, 0x7165, 0x7165,
    0x7165, 0x7165, 0x7165, 0x7165, 0x7164, 0x7164, 0x7185, 0x7185, 0x48e2, 0x2020, 0x2000, 0x2000,
    0x2000, 0x4020, 0xc9c4, 0xfa66, 0xf246, 0xf246, 0xf245, 0xf245, 0xf245, 0xf245, 0xf245, 0xf245,
    0xf245, 0xf265, 0xf265, 0xf285, 0xfac5, 0xca23, 0x4820, 0x3000, 0x3800, 0x80a0, 0xf285, 0xfaa5,
    0xf285, 0xf285, 0xf285, 0xf285, 0xf285, 0xf265, 0xf265, 0xf265, 0xf265, 0xf265, 0xf265, 0xf265,
    0xf265, 0xfa85, 0xf2c5, 0x80e1, 0x3000, 0x2000, 0x2000, 0x1800, 0x1800, 0x1000, 0x1000, 0x1000,
    0x1000, 0x1000, 0x1000, 0x1800, 0x2000, 0x3000, 0x7820, 0xd1a1, 0xfb83, 0xfc03, 0xf3e3, 0xfc43,
    0xfc63, 0xe2c1, 0x98a0, 0x5000, 0x3000, 0x2800, 0x3000, 0x3800, 0x6000, 0xc0c0, 0xfcc1, 0xfdc3,
    0xf563, 0xfdc3, 0xf3e2, 0xa840, 0x5800, 0x4000, 0x4000, 0x4000, 0x3800, 0x4800, 0x8800, 0xeaa1,
    0xfda3, 0xfd83, 0xfd83, 0xfd62, 0xd9c0, 0x8000, 0x4800, 0x3000, 0x2800, 0x2800, 0x2800, 0x3000,
    0x5800, 0xa8e0, 0xeb01, 0xfc61, 0xfc22, 0xf3e2, 0xfc02, 0xfba2, 0xda01, 0x8040, 0x3800, 0x2000,
    0x1800, 0x1000, 0x1000, 0x0800, 0x0800, 0x0800, 0x0800, 0x1000, 0x1000, 0x1000, 0x1000, 0x1000,
    0x1800, 0x5003, 0x6004, 0x7804, 0xd804, 0xf844, 0xfa29, 0xfeb9, 0xf2aa, 0xf000, 0xf0a0, 0xf0c1,
    0xf081, 0xd060, 0x3841, 0x0842, 0x0842, 0x0842, 0x0842, 0x0842, 0x0842, 0x0842, 0x0842, 0x0842,
    0x0842, 0x0842, 0x0842, 0x0842, 0x0842, 0x0842, 0x0842, 0x0842, 0x0842, 0x0842, 0x0842, 0x0842,
    0x0842, 0x0842, 0x0842, 0x0842, 0x0842, 0x0842, 0x0842, 0x0842, 0x0842, 0x0842, 0x0842, 0x0842,
    0x0842, 0x1041, 0x8840, 0xe060, 0xe8a1, 0xf0e1, 0xf060, 0xf144, 0xfe99, 0xf3ee, 0xf044, 0xe004,
    0xa802, 0x9002, 0x7802, 0x2800, 0x1800, 0x1800, 0x1000, 0x1000, 0x0800, 0x0800, 0x0800, 0x0800,
    0x0000, 0x0000, 0x0000, 0x0000, 0x0000, 0x0000, 0x0000, 0x0000, 0x0000, 0x0000, 0x0000, 0x0000,
    0x0000, 0x0000, 0x0000, 0x0000, 0x0000, 0x0000, 0x0000, 0x0000, 0x0000, 0x0000, 0x0000, 0x0000,
    0x0000, 0x0000, 0x0000, 0x0000, 0x0000, 0x0000, 0x0000, 0x0000, 0x0000, 0x0000, 0x0000, 0x0000,
    0x0000, 0x0000, 0x0000, 0x0000, 0x0000, 0x0000, 0x0000, 0x0000, 0x0000, 0x0000, 0x0000, 0x0000,
    0x0000, 0x0000, 0x0000, 0x0000, 0x0000, 0x0000, 0x0000, 0x0000, 0x0000, 0x0000, 0x0000, 0x0000,
    0x0000, 0x0000, 0x0000, 0x0000, 0x0000, 0x0000, 0x0000, 0x0000, 0x0000, 0x0000, 0x0000, 0x0000,
    0x0000, 0x0000, 0x0000, 0x0000, 0x0000, 0x0000, 0x0000, 0x0000, 0x0000, 0x0800, 0x0800, 0x0800,
    0x0800, 0x0800, 0x0800, 0x0800, 0x0800, 0x0800, 0x0800, 0x0800, 0x1000, 0x1000, 0x1000, 0x1000,
    0x1000, 0x1000, 0x1000, 0x1000, 0x1000, 0x1000, 0x1000, 0x1000, 0x1000, 0x1000, 0x1000, 0x1000,
    0x1800, 0x1800, 0x3861, 0xaa08, 0xea8b, 0xfa8a, 0xf26b, 0xf26a, 0xfa8a, 0xfa6a, 0xfa89, 0xfa89,
    0xf289, 0xf2a9, 0xfaa9, 0xfae9, 0xd309, 0x7163, 0x2000, 0x2000, 0x2800, 0x4020, 0xc9c4, 0xfa46,
    0xf246, 0xf226, 0xf225, 0xf225, 0xf225, 0xf225, 0xf225, 0xf225, 0xf245, 0xf245, 0xf245, 0xf265,
    0xfa86, 0xca03, 0x4820, 0x3000, 0x3800, 0x80a1, 0xf265, 0xfa65, 0xf245, 0xf245, 0xf245, 0xf245,
    0xf245, 0xf245, 0xf245, 0xf225, 0xf225, 0xf245, 0xf245, 0xf245, 0xf245, 0xfa65, 0xf285, 0x80c1,
    0x3000, 0x2000, 0x2000, 0x1800, 0x1800, 0x1000, 0x1000, 0x1000, 0x1000, 0x1000, 0x1000, 0x1800,
    0x2000, 0x2000, 0x3000, 0x6800, 0xc140, 0xf362, 0xfc63, 0xf463, 0xfc83, 0xfce3, 0xf382, 0xa0e0,
    0x4800, 0x3800, 0x3800, 0x5000, 0x9820, 0xf341, 0xfd82, 0xf542, 0xfda3, 0xfd22, 0xd140, 0x8000,
    0x6800, 0x8080, 0x9940, 0x9960, 0x80a0, 0x6000, 0x6800, 0xa880, 0xf422, 0xfda3, 0xf543, 0xfd83,
    0xfc62, 0xb8a0, 0x6000, 0x4000, 0x3000, 0x3000, 0x4000, 0x6820, 0xc180, 0xfbc1, 0xfca2, 0xf422,
    0xfc22, 0xfc22, 0xf341, 0xc961, 0x8000, 0x4000, 0x2800, 0x1800, 0x1000, 0x1000, 0x1000, 0x0800,
    0x0800, 0x0800, 0x1000, 0x1000, 0x1000, 0x1000, 0x1000, 0x1000, 0x1800, 0x5003, 0x6004, 0x7804,
    0xd804, 0xf844, 0xfa29, 0xfeb9, 0xf28a, 0xf020, 0xf0a1, 0xf0c1, 0xf081, 0xd060, 0x3841, 0x0842,
    0x0842, 0x0842, 0x0842, 0x0842, 0x0842, 0x0842, 0x0842, 0x0842, 0x0842, 0x0842, 0x0842, 0x0842,
    0x0842, 0x0842, 0x0842, 0x0842, 0x0842, 0x0842, 0x0842, 0x0842, 0x0842, 0x0842, 0x0842, 0x0842,
    0x0842, 0x0842, 0x0842, 0x0842, 0x0842, 0x0842, 0x0842, 0x0842, 0x0842, 0x1041, 0x8840, 0xd860,
    0xf0a1, 0xf0c1, 0xf060, 0xf144, 0xf698, 0xf3ee, 0xf044, 0xe004, 0xa802, 0x9002, 0x8003, 0x2800,
    0x1800, 0x1800, 0x1000, 0x1000, 0x0800, 0x0800, 0x0800, 0x0800, 0x0000, 0x0800, 0x4001, 0x6802,
    0x6802, 0x6802, 0x6802, 0x6802, 0x6802, 0x6802, 0x6802, 0x6802, 0x6802, 0x6802, 0x6802, 0x6802,
    0x6802, 0x6802, 0x6802, 0x6802, 0x6802, 0x6802, 0x6802, 0x6802, 0x6802, 0x6802, 0x6802, 0x3001,
    0x0000, 0x0000, 0x0000, 0x0000, 0x0000, 0x0000, 0x0000, 0x0000, 0x0000, 0x0000, 0x0000, 0x0000,
    0x0000, 0x0000, 0x0000, 0x0000, 0x0000, 0x0000, 0x0000, 0x0000, 0x0000, 0x0000, 0x0000, 0x0000,
    0x0000, 0x0000, 0x0000, 0x0000, 0x0000, 0x0000, 0x0000, 0x0000, 0x0000, 0x0000, 0x0000, 0x0000,
    0x0000, 0x0000, 0x0000, 0x0000, 0x0000, 0x0000, 0x0000, 0x0000, 0x0000, 0x0000, 0x0000, 0x0000,
    0x0000, 0x0000, 0x0000, 0x0000, 0x0000, 0x0000, 0x0800, 0x0800, 0x0800, 0x0800, 0x0800, 0x0800,
    0x0800, 0x0800, 0x0800, 0x0800, 0x0000, 0x0000, 0x0000, 0x0800, 0x0800, 0x0800, 0x0800, 0x0800,
    0x0800, 0x0800, 0x0800, 0x0800, 0x0800, 0x1000, 0x1800, 0x1800, 0x1800, 0x1800, 0x8125, 0xfa4a,
    0xf9e9, 0xf9a8, 0xf988, 0xf987, 0xf9a7, 0xf9a7, 0xf9a7, 0xf9c7, 0xf9c7, 0xf9c6, 0xf9c6, 0xf9e6,
    0xfa87, 0xd2a6, 0x3861, 0x2000, 0x2800, 0x4000, 0xc9a4, 0xfa47, 0xf226, 0xf226, 0xf206, 0xf206,
    0xf205, 0xf205, 0xf205, 0xf225, 0xf225, 0xf225, 0xf225, 0xf245, 0xfa66, 0xc9e4, 0x4820, 0x3000,
    0x3800, 0x8081, 0xf225, 0xfa45, 0xf225, 0xf225, 0xf225, 0xf225, 0xf225, 0xf225, 0xf205, 0xf205,
    0xf205, 0xf205, 0xf205, 0xf205, 0xf225, 0xfa25, 0xf245, 0x80c1, 0x3000, 0x2000, 0x2000, 0x1800,
    0x1800, 0x1800, 0x1000, 0x1000, 0x1000, 0x1000, 0x1000, 0x1000, 0x1800, 0x2000, 0x2800, 0x3800,
    0x6000, 0xb0e0, 0xeb22, 0xfc62, 0xf483, 0xf483, 0xfd03, 0xeb61, 0x8040, 0x4800, 0x5800, 0x9000,
    0xe1e0, 0xfd21, 0xf522, 0xf542, 0xfd62, 0xe261, 0x8800, 0x7000, 0xb0e0, 0xeba1, 0xfd22, 0xfd62,
    0xec02, 0xb120, 0x6800, 0x6800, 0xc140, 0xfce2, 0xfd43, 0xf523, 0xfd63, 0xeb01, 0xa020, 0x6000,
    0x4000, 0x4000, 0x7820, 0xd220, 0xfc81, 0xfcc2, 0xf442, 0xfc62, 0xfc42, 0xf2e1, 0xb8c0, 0x6800,
    0x4000, 0x2800, 0x2000, 0x1800, 0x1000, 0x1000, 0x1000, 0x1000, 0x1000, 0x1000, 0x1000, 0x1000,
    0x1000, 0x1000, 0x1000, 0x1000, 0x1800, 0x5003, 0x6004, 0x7804, 0xd804, 0xf824, 0xf229, 0xfe99,
    0xf28a, 0xf020, 0xf0c1, 0xf0c1, 0xf081, 0xd860, 0x4041, 0x0842, 0x0842, 0x0842, 0x0842, 0x0842,
    0x0842, 0x0842, 0x0842, 0x0842, 0x0842, 0x0842, 0x0842, 0x0842, 0x0842, 0x0842, 0x0842, 0x0842,
    0x0842, 0x0842, 0x0842, 0x0842, 0x0842, 0x0842, 0x0842, 0x0842, 0x0842, 0x0842, 0x0842, 0x0842,
    0x0842, 0x0842, 0x0842, 0x0842, 0x0842, 0x1841, 0x8840, 0xd860, 0xe8a1, 0xf0c1, 0xf060, 0xf144,
    0xf678, 0xf3ce, 0xf044, 0xe004, 0xa802, 0x9003, 0x8003, 0x3000, 0x1800, 0x1800, 0x1000, 0x1000,
    0x0800, 0x0800, 0x0800, 0x0000, 0x0000, 0x4801, 0xe004, 0xf804, 0xf804, 0xf804, 0xf804, 0xf804,
    0xf804, 0xf804, 0xf805, 0xf805, 0xf805, 0xf805, 0xf805, 0xf805, 0xf805, 0xf805, 0xf805, 0xf805,
    0xf805, 0xf805, 0xf805, 0xf805, 0xf805, 0xf805, 0xf805, 0xc804, 0x2000, 0x0000, 0x0000, 0x0000,
    0x0000, 0x0000, 0x0000, 0x0000, 0x0000, 0x0000, 0x0000, 0x0000, 0x0000, 0x0000, 0x0000, 0x0000,
    0x0000, 0x0000, 0x0000, 0x0000, 0x0000, 0x0000, 0x0000, 0x0000, 0x0000, 0x0000, 0x0000, 0x0000,
    0x0000, 0x0000, 0x0000, 0x0000, 0x0000, 0x0000, 0x0000, 0x0000, 0x0000, 0x0000, 0x0000, 0x0000,
    0x0000, 0x0000, 0x0000, 0x0000, 0x0000, 0x0000, 0x0000, 0x0000, 0x0000, 0x0000, 0x0000, 0x0800,
    0x0000, 0x0800, 0x0800, 0x0800, 0x0800, 0x0800, 0x0800, 0x0800, 0x0800, 0x0800, 0x0800, 0x0800,
    0x1861, 0x2082, 0x2082, 0x2882, 0x2882, 0x2882, 0x2882, 0x2062, 0x2082, 0x2082, 0x2082, 0x2882,
    0x2061, 0x1000, 0x1800, 0x1800, 0x1000, 0x1800, 0x9925, 0xf1c9, 0xf9c8, 0xf1a8, 0xf1a8, 0xf1a8,
    0xf1a8, 0xf1c8, 0xf1c7, 0xf1c7, 0xf1c7, 0xf1e7, 0xf1e7, 0xf1e6, 0xfa06, 0xea46, 0x58a1, 0x2000,
    0x2000, 0x4000, 0xc9a5, 0xfa27, 0xf206, 0xf206, 0xf206, 0xf1e6, 0xf1e6, 0xf1e6, 0xf206, 0xf206,
    0xf205, 0xf205, 0xf205, 0xfa26, 0xfa46, 0xc9c4, 0x4020, 0x2800, 0x3800, 0x7881, 0xf205, 0xfa25,
    0xf1e5, 0xf205, 0xf205, 0xf205, 0xf205, 0xf1e5, 0xf1e5, 0xf1e5, 0xf1e5, 0xf1e5, 0xf1e5, 0xf1e5,
    0xf205, 0xfa05, 0xf225, 0x80a1, 0x3000, 0x2000, 0x2000, 0x1800, 0x1800, 0x1800, 0x1000, 0x1000,
    0x1000, 0x1000, 0x1000, 0x1000, 0x1800, 0x1800, 0x2000, 0x2800, 0x3000, 0x5000, 0xa060, 0xea61,
    0xfc42, 0xfcc3, 0xfce3, 0xfbc2, 0x9060, 0x5000, 0x7800, 0xc8e0, 0xfc61, 0xfd42, 0xf502, 0xfd62,
    0xf3a1, 0xb040, 0x7000, 0x9040, 0xeb81, 0xfde3, 0xfd83, 0xfd83, 0xfdc3, 0xf402, 0x9860, 0x6000,
    0x8800, 0xe281, 0xfd43, 0xfd23, 0xfd03, 0xfce2, 0xe1a0, 0x8800, 0x5000, 0x5000, 0xa8e0, 0xfca1,
    0xfce2, 0xf462, 0xfc82, 0xfc02, 0xea41, 0xa860, 0x6000, 0x3800, 0x2800, 0x2000, 0x1800, 0x1000,
    0x1000, 0x1000, 0x1000, 0x1000, 0x1000, 0x1000, 0x1000, 0x1000, 0x1000, 0x1000, 0x1000, 0x1000,
    0x1800, 0x5003, 0x6804, 0x7804, 0xd824, 0xf824, 0xfa08, 0xfeb9, 0xf2aa, 0xf020, 0xf0c1, 0xf0c1,
    0xf081, 0xd860, 0x4041, 0x0842, 0x0842, 0x0842, 0x0842, 0x0842, 0x0842, 0x0842, 0x0842, 0x0842,
    0x0842, 0x0842, 0x0842, 0x0842, 0x0842, 0x0842, 0x0842, 0x0842, 0x0842, 0x0842, 0x0842, 0x0842,
    0x0842, 0x0842, 0x0842, 0x0842, 0x0842, 0x0842, 0x0842, 0x0842, 0x0842, 0x0842, 0x0842, 0x0842,
    0x0842, 0x1041, 0x8041, 0xd860, 0xf0a1, 0xf0c1, 0xf060, 0xf144, 0xf699, 0xf3ce, 0xf044, 0xe004,
    0xa802, 0x9003, 0x8003, 0x2800, 0x1800, 0x1800, 0x1000, 0x1000, 0x0800, 0x0800, 0x0800, 0x0000,
    0x0000, 0x6002, 0xf004, 0xf804, 0xf804, 0xf804, 0xf804, 0xf804, 0xf804, 0xf804, 0xf804, 0xf804,
    0xf804, 0xf804, 0xf804, 0xf805, 0xf805, 0xf805, 0xf805, 0xf805, 0xf805, 0xf805, 0xf805, 0xf805,
    0xf805, 0xf805, 0xf805, 0xe004, 0x2801, 0x0000, 0x0000, 0x0000, 0x0000, 0x0000, 0x0000, 0x0000,
    0x0000, 0x0000, 0x0000, 0x0000, 0x0000, 0x0000, 0x0000, 0x0000, 0x0000, 0x0000, 0x0000, 0x0000,
    0x0000, 0x0000, 0x0000, 0x0000, 0x0000, 0x0000, 0x0000, 0x0000, 0x0000, 0x0000, 0x0000, 0x0000,
    0x0000, 0x0000, 0x0000, 0x0000, 0x0000, 0x0000, 0x0000, 0x0000, 0x0000, 0x0000, 0x0000, 0x0000,
    0x0000, 0x0000, 0x0000, 0x0000, 0x0000, 0x0800, 0x0800, 0x0800, 0x0800, 0x0800, 0x0800, 0x0800,
    0x0800, 0x0800, 0x0800, 0x0800, 0x0800, 0x0800, 0x1020, 0x6105, 0xa1ea, 0xb20b, 0xb20a, 0xb22b,
    0xb20a, 0xb20a, 0xb20a, 0xa9e9, 0xa9e9, 0xaa0a, 0xb22a, 0xb24a, 0xa229, 0x50e4, 0x1000, 0x1000,
    0x1800, 0x2000, 0x9905, 0xf1ca, 0xf9a9, 0xf1a8, 0xf1a8, 0xf1a8, 0xf1a8, 0xf1a8, 0xf1a7, 0xf1a7,
    0xf1a7, 0xf1c7, 0xf1c7, 0xf1e6, 0xfa07, 0xea07, 0x5881, 0x2000, 0x2000, 0x3800, 0xc985, 0xfa07,
    0xf1e6, 0xf1e6, 0xf1c6, 0xf1c6, 0xf1c6, 0xf1c6, 0xf1e6, 0xf1e6, 0xf1e6, 0xf1e5, 0xf1e5, 0xfa06,
    0xfa26, 0xc9a4, 0x4020, 0x3000, 0x3000, 0x7881, 0xf1e5, 0xf9e5, 0xf1c5, 0xf1e5, 0xf1e5, 0xf1c5,
    0xf1c5, 0xf1c5, 0xf1c5, 0xf1c5, 0xf1c5, 0xf1c5, 0xf1c5, 0xf1c5, 0xf1e5, 0xf9e5, 0xf205, 0x78a1,
    0x3000, 0x2000, 0x2000, 0x1800, 0x1800, 0x1800, 0x1800, 0x1800, 0x1800, 0x1000, 0x1000, 0x1000,
    0x1800, 0x1800, 0x1800, 0x2000, 0x2800, 0x3000, 0x5000, 0x9000, 0xda01, 0xf402, 0xf422, 0xd1e1,
    0x8000, 0x6800, 0xa840, 0xeb40, 0xfd21, 0xf4e2, 0xfd22, 0xfc82, 0xd100, 0x8800, 0x7000, 0xb8a0,
    0xfca2, 0xfd43, 0xf523, 0xf503, 0xfd43, 0xfd02, 0xc120, 0x7000, 0x7000, 0xa860, 0xf3c2, 0xfd23,
    0xf4c3, 0xfd02, 0xfc02, 0xb8a0, 0x7000, 0x6000, 0xa8c0, 0xfc01, 0xfcc2, 0xfc82, 0xfba1, 0xd9a0,
    0x9000, 0x5000, 0x3800, 0x2800, 0x2000, 0x1800, 0x1000, 0x1000, 0x1000, 0x1000, 0x1000, 0x1000,
    0x1000, 0x1000, 0x1000, 0x1000, 0x1000, 0x1000, 0x1000, 0x1000, 0x1800, 0x5003, 0x6804, 0x8004,
    0xd804, 0xf824, 0xfa09, 0xfeb9, 0xf2aa, 0xf020, 0xf0a1, 0xf0c1, 0xf881, 0xd860, 0x4041, 0x0842,
    0x0842, 0x0842, 0x0842, 0x0842, 0x0842, 0x0842, 0x0842, 0x0842, 0x0842, 0x0842, 0x0842, 0x0842,
    0x0842, 0x0842, 0x0842, 0x0842, 0x0842, 0x0842, 0x0842, 0x0842, 0x0842, 0x0842, 0x0842, 0x0842,
    0x0842, 0x0842, 0x0842, 0x0842, 0x0842, 0x0842, 0x0842, 0x0842, 0x0842, 0x1041, 0x8041, 0xd860,
    0xf0a0, 0xf0c1, 0xf040, 0xf144, 0xf699, 0xf3ee, 0xf044, 0xe004, 0xa802, 0x9002, 0x8003, 0x2800,
    0x1800, 0x1800, 0x1000, 0x1000, 0x0800, 0x0800, 0x0800, 0x0800, 0x0000, 0x1800, 0x8802, 0xb003,
    0xa803, 0xa803, 0xa803, 0xa803, 0xa803, 0xa803, 0xa803, 0xa803, 0xa803, 0xa803, 0xa803, 0xa803,
    0xa803, 0xa803, 0xa803, 0xa803, 0xa803, 0xa803, 0xa803, 0xa803, 0xa803, 0xa803, 0xa803, 0x6802,
    0x0800, 0x0000, 0x0000, 0x0000, 0x0000, 0x0000, 0x0000, 0x0000, 0x0000, 0x0000, 0x0000, 0x0000,
    0x0000, 0x0000, 0x0000, 0x0000, 0x0000, 0x0000, 0x0000, 0x0000, 0x0000, 0x0000, 0x0000, 0x0000,
    0x0000, 0x0000, 0x0000, 0x0000, 0x0000, 0x0000, 0x0000, 0x0000, 0x0000, 0x0000, 0x0000, 0x0000,
    0x0000, 0x0000, 0x0000, 0x0000, 0x0000, 0x0000, 0x0000, 0x0000, 0x0000, 0x0800, 0x0800, 0x0800,
    0x0800, 0x0800, 0x0800, 0x0800, 0x0800, 0x0800, 0x0800, 0x0800, 0x0800, 0x0800, 0x0800, 0x0800,
    0x0800, 0x0800, 0x50e4, 0xea4d, 0xfa2d, 0xfa0d, 0xfa0d, 0xfa0d, 0xfa0c, 0xfa0c, 0xfa2c, 0xfa0c,
    0xfa0b, 0xfa0b, 0xfa2c, 0xfa2b, 0xfa4c, 0xd24a, 0x3882, 0x1000, 0x1800, 0x2000, 0x9905, 0xf1ca,
    0xf9a9, 0xf1a9, 0xf1a8, 0xf1a8, 0xf1a8, 0xf1a8, 0xf1a8, 0xf1a8, 0xf1a7, 0xf1a7, 0xf1c7, 0xf1c7,
    0xfa07, 0xe9e7, 0x5881, 0x2000, 0x2000, 0x3800, 0xc985, 0xfa07, 0xf1c7, 0xf1c6, 0xf1a6, 0xf1a6,
    0xf1a6, 0xf1c6, 0xf1c6, 0xf1c6, 0xf1c6, 0xf1c6, 0xf1e6, 0xf1e6, 0xfa06, 0xc9a4, 0x4020, 0x2800,
    0x3000, 0x7881, 0xf1c6, 0xf9c6, 0xf1a5, 0xf1a5, 0xf1a5, 0xf1a5, 0xf1a5, 0xf1a5, 0xf1a5, 0xf1a5,
    0xf1a5, 0xf1a5, 0xf1a5, 0xf1a5, 0xf1c5, 0xf9c5, 0xf1c5, 0x7881, 0x3000, 0x2000, 0x2000, 0x2000,
    0x1800, 0x1800, 0x1800, 0x1800, 0x1800, 0x1800, 0x1800, 0x1800, 0x1800, 0x1800, 0x1800, 0x2000,
    0x2000, 0x2800, 0x3000, 0x4000, 0x6800, 0x98c0, 0xa0c0, 0x8000, 0x6800, 0x9800, 0xe200, 0xfcc1,
    0xfcc2, 0xfce2, 0xfd02, 0xe221, 0x9000, 0x6000, 0x6800, 0xb080, 0xf442, 0xfd23, 0xf503, 0xf503,
    0xfd23, 0xfca2, 0xc100, 0x7000, 0x6000, 0x7800, 0xc940, 0xfc82, 0xfce2, 0xf4a2, 0xfce2, 0xeae1,
    0xa820, 0x7800, 0x8800, 0xc980, 0xe321, 0xe2c1, 0xb8e0, 0x7000, 0x4800, 0x3800, 0x2800, 0x2000,
    0x2000, 0x1800, 0x1800, 0x1000, 0x1000, 0x1000, 0x1000, 0x1000, 0x1000, 0x1000, 0x1000, 0x1000,
    0x1000, 0x1000, 0x1000, 0x1000, 0x1800, 0x5003, 0x6804, 0x8004, 0xd804, 0xf824, 0xfa08, 0xfe98,
    0xf2aa, 0xf020, 0xf0c1, 0xf0c1, 0xf8a1, 0xd860, 0x4041, 0x0842, 0x0842, 0x0842, 0x0842, 0x0842,
    0x0842, 0x0842, 0x0842, 0x0842, 0x0842, 0x0842, 0x0842, 0x0842, 0x0842, 0x0842, 0x0842, 0x0842,
    0x0842, 0x0842, 0x0842, 0x0842, 0x0842, 0x0842, 0x0842, 0x0842, 0x0842, 0x0842, 0x0842, 0x0842,
    0x0842, 0x0842, 0x0842, 0x0842, 0x0842, 0x1041, 0x8841, 0xe080, 0xe8a1, 0xf0c1, 0xf040, 0xf144,
    0xf699, 0xf3ce, 0xf044, 0xe004, 0xa802, 0x9002, 0x7803, 0x2800, 0x1800, 0x1800, 0x1000, 0x1000,
    0x0800, 0x0800, 0x0800, 0x0800, 0x0800, 0x0000, 0x0000, 0x0000, 0x0000, 0x0000, 0x0000, 0x0000,
    0x0000, 0x0000, 0x0000, 0x0000, 0x0000, 0x0000, 0x0000, 0x0000, 0x0000, 0x0000, 0x0000, 0x0000,
    0x0000, 0x0000, 0x0000, 0x0000, 0x0000, 0x0800, 0x0000, 0x0000, 0x0000, 0x0000, 0x0000, 0x0000,
    0x0000, 0x0000, 0x0000, 0x0000, 0x0000, 0x0000, 0x0000, 0x0000, 0x0000, 0x0000, 0x0000, 0x0000,
    0x0000, 0x0000, 0x0000, 0x0000, 0x0000, 0x0000, 0x0000, 0x0000, 0x0000, 0x0000, 0x0000, 0x0000,
    0x0000, 0x0000, 0x0000, 0x0000, 0x0000, 0x0000, 0x0000, 0x0000, 0x0000, 0x0000, 0x0000, 0x0000,
    0x0000, 0x0000, 0x0000, 0x0000, 0x0000, 0x0000, 0x0000, 0x0000, 0x0000, 0x0000, 0x0000, 0x0000,
    0x0000, 0x0000, 0x0000, 0x0000, 0x0000, 0x0800, 0x0800, 0x0800, 0x0800, 0x0800, 0x9147, 0xf9ed,
    0xf9ac, 0xf1ab, 0xf1ab, 0xf1ab, 0xf1ab, 0xf1ab, 0xf1ab, 0xf1aa, 0xf1aa, 0xf1aa, 0xf1aa, 0xf1aa,
    0xf9aa, 0xf20a, 0x70e4, 0x1800, 0x1800, 0x1800, 0x9906, 0xf1eb, 0xf9aa, 0xf1a9, 0xf1a9, 0xf1a9,
    0xf1a9, 0xf1a9, 0xf1a8, 0xf188, 0xf1a8, 0xf1a7, 0xf1c7, 0xf1c7, 0xf9e7, 0xe9e7, 0x5861, 0x2000,
    0x2000, 0x3800, 0xc965, 0xf9e7, 0xf1a7, 0xf1a6, 0xf1a6, 0xf1a6, 0xf1a6, 0xf1a6, 0xf1a6, 0xf1a6,
    0xf1a6, 0xf1a6, 0xf1c6, 0xf9e6, 0xfa07, 0xc184, 0x3820, 0x2800, 0x3000, 0x7061, 0xf1a6, 0xf9a6,
    0xf185, 0xf185, 0xf185, 0xf185, 0xf185, 0xf185, 0xf185, 0xf185, 0xf185, 0xf185, 0xf185, 0xf1a5,
    0xf1a5, 0xf9a5, 0xf1c6, 0x7881, 0x3000, 0x2000, 0x2000, 0x2000, 0x1800, 0x1800, 0x1800, 0x1800,
    0x1800, 0x1800, 0x1800, 0x1800, 0x2000, 0x2000, 0x2000, 0x2000, 0x2000, 0x2800, 0x2800, 0x3000,
    0x3000, 0x3800, 0x4000, 0x5000, 0x7000, 0xc8e0, 0xfc21, 0xfcc2, 0xfca2, 0xfd02, 0xf382, 0xb040,
    0x6000, 0x4000, 0x5000, 0x9840, 0xf3e2, 0xfd23, 0xf4e3, 0xf4e3, 0xfd03, 0xfc62, 0xb8c0, 0x6800,
    0x5800, 0x6000, 0x9000, 0xea61, 0xfcc2, 0xf482, 0xfc82, 0xfc83, 0xe1a1, 0x9000, 0x7000, 0x7000,
    0x8000, 0x8000, 0x5800, 0x4000, 0x3000, 0x2800, 0x2000, 0x2000, 0x2000, 0x1800, 0x1800, 0x1800,
    0x1800, 0x1800, 0x1000, 0x1000, 0x1000, 0x1000, 0x1000, 0x1000, 0x1000, 0x1000, 0x1000, 0x1000,
    0x1800, 0x5003, 0x6804, 0x8804, 0xe004, 0xf824, 0xfa08, 0xfe98, 0xf28a, 0xf020, 0xf0c1, 0xf0c1,
    0xf8a1, 0xd840, 0x4041, 0x0842, 0x0842, 0x0842, 0x0842, 0x0842, 0x0842, 0x0842, 0x0842, 0x0842,
    0x0842, 0x0842, 0x0842, 0x0842, 0x0842, 0x0842, 0x0842, 0x0842, 0x0842, 0x0842, 0x0842, 0x0842,
    0x0842, 0x0842, 0x0842, 0x0842, 0x0842, 0x0842, 0x0842, 0x0842, 0x0842, 0x0842, 0x0842, 0x0842,
    0x0842, 0x1041, 0x8840, 0xe060, 0xe8a1, 0xf0c1, 0xf040, 0xf144, 0xf698, 0xf3ee, 0xf044, 0xe004,
    0xa802, 0x9002, 0x7802, 0x2800, 0x1800, 0x1800, 0x1000, 0x1000, 0x0800, 0x0800, 0x0800, 0x0800,
    0x0000, 0x0000, 0x1000, 0x2000, 0x2000, 0x1800, 0x1800, 0x1800, 0x1800, 0x1000, 0x1000, 0x1000,
    0x1000, 0x1000, 0x0800, 0x0800, 0x0800, 0x0800, 0x0800, 0x0800, 0x0800, 0x0800, 0x0000, 0x0000,
    0x0000, 0x0000, 0x0000, 0x0000, 0x0000, 0x0000, 0x0000, 0x0000, 0x0000, 0x0000, 0x0000, 0x0000,
    0x0000, 0x0000, 0x0000, 0x0000, 0x0000, 0x0000, 0x0000, 0x0000, 0x0000, 0x0000, 0x0000, 0x0000,
    0x0000, 0x0000, 0x0000, 0x0000, 0x0000, 0x0000, 0x0000, 0x0000, 0x0000, 0x0000, 0x0000, 0x0000,
    0x0000, 0x0000, 0x0000, 0x0000, 0x0000, 0x0000, 0x0000, 0x0000, 0x0000, 0x0000, 0x0000, 0x0000,
    0x1041, 0x1041, 0x1041, 0x1041, 0x1041, 0x1041, 0x1041, 0x1041, 0x1041, 0x1041, 0x1041, 0x1061,
    0x0820, 0x0000, 0x0800, 0x0800, 0x0800, 0x0800, 0x9927, 0xf1ed, 0xf1cd, 0xf1cc, 0xf1cc, 0xf1cc,
    0xf1ac, 0xf1ac, 0xf1ab, 0xf1ab, 0xf1ab, 0xf1ab, 0xf1ab, 0xf1eb, 0xfa0b, 0xf20b, 0x70c4, 0x1000,
    0x1800, 0x1800, 0x9906, 0xf1cb, 0xf9aa, 0xf1aa, 0xf189, 0xf1a9, 0xf1a9, 0xf1a9, 0xf188, 0xf188,
    0xf188, 0xf187, 0xf1a7, 0xf1c7, 0xf9c8, 0xe9c7, 0x5861, 0x2000, 0x2000, 0x3800, 0xc945, 0xf9a7,
    0xf187, 0xf187, 0xf187, 0xf187, 0xf186, 0xf186, 0xf186, 0xf186, 0xf186, 0xf186, 0xf1a6, 0xf1c6,
    0xfa07, 0xc185, 0x3800, 0x2800, 0x3000, 0x7061, 0xe985, 0xf986, 0xf165, 0xf165, 0xf165, 0xf165,
    0xf165, 0xf165, 0xf165, 0xf165, 0xf165, 0xf165, 0xf165, 0xf165, 0xf185, 0xf9a6, 0xf1a6, 0x7881,
    0x3000, 0x2000, 0x2000, 0x2000, 0x1800, 0x1800, 0x1800, 0x1800, 0x2000, 0x2000, 0x2000, 0x2000,
    0x2800, 0x2800, 0x2800, 0x3000, 0x3800, 0x3800, 0x3000, 0x3000, 0x3000, 0x3800, 0x4800, 0x6000,
    0xa840, 0xeb01, 0xfca2, 0xf483, 0xfce3, 0xfc42, 0xd100, 0x7000, 0x4000, 0x3000, 0x4000, 0x9020,
    0xf3a2, 0xfd03, 0xfce3, 0xf4e3, 0xfd03, 0xf402, 0xb080, 0x6000, 0x4800, 0x4800, 0x6000, 0xb060,
    0xf361, 0xfc82, 0xf443, 0xfc83, 0xfbc2, 0xc0a0, 0x7000, 0x5800, 0x4800, 0x4000, 0x4000, 0x3800,
    0x3000, 0x2800, 0x2800, 0x2800, 0x2800, 0x2800, 0x2000, 0x2000, 0x1800, 0x1800, 0x1800, 0x1800,
    0x1000, 0x1000, 0x1000, 0x1000, 0x1000, 0x1000, 0x1000, 0x1000, 0x1800, 0x5003, 0x7004, 0x8804,
    0xe024, 0xf824, 0xfa28, 0xfeb9, 0xf2aa, 0xf020, 0xf0a0, 0xf0c1, 0xf8a1, 0xd860, 0x4041, 0x0842,
    0x0842, 0x0842, 0x0842, 0x0842, 0x0842, 0x0842, 0x0842, 0x0842, 0x0842, 0x0842, 0x0842, 0x0842,
    0x0842, 0x0842, 0x0842, 0x0842, 0x0842, 0x0842, 0x0842, 0x0842, 0x0842, 0x0842, 0x0842, 0x0842,
    0x0842, 0x0842, 0x0842, 0x0842, 0x0842, 0x0842, 0x0842, 0x0842, 0x0842, 0x1041, 0x9041, 0xe080,
    0xe8a1, 0xf0c1, 0xf060, 0xf144, 0xf699, 0xf3ce, 0xf044, 0xe004, 0xa802, 0x9002, 0x8003, 0x2800,
    0x1800, 0x1800, 0x1000, 0x1000, 0x0800, 0x0800, 0x0800, 0x0800, 0x0000, 0x2800, 0x9002, 0xa802,
    0xa002, 0x9802, 0x8802, 0x8002, 0x7803, 0x7003, 0x6003, 0x6003, 0x5803, 0x5003, 0x5003, 0x4803,
    0x4003, 0x3803, 0x3003, 0x3003, 0x3003, 0x3004, 0x1802, 0x0000, 0x0000, 0x0000, 0x0000, 0x0000,
    0x0000, 0x0000, 0x0000, 0x0000, 0x0000, 0x0000, 0x0000, 0x0000, 0x0000, 0x0000, 0x0000, 0x0000,
    0x0000, 0x0000, 0x0000, 0x0000, 0x0000, 0x0000, 0x0000, 0x0000, 0x0000, 0x0000, 0x0000, 0x0000,
    0x0000, 0x0000, 0x0000, 0x0000, 0x0000, 0x0000, 0x0000, 0x0000, 0x0000, 0x0000, 0x0000, 0x0000,
    0x0000, 0x0000, 0x0000, 0x0000, 0x0000, 0x0000, 0x1842, 0x6129, 0x89ac, 0x89cc, 0x91cc, 0x91cc,
    0x89ab, 0x89ab, 0x89ab, 0x89ab, 0x89cb, 0x89cb, 0x89cb, 0x91eb, 0x7188, 0x2062, 0x0800, 0x1000,
    0x0800, 0x0800, 0x9128, 0xf1ee, 0xf1cd, 0xf1cc, 0xf1cc, 0xf1cc, 0xf1ac, 0xf1ac, 0xf1ac, 0xf1ac,
    0xf1ab, 0xf1ab, 0xf1ab, 0xf1eb, 0xf9eb, 0xf1eb, 0x70c4, 0x1000, 0x1800, 0x2000, 0x9906, 0xf1ec,
    0xf9ab, 0xf1ab, 0xf18a, 0xf1aa, 0xf1a9, 0xf1a9, 0xf189, 0xf188, 0xf168, 0xf168, 0xf1a8, 0xf1a8,
    0xf9c8, 0xe9c7, 0x5061, 0x2000, 0x2000, 0x3800, 0xc925, 0xf9a7, 0xf187, 0xf187, 0xf187, 0xf167,
    0xf167, 0xf166, 0xf166, 0xf166, 0xf166, 0xf166, 0xf186, 0xf1a6, 0xf9e7, 0xc165, 0x3800, 0x2000,
    0x3000, 0x7041, 0xe965, 0xf966, 0xf145, 0xf145, 0xf145, 0xf145, 0xf145, 0xf145, 0xf145, 0xf145,
    0xf145, 0xf145, 0xf145, 0xf145, 0xf165, 0xf965, 0xf186, 0x7881, 0x3000, 0x2000, 0x2000, 0x2000,
    0x1800, 0x2000, 0x2000, 0x2000, 0x2000, 0x2800, 0x2800, 0x3000, 0x3800, 0x4800, 0x6000, 0x7860,
    0x90c0, 0x9900, 0x7060, 0x4000, 0x3800, 0x4000, 0x5000, 0x9000, 0xe201, 0xfc62, 0xfc62, 0xf462,
    0xfc82, 0xe201, 0x8800, 0x4800, 0x3000, 0x3000, 0x4000, 0x8820, 0xeb42, 0xfce3, 0xf4c3, 0xf4c3,
    0xfcc3, 0xf3a2, 0xa840, 0x5000, 0x3800, 0x3800, 0x4800, 0x7000, 0xc920, 0xfc02, 0xfc43, 0xf423,
    0xfc43, 0xea61, 0x9820, 0x6800, 0x5000, 0x4000, 0x3800, 0x3800, 0x4800, 0x5820, 0x5800, 0x5000,
    0x4000, 0x3800, 0x2800, 0x2800, 0x2000, 0x2000, 0x2000, 0x1800, 0x1800, 0x1000, 0x1000, 0x1000,
    0x1000, 0x1000, 0x1000, 0x1000, 0x1800, 0x5803, 0x7004, 0x8804, 0xe024, 0xf824, 0xf229, 0xfeb9,
    0xf2aa, 0xf020, 0xf0a0, 0xf0c1, 0xf8a1, 0xd860, 0x4041, 0x0842, 0x0842, 0x0842, 0x0842, 0x0842,
    0x0842, 0x0842, 0x0842, 0x0842, 0x0842, 0x0842, 0x0842, 0x0842, 0x0842, 0x0842, 0x0842, 0x0842,
    0x0842, 0x0842, 0x0842, 0x0842, 0x0842, 0x0842, 0x0842, 0x0842, 0x0842, 0x0842, 0x0842, 0x0842,
    0x0842, 0x0842, 0x0842, 0x0842, 0x0842, 0x1041, 0x9041, 0xe080, 0xe8a1, 0xf0c1, 0xf040, 0xf144,
    0xf699, 0xf3ce, 0xf044, 0xe003, 0xa802, 0x9002, 0x8003, 0x3000, 0x1800, 0x1800, 0x1000, 0x1000,
    0x0800, 0x0800, 0x0800, 0x0000, 0x0000, 0x5801, 0xe803, 0xd803, 0xd003, 0xc803, 0xb803, 0xa803,
    0x9804, 0x9004, 0x8804, 0x8004, 0x7804, 0x7004, 0x6804, 0x6004, 0x5804, 0x4804, 0x4805, 0x4005,
    0x4005, 0x4805, 0x3003, 0x0000, 0x0000, 0x0000, 0x0000, 0x0000, 0x0000, 0x0000, 0x0000, 0x0000,
    0x0000, 0x0000, 0x0000, 0x0000, 0x0000, 0x0000, 0x0000, 0x0000, 0x0000, 0x0000, 0x0000, 0x0000,
    0x0000, 0x0000, 0x0000, 0x0000, 0x0000, 0x0000, 0x0000, 0x0000, 0x0000, 0x0000, 0x0000, 0x0000,
    0x0000, 0x0000, 0x0000, 0x0000, 0x0000, 0x0000, 0x0000, 0x0000, 0x0000, 0x0000, 0x0000, 0x0000,
    0x0000, 0x0820, 0x898c, 0xea74, 0xf254, 0xf273, 0xf253, 0xfa52, 0xfa32, 0xfa32, 0xfa51, 0xfa51,
    0xfa51, 0xfa51, 0xfa50, 0xfa50, 0xfa90, 0xa1eb, 0x1841, 0x0800, 0x0800, 0x0800, 0x9128, 0xf1ee,
    0xf1cd, 0xf1cd, 0xf1cd, 0xf1cd, 0xf1ad, 0xf1ad, 0xf1ac, 0xf1ac, 0xf1ac, 0xf1ac, 0xf1ab, 0xf1ab,
    0xf9cb, 0xf1eb, 0x70c4, 0x1800, 0x1800, 0x2000, 0x9906, 0xf1cc, 0xf9ab, 0xf18b, 0xf1ab, 0xf18a,
    0xf18a, 0xf18a, 0xf189, 0xf169, 0xf168, 0xf168, 0xf168, 0xf188, 0xf9a8, 0xe9a7, 0x5061, 0x2000,
    0x2000, 0x3000, 0xc905, 0xf988, 0xf187, 0xf187, 0xf187, 0xf167, 0xf147, 0xf167, 0xf166, 0xf166,
    0xf166, 0xf166, 0xf166, 0xf186, 0xf9a7, 0xc145, 0x3800, 0x2000, 0x2800, 0x7041, 0xe945, 0xf945,
    0xf145, 0xf145, 0xf145, 0xf145, 0xf145, 0xf145, 0xf145, 0xf145, 0xf145, 0xf145, 0xf145, 0xf145,
    0xf145, 0xf945, 0xf165, 0x7861, 0x3000, 0x2000, 0x2000, 0x2000, 0x2000, 0x2000, 0x2000, 0x2000,
    0x2800, 0x3800, 0x4800, 0x6000, 0x8060, 0xa8c0, 0xc9a1, 0xe282, 0xfb42, 0xfb82, 0xda41, 0x7840,
    0x4800, 0x5000, 0x7000, 0xc0c0, 0xfbe2, 0xfc63, 0xf442, 0xfc62, 0xf301, 0xa040, 0x5000, 0x3000,
    0x2800, 0x2800, 0x4000, 0x8820, 0xeae1, 0xfca3, 0xf463, 0xf463, 0xfca3, 0xf342, 0xa020, 0x4800,
    0x3000, 0x3000, 0x3800, 0x4800, 0x8800, 0xe221, 0xfc23, 0xf3e3, 0xf3e3, 0xfbc2, 0xd961, 0x9000,
    0x6000, 0x4800, 0x4000, 0x5800, 0xa100, 0xca01, 0xc9a1, 0xb0c0, 0x9040, 0x6800, 0x5000, 0x3800,
    0x3000, 0x2800, 0x2000, 0x2000, 0x1800, 0x1800, 0x1000, 0x1000, 0x1000, 0x1000, 0x1000, 0x1000,
    0x1800, 0x5803, 0x7004, 0x8804, 0xe024, 0xf824, 0xf229, 0xfeb9, 0xf2aa, 0xf020, 0xf0c1, 0xf0c1,
    0xf8a1, 0xd860, 0x4041, 0x0842, 0x0842, 0x0842, 0x0842, 0x0842, 0x0842, 0x0842, 0x0842, 0x0842,
    0x0842, 0x0842, 0x0842, 0x0842, 0x0842, 0x0842, 0x0842, 0x0842, 0x0842, 0x0842, 0x0842, 0x0842,
    0x0842, 0x0842, 0x0842, 0x0842, 0x0842, 0x0842, 0x0842, 0x0842, 0x0842, 0x0842, 0x0842, 0x0842,
    0x0842, 0x1041, 0x9041, 0xe080, 0xf0a1, 0xf0c1, 0xf040, 0xf144, 0xf699, 0xfbce, 0xf044, 0xe003,
    0xb002, 0x9003, 0x7803, 0x2800, 0x1800, 0x1800, 0x1000, 0x1000, 0x0800, 0x0800, 0x0800, 0x0800,
    0x0000, 0x2800, 0xa002, 0xb002, 0xa002, 0x9802, 0x8803, 0x8003, 0x7803, 0x7003, 0x7003, 0x6003,
    0x6003, 0x5803, 0x5003, 0x4803, 0x4003, 0x3803, 0x3803, 0x3004, 0x3004, 0x3004, 0x1802, 0x0000,
    0x0000, 0x0000, 0x0000, 0x0000, 0x0000, 0x0000, 0x0000, 0x0000, 0x0000, 0x0000, 0x0000, 0x0000,
    0x0000, 0x0000, 0x0000, 0x0000, 0x0000, 0x0000, 0x0000, 0x0000, 0x0000, 0x0000, 0x0000, 0x0000,
    0x0000, 0x0000, 0x0000, 0x0000, 0x0000, 0x0000, 0x0000, 0x0000, 0x0000, 0x0000, 0x0000, 0x0000,
    0x0000, 0x0000, 0x0000, 0x0000, 0x0000, 0x0000, 0x0000, 0x0000, 0x0000, 0x2063, 0xc211, 0xda12,
    0xd1d1, 0xd1f1, 0xd1f1, 0xd9f0, 0xd9f0, 0xe1f0, 0xe1f0, 0xe9ef, 0xe9ef, 0xe9ce, 0xf1ce, 0xf1cd,
    0xf9ee, 0xf22e, 0x40a4, 0x0000, 0x0800, 0x0800, 0x9128, 0xf1ef, 0xe9ce, 0xe9ce, 0xe9cd, 0xe9ad,
    0xe9ad, 0xe9ad, 0xe9ad, 0xf1ad, 0xf1ac, 0xf1ac, 0xf18c, 0xf18c, 0xf9ac, 0xf1cc, 0x70a4, 0x1000,
    0x1800, 0x1800, 0x98e6, 0xf1cc, 0xf1ac, 0xf18b, 0xf18b, 0xf18b, 0xf18a, 0xf16a, 0xf169, 0xf169,
    0xf189, 0xf168, 0xf168, 0xf188, 0xf988, 0xe987, 0x5062, 0x2000, 0x2000, 0x3000, 0xc105, 0xf968,
    0xf967, 0xf167, 0xf167, 0xf167, 0xf147, 0xf147, 0xf147, 0xf147, 0xf146, 0xf146, 0xf146, 0xf166,
    0xf987, 0xc125, 0x3000, 0x2000, 0x2800, 0x6841, 0xe945, 0xf945, 0xf145, 0xf145, 0xf145, 0xf145,
    0xf145, 0xf125, 0xf125, 0xf145, 0xf125, 0xf125, 0xf125, 0xf125, 0xf145, 0xf945, 0xf145, 0x7861,
    0x2800, 0x2000, 0x2000, 0x2000, 0x2000, 0x2800, 0x2800, 0x3800, 0x5020, 0x8060, 0xa8c1, 0xc961,
    0xea22, 0xfae3, 0xfb43, 0xfb83, 0xfb63, 0xfba3, 0xfb82, 0xb0c0, 0x6000, 0x6800, 0xb040, 0xf2a1,
    0xfc23, 0xf402, 0xfc42, 0xfbc2, 0xc8e0, 0x6000, 0x3800, 0x2800, 0x2800, 0x2800, 0x3800, 0x8020,
    0xe2a1, 0xfc83, 0xf443, 0xf443, 0xfc83, 0xf302, 0x9020, 0x4000, 0x2800, 0x2800, 0x2800, 0x3800,
    0x5800, 0xa860, 0xf322, 0xfc03, 0xf3a3, 0xfbc3, 0xfb22, 0xc080, 0x7800, 0x5800, 0x5800, 0xa0c0,
    0xf362, 0xfc03, 0xfb83, 0xfae3, 0xea02, 0xd121, 0xa880, 0x8020, 0x6000, 0x4000, 0x3000, 0x2800,
    0x2000, 0x1800, 0x1800, 0x1800, 0x1000, 0x1000, 0x1800, 0x1000, 0x1800, 0x5803, 0x7004, 0x8804,
    0xe024, 0xf844, 0xf229, 0xfeb9, 0xf2aa, 0xf020, 0xf0c1, 0xf0c1, 0xf8a1, 0xd860, 0x4041, 0x0842,
    0x0842, 0x0842, 0x0842, 0x0842, 0x0842, 0x0842, 0x0842, 0x0842, 0x0842, 0x0842, 0x0842, 0x0842,
    0x0842, 0x0842, 0x0842, 0x0842, 0x0842, 0x0842, 0x0842, 0x0842, 0x0842, 0x0842, 0x0842, 0x0842,
    0x0842, 0x0842, 0x0842, 0x0842, 0x0842, 0x0842, 0x0842, 0x0842, 0x0842, 0x1041, 0x8841, 0xe060,
    0xf0a1, 0xf0c1, 0xf060, 0xf144, 0xfe99, 0xfbce, 0xf024, 0xe003, 0xb002, 0x9803, 0x7803, 0x2800,
    0x1800, 0x1800, 0x1000, 0x1000, 0x0800, 0x0800, 0x0800, 0x0800, 0x0800, 0x0000, 0x1000, 0x2800,
    0x2000, 0x2000, 0x1800, 0x1801, 0x1801, 0x1801, 0x1801, 0x1001, 0x1001, 0x1001, 0x1001, 0x1001,
    0x0801, 0x0801, 0x0801, 0x0801, 0x0801, 0x0801, 0x0000, 0x0000, 0x0000, 0x0000, 0x0000, 0x0000,
    0x0000, 0x0000, 0x0000, 0x0000, 0x0000, 0x0000, 0x0000, 0x0000, 0x0000, 0x0000, 0x0000, 0x0000,
    0x0000, 0x0000, 0x0000, 0x0000, 0x0000, 0x0000, 0x0000, 0x0000, 0x0000, 0x0000, 0x0000, 0x0000,
    0x0000, 0x0000, 0x0000, 0x0000, 0x0000, 0x0000, 0x0000, 0x0000, 0x0000, 0x0000, 0x0020, 0x0000,
    0x0000, 0x0000, 0x0000, 0x0000, 0x0000, 0x2863, 0xb1d0, 0xc9d2, 0xc9d1, 0xc9f1, 0xd1f1, 0xd1f1,
    0xd9f1, 0xd9f1, 0xd9f0, 0xe1f0, 0xe1f0, 0xe1ef, 0xe9ef, 0xe9ee, 0xf1ee, 0xe9ed, 0x4084, 0x0000,
    0x0800, 0x0800, 0x8929, 0xe9f0, 0xe1cf, 0xe1ae, 0xe1ce, 0xe1ae, 0xe9ae, 0xe9ae, 0xe9ad, 0xe9ad,
    0xe9ad, 0xe98d, 0xe98c, 0xf18c, 0xf1ac, 0xf1cc, 0x68a4, 0x1000, 0x1800, 0x1800, 0x98e7, 0xf1cc,
    0xf1ac, 0xf18c, 0xe98b, 0xf18b, 0xf16b, 0xf16a, 0xf16a, 0xf149, 0xf169, 0xf169, 0xf148, 0xf168,
    0xf988, 0xe967, 0x5042, 0x1800, 0x1800, 0x3000, 0xc106, 0xf968, 0xf148, 0xf168, 0xf167, 0xf147,
    0xf147, 0xf147, 0xf147, 0xf147, 0xf147, 0xf146, 0xf146, 0xf146, 0xf967, 0xc105, 0x3000, 0x2000,
    0x2800, 0x6841, 0xe925, 0xf925, 0xf125, 0xf125, 0xf125, 0xf125, 0xf125, 0xf125, 0xf125, 0xf125,
    0xf125, 0xf105, 0xf105, 0xf105, 0xf125, 0xf925, 0xf145, 0x7861, 0x2800, 0x2000, 0x2000, 0x2000,
    0x2800, 0x2800, 0x4800, 0x9080, 0xc141, 0xea03, 0xfa84, 0xfac4, 0xfae4, 0xfae3, 0xf303, 0xfb43,
    0xfb63, 0xfb83, 0xf2e2, 0xa880, 0x7000, 0x9000, 0xe181, 0xfba2, 0xf3a2, 0xf3c2, 0xfc22, 0xe9e1,
    0x8800, 0x4000, 0x3000, 0x2000, 0x2000, 0x2000, 0x3000, 0x6800, 0xda41, 0xfc43, 0xf423, 0xf423,
    0xfc63, 0xeaa1, 0x8820, 0x3800, 0x2800, 0x2000, 0x2000, 0x2800, 0x4000, 0x7000, 0xc920, 0xfba2,
    0xfba3, 0xfb63, 0xfb83, 0xea02, 0xa020, 0x7000, 0x7800, 0xc920, 0xfbe2, 0xfba3, 0xf323, 0xfb03,
    0xfae3, 0xfaa3, 0xfa23, 0xe182, 0xc0c1, 0x9840, 0x7020, 0x4000, 0x2800, 0x2000, 0x1800, 0x1800,
    0x1000, 0x1000, 0x1800, 0x1000, 0x1800, 0x5803, 0x7004, 0x8804, 0xe004, 0xf824, 0xfa29, 0xfeb9,
    0xf2aa, 0xf020, 0xf0c1, 0xf0c1, 0xf8a1, 0xe060, 0x4841, 0x0842, 0x0842, 0x0842, 0x0842, 0x0842,
    0x0842, 0x0842, 0x0842, 0x0842, 0x0842, 0x0842, 0x0842, 0x0842, 0x0842, 0x0842, 0x0842, 0x0842,
    0x0842, 0x0842, 0x0842, 0x0842, 0x0842, 0x0842, 0x0842, 0x0842, 0x0842, 0x0842, 0x0842, 0x0842,
    0x0842, 0x0842, 0x0842, 0x0842, 0x0842, 0x1041, 0x8841, 0xe060, 0xe8a1, 0xf0c1, 0xf060, 0xf144,
    0xf699, 0xfbae, 0xf024, 0xe003, 0xb002, 0x9803, 0x8003, 0x2800, 0x1800, 0x1800, 0x1000, 0x1000,
    0x1000, 0x0800, 0x0800, 0x0800, 0x0800, 0x0800, 0x0000, 0x0000, 0x0000, 0x0000, 0x0000, 0x0000,
    0x0000, 0x0000, 0x0000, 0x0000, 0x0000, 0x0000, 0x0000, 0x0000, 0x0000, 0x0000, 0x0000, 0x0000,
    0x0000, 0x0000, 0x0000, 0x0000, 0x0000, 0x0000, 0x0000, 0x0000, 0x0000, 0x0000, 0x0000, 0x0000,
    0x0000, 0x0000, 0x0000, 0x0000, 0x0000, 0x0000, 0x0000, 0x0000, 0x0000, 0x0000, 0x0000, 0x0000,
    0x0000, 0x0000, 0x0000, 0x0000, 0x0000, 0x0000, 0x2884, 0x4909, 0x5109, 0x5109, 0x5129, 0x5129,
    0x5129, 0x5129, 0x5109, 0x5129, 0x5929, 0x5949, 0x6169, 0x5128, 0x2083, 0x0000, 0x0000, 0x0800,
    0x0000, 0x2043, 0xa9b0, 0xc1f2, 0xc1f2, 0xc1f2, 0xc9f2, 0xc9f2, 0xd1f1, 0xd1f1, 0xd1f0, 0xd9f0,
    0xd9d0, 0xd9cf, 0xe1ef, 0xe1ef, 0xe9ef, 0xe1ce, 0x4084, 0x0000, 0x0800, 0x0800, 0x8929, 0xe1f0,
    0xd9cf, 0xd9cf, 0xd9cf, 0xe1ce, 0xe1ae, 0xe1ae, 0xe1ae, 0xe1ad, 0xe98d, 0xe9ad, 0xe9ad, 0xe9ad,
    0xf1ad, 0xf1ac, 0x68a4, 0x1000, 0x1000, 0x1800, 0x90e7, 0xf1ad, 0xe9ac, 0xe98c, 0xe98c, 0xe98b,
    0xe96b, 0xf16b, 0xf16a, 0xf14a, 0xf149, 0xf149, 0xf149, 0xf148, 0xf968, 0xe968, 0x5041, 0x1800,
    0x1800, 0x2800, 0xc0e6, 0xf948, 0xf148, 0xf148, 0xf148, 0xf148, 0xf147, 0xf147, 0xf147, 0xf147,
    0xf147, 0xf147, 0xf146, 0xf946, 0xf967, 0xc105, 0x3000, 0x2000, 0x2800, 0x6841, 0xe925, 0xf905,
    0xf105, 0xf105, 0xf105, 0xf105, 0xf105, 0xf105, 0xf105, 0xf105, 0xf105, 0xf105, 0xf0e5, 0xf105,
    0xf105, 0xf926, 0xf125, 0x7841, 0x2800, 0x2000, 0x2000, 0x2000, 0x2800, 0x3800, 0x9080, 0xf1e3,
    0xfa44, 0xfa64, 0xfa44, 0xfa84, 0xfaa4, 0xfae4, 0xfb03, 0xfb03, 0xf2c2, 0xe222, 0xb8e0, 0x8000,
    0x8000, 0xc8c0, 0xfb02, 0xfb82, 0xf382, 0xfbc2, 0xf2c1, 0xb040, 0x5800, 0x3800, 0x2000, 0x1800,
    0x1800, 0x2000, 0x2000, 0x5800, 0xd201, 0xfc63, 0xf423, 0xf423, 0xfc63, 0xea81, 0x7820, 0x3800,
    0x2000, 0x2000, 0x2000, 0x2000, 0x3000, 0x4800, 0x8800, 0xe1e1, 0xfb83, 0xf343, 0xf323, 0xfb03,
    0xd901, 0x9800, 0x8000, 0xa860, 0xea21, 0xfb22, 0xfb23, 0xfae3, 0xfaa3, 0xfa83, 0xfa64, 0xfa24,
    0xfa04, 0xf983, 0xe102, 0x9840, 0x4000, 0x2000, 0x1800, 0x1800, 0x1000, 0x1000, 0x1800, 0x1000,
    0x1800, 0x5803, 0x7004, 0x8804, 0xe004, 0xf824, 0xf228, 0xfeb9, 0xf2aa, 0xf020, 0xf0c1, 0xf0e1,
    0xf8a1, 0xe060, 0x4841, 0x0842, 0x0842, 0x0842, 0x0842, 0x0842, 0x0842, 0x0842, 0x0842, 0x0842,
    0x0842, 0x0842, 0x0842, 0x0842, 0x0842, 0x0842, 0x0842, 0x0842, 0x0842, 0x0842, 0x0842, 0x0842,
    0x0842, 0x0842, 0x0842, 0x0842, 0x0842, 0x0842, 0x0842, 0x0842, 0x0842, 0x0842, 0x0842, 0x0842,
    0x0842, 0x1041, 0x8041, 0xe080, 0xf0a1, 0xf0c1, 0xf060, 0xf144, 0xf699, 0xf3ae, 0xf024, 0xe003,
    0xb002, 0x9803, 0x8003, 0x2800, 0x1800, 0x1800, 0x1000, 0x1000, 0x1000, 0x0800, 0x0800, 0x0800,
    0x0800, 0x0800, 0x0800, 0x0000, 0x0000, 0x0000, 0x0000, 0x0000, 0x0000, 0x0000, 0x0000, 0x0000,
    0x0000, 0x0000, 0x0000, 0x0000, 0x0000, 0x0000, 0x0000, 0x0000, 0x0000, 0x0000, 0x0000, 0x0000,
    0x0000, 0x0000, 0x0000, 0x0000, 0x0000, 0x0000, 0x0000, 0x0000, 0x0000, 0x0000, 0x0000, 0x0000,
    0x0000, 0x0000, 0x0000, 0x0000, 0x0000, 0x0000, 0x0000, 0x0000, 0x0000, 0x0000, 0x0000, 0x0000,
    0x0000, 0x30a6, 0x99f3, 0xb236, 0xb235, 0xb235, 0xba55, 0xba55, 0xc255, 0xc235, 0xc234, 0xca34,
    0xd254, 0xd274, 0xda74, 0xe274, 0xba30, 0x30c5, 0x0000, 0x0000, 0x0000, 0x2043, 0xa1d0, 0xba13,
    0xb9f2, 0xc1f2, 0xc1f2, 0xc1f1, 0xc9f1, 0xc9f1, 0xc9f1, 0xd1d0, 0xd1d0, 0xd1cf, 0xd1cf, 0xd9ef,
    0xe1ef, 0xd9ce, 0x4084, 0x0000, 0x0800, 0x0800, 0x8129, 0xd9f0, 0xd1cf, 0xd1af, 0xd1af, 0xd9af,
    0xd9ae, 0xd9ae, 0xd9ae, 0xe1ae, 0xe1ae, 0xe18d, 0xe18d, 0xe18d, 0xe9ac, 0xf1ac, 0x68a4, 0x1000,
    0x1000, 0x1000, 0x88e7, 0xe98d, 0xe98c, 0xe16c, 0xe16c, 0xe96c, 0xe96b, 0xe96b, 0xe94b, 0xe94b,
    0xf14a, 0xf149, 0xf149, 0xf149, 0xf948, 0xe148, 0x4841, 0x1800, 0x1800, 0x2800, 0xb8e6, 0xf149,
    0xe948, 0xe948, 0xf148, 0xf148, 0xf148, 0xf148, 0xf147, 0xf147, 0xf147, 0xf147, 0xf147, 0xf147,
    0xf947, 0xc105, 0x3000, 0x2000, 0x2000, 0x6041, 0xe905, 0xf905, 0xf0e5, 0xf0e5, 0xf0e5, 0xf0e5,
    0xf0e5, 0xf0e5, 0xf0e5, 0xf0e5, 0xf0e5, 0xf0e5, 0xf0e5, 0xf0e5, 0xf0e5, 0xf905, 0xf105, 0x7041,
    0x2800, 0x2000, 0x2000, 0x2000, 0x2800, 0x4000, 0xb8c1, 0xfa04, 0xfa24, 0xfa44, 0xfa64, 0xfa64,
    0xfa43, 0xf223, 0xe1a2, 0xc921, 0xa860, 0x8800, 0x7000, 0x7800, 0xa820, 0xf221, 0xfb63, 0xf343,
    0xfb83, 0xfb42, 0xc8e0, 0x6800, 0x4000, 0x2800, 0x2000, 0x1800, 0x1800, 0x1800, 0x2000, 0x4000,
    0xb941, 0xfc23, 0xfc63, 0xfc43, 0xfc22, 0xd1c1, 0x6000, 0x3000, 0x2000, 0x1800, 0x1800, 0x2000,
    0x2000, 0x3000, 0x5800, 0xa860, 0xf2a2, 0xfb23, 0xf2e3, 0xfb03, 0xfa62, 0xc860, 0x8800, 0x7800,
    0x9800, 0xc8e0, 0xe1c1, 0xf263, 0xfa83, 0xfa84, 0xfa44, 0xfa04, 0xf9c4, 0xf984, 0xf9a4, 0xf123,
    0x7820, 0x2800, 0x1800, 0x1800, 0x1800, 0x1800, 0x1800, 0x1000, 0x2000, 0x5803, 0x7004, 0x8804,
    0xe004, 0xf824, 0xfa08, 0xfeb9, 0xf2aa, 0xf020, 0xf0c1, 0xf0c1, 0xf8a1, 0xe060, 0x4841, 0x0842,
    0x0842, 0x0842, 0x0842, 0x0842, 0x0842, 0x0842, 0x0842, 0x0842, 0x0842, 0x0842, 0x0842, 0x0842,
    0x0842, 0x0842, 0x0842, 0x0842, 0x0842, 0x0842, 0x0842, 0x0842, 0x0842, 0x0842, 0x0842, 0x0842,
    0x0842, 0x0842, 0x0842, 0x0842, 0x0842, 0x0842, 0x0842, 0x0842, 0x0842, 0x1041, 0x8040, 0xe060,
    0xf0a1, 0xf0c1, 0xf060, 0xf144, 0xfe99, 0xfbae, 0xf024, 0xe803, 0xb002, 0x9803, 0x8003, 0x2800,
    0x1800, 0x1800, 0x1000, 0x1000, 0x1000, 0x0800, 0x0800, 0x0800, 0x0800, 0x0800, 0x0800, 0x0000,
    0x0000, 0x0000, 0x0000, 0x0000, 0x0000, 0x0000, 0x0000, 0x0000, 0x0000, 0x0000, 0x0000, 0x0000,
    0x0000, 0x0000, 0x0000, 0x0000, 0x0000, 0x0000, 0x0000, 0x0000, 0x0000, 0x0000, 0x0000, 0x0000,
    0x0000, 0x0000, 0x0000, 0x0000, 0x0000, 0x0000, 0x0000, 0x0000, 0x0000, 0x0000, 0x0000, 0x0000,
    0x0000, 0x0000, 0x0000, 0x0000, 0x0000, 0x0000, 0x0000, 0x0000, 0x0000, 0x694e, 0xaa36, 0x99f3,
    0x91d3, 0x99d3, 0x99d3, 0xa1d3, 0xa1d2, 0xa9d2, 0xa9d2, 0xb1d2, 0xb1d2, 0xb9d1, 0xb9d1, 0xc9d1,
    0xea53, 0x898c, 0x0800, 0x0000, 0x0000, 0x2063, 0xa1d1, 0xba13, 0xb212, 0xb1f2, 0xb9f2, 0xb9f1,
    0xb9f1, 0xc1f1, 0xc1f1, 0xc9d1, 0xc9d0, 0xc9d0, 0xd1cf, 0xd1ef, 0xd9f0, 0xd9ce, 0x4064, 0x0000,
    0x0000, 0x0800, 0x8129, 0xd1f0, 0xc9cf, 0xc9af, 0xd1af, 0xd1af, 0xd1af, 0xd1af, 0xd9ae, 0xd9ae,
    0xd9ae, 0xd98e, 0xd98d, 0xd9ad, 0xe1ad, 0xe9ac, 0x6084, 0x0800, 0x1000, 0x1000, 0x88c7, 0xe98d,
    0xe16c, 0xe16c, 0xe16c, 0xe16c, 0xe16b, 0xe94b, 0xe94b, 0xe94b, 0xe94a, 0xe94a, 0xe949, 0xf149,
    0xf949, 0xe128, 0x4842, 0x1000, 0x1800, 0x2800, 0xb8e6, 0xf149, 0xe928, 0xe948, 0xe948, 0xe948,
    0xf148, 0xf128, 0xf128, 0xf127, 0xf127, 0xf127, 0xf127, 0xf127, 0xf947, 0xc0e5, 0x2800, 0x1800,
    0x2000, 0x6041, 0xe8e5, 0xf8e5, 0xf0e5, 0xf0e5, 0xf0e5, 0xf0e5, 0xf0e5, 0xf0e5, 0xf0e5, 0xf0e5,
    0xf0e5, 0xf0c5, 0xf0e5, 0xf0e5, 0xf0e5, 0xf8e5, 0xf0e5, 0x7041, 0x2800, 0x2000, 0x2000, 0x2000,
    0x2800, 0x3800, 0x8040, 0xe163, 0xfa04, 0xfa24, 0xe9c3, 0xd942, 0xc0c1, 0xa040, 0x8800, 0x6800,
    0x6000, 0x6000, 0x7000, 0xa000, 0xe141, 0xfae3, 0xf303, 0xf343, 0xfb63, 0xe1a1, 0x8800, 0x4000,
    0x2800, 0x2000, 0x1800, 0x1800, 0x1800, 0x1800, 0x2000, 0x3800, 0x7820, 0xd1e1, 0xeb62, 0xeb62,
    0xda41, 0x8840, 0x4000, 0x2800, 0x2000, 0x1800, 0x1800, 0x1800, 0x2000, 0x2800, 0x4000, 0x6800,
    0xc901, 0xfae3, 0xfac3, 0xfaa3, 0xfac3, 0xe981, 0xa000, 0x7800, 0x6800, 0x7000, 0x8800, 0xa840,
    0xc901, 0xd962, 0xe983, 0xf9a3, 0xf9a4, 0xf964, 0xf965, 0xf944, 0x9020, 0x3000, 0x1800, 0x1800,
    0x1800, 0x1800, 0x1800, 0x1000, 0x1800, 0x5803, 0x7004, 0x8804, 0xe004, 0xf824, 0xf209, 0xfeb9,
    0xf2ab, 0xf020, 0xf0c1, 0xf0c1, 0xf081, 0xd840, 0x4841, 0x0842, 0x0842, 0x0842, 0x0842, 0x0842,
    0x0842, 0x0842, 0x0842, 0x0842, 0x0842, 0x0842, 0x0842, 0x0842, 0x0842, 0x0842, 0x0842, 0x0842,
    0x0842, 0x0842, 0x0842, 0x0842, 0x0842, 0x0842, 0x0842, 0x0842, 0x0842, 0x0842, 0x0842, 0x0842,
    0x0842, 0x0842, 0x0842, 0x0842, 0x0842, 0x1041, 0x8840, 0xe080, 0xf0a1, 0xf0c1, 0xf060, 0xf144,
    0xfe99, 0xfbae, 0xf824, 0xe803, 0xb002, 0x9803, 0x8003, 0x2800, 0x1800, 0x1800, 0x1000, 0x1000,
    0x1000, 0x0800, 0x0800, 0x0800, 0x0800, 0x0800, 0x0800, 0x0000, 0x0000, 0x0000, 0x0000, 0x0000,
    0x0000, 0x0000, 0x0000, 0x0000, 0x0000, 0x0000, 0x0000, 0x0000, 0x0000, 0x0000, 0x0000, 0x0000,
    0x0000, 0x0000, 0x0000, 0x0000, 0x0000, 0x0000, 0x0000, 0x0000, 0x0000, 0x0000, 0x0000, 0x0000,
    0x0000, 0x0000, 0x0000, 0x0000, 0x0000, 0x0000, 0x0000, 0x0000, 0x0000, 0x0000, 0x0000, 0x0000,
    0x0000, 0x0000, 0x0000, 0x0000, 0x0000, 0x614e, 0x9214, 0x91f4, 0x91f3, 0x91f3, 0x91f3, 0x99f3,
    0x99f3, 0x99f2, 0xa1f2, 0xa1f2, 0xa9f2, 0xa9f2, 0xb1d1, 0xb9f1, 0xd212, 0x916c, 0x0800, 0x0000,
    0x0000, 0x1863, 0x91d1, 0xaa13, 0xa9f2, 0xa9f2, 0xb1f2, 0xb1f1, 0xb1f1, 0xb9f1, 0xb9f1, 0xc1f1,
    0xc1f0, 0xc1d0, 0xc9d0, 0xc9cf, 0xd1f0, 0xd1cf, 0x4084, 0x0000, 0x0000, 0x0800, 0x792a, 0xc9f1,
    0xc1d0, 0xc1cf, 0xc9af, 0xc9af, 0xc9af, 0xc9af, 0xd1af, 0xd18e, 0xd1ae, 0xd18e, 0xd18e, 0xd1ad,
    0xd9ad, 0xe1ad, 0x6085, 0x0800, 0x0800, 0x1000, 0x80c7, 0xe16d, 0xd96c, 0xd96c, 0xd94c, 0xd94c,
    0xd94c, 0xe14b, 0xe14b, 0xe14b, 0xe14a, 0xe14a, 0xe94a, 0xe949, 0xf149, 0xe128, 0x4842, 0x1000,
    0x1000, 0x2800, 0xb0e6, 0xe949, 0xe129, 0xe148, 0xe948, 0xe948, 0xe928, 0xe928, 0xe928, 0xf128,
    0xf127, 0xf127, 0xf127, 0xf127, 0xf927, 0xc0c5, 0x2800, 0x1800, 0x2000, 0x6021, 0xe8c5, 0xf8e5,
    0xf0c5, 0xf0c5, 0xf0c5, 0xf0c5, 0xf0c5, 0xf0c5, 0xf0c5, 0xf0c5, 0xf0c5, 0xf0c5, 0xf0c5, 0xf0c5,
    0xf0c5, 0xf8e5, 0xf0c5, 0x7021, 0x2800, 0x2000, 0x2000, 0x2000, 0x2000, 0x2800, 0x4000, 0x8040,
    0xb8e1, 0xb8c1, 0x9040, 0x6800, 0x5000, 0x4800, 0x4800, 0x4800, 0x5000, 0x6000, 0x8800, 0xd080,
    0xfa82, 0xfac3, 0xf2c3, 0xfb23, 0xf262, 0xa840, 0x5800, 0x3000, 0x2000, 0x1800, 0x1800, 0x1000,
    0x1800, 0x1800, 0x2000, 0x3000, 0x4800, 0x7800, 0xb040, 0xb840, 0x9000, 0x5800, 0x4000, 0x2800,
    0x2000, 0x1800, 0x1000, 0x1800, 0x1800, 0x2000, 0x2800, 0x4800, 0x8800, 0xe9a1, 0xfae3, 0xfa83,
    0xfa83, 0xfa63, 0xd0c1, 0x9000, 0x7000, 0x5800, 0x5000, 0x5000, 0x5800, 0x7000, 0x9820, 0xc081,
    0xe0e2, 0xe924, 0xe924, 0xc8a2, 0x5800, 0x2800, 0x1800, 0x1800, 0x1000, 0x1000, 0x1800, 0x1000,
    0x1800, 0x5803, 0x7004, 0x8804, 0xe003, 0xf803, 0xf1e8, 0xfeb9, 0xfaab, 0xf020, 0xf0c1, 0xf0c1,
    0xf081, 0xd060, 0x4041, 0x0842, 0x0842, 0x0842, 0x0842, 0x0842, 0x0842, 0x0842, 0x0842, 0x0842,
    0x0842, 0x0842, 0x0842, 0x0842, 0x0842, 0x0842, 0x0842, 0x0842, 0x0842, 0x0842, 0x0842, 0x0842,
    0x0842, 0x0842, 0x0842, 0x0842, 0x0842, 0x0842, 0x0842, 0x0842, 0x0842, 0x0842, 0x0842, 0x0842,
    0x0842, 0x1041, 0x8840, 0xe060, 0xf0a1, 0xf0c1, 0xf060, 0xf144, 0xfe99, 0xfbad, 0xf824, 0xe803,
    0xb002, 0x9003, 0x8003, 0x2800, 0x1800, 0x1800, 0x1800, 0x1000, 0x1000, 0x0800, 0x0800, 0x0800,
    0x0800, 0x0800, 0x0800, 0x0000, 0x0000, 0x0000, 0x0000, 0x0000, 0x0000, 0x0000, 0x0000, 0x0000,
    0x0000, 0x0000, 0x0000, 0x0000, 0x0000, 0x0000, 0x0000, 0x0000, 0x0000, 0x0000, 0x0000, 0x0000,
    0x0000, 0x0000, 0x0000, 0x0000, 0x0000, 0x0000, 0x1043, 0x2064, 0x2064, 0x2064, 0x2085, 0x2084,
    0x2084, 0x2084, 0x2084, 0x2064, 0x2064, 0x2084, 0x2084, 0x1863, 0x0000, 0x0000, 0x0000, 0x0000,
    0x0000, 0x616e, 0x9215, 0x8a13, 0x89f3, 0x89f3, 0x91f3, 0x91f3, 0x91f3, 0x91f2, 0x99f2, 0x99f2,
    0xa1f2, 0xa1d2, 0xa9d1, 0xb1f1, 0xc1f2, 0x814b, 0x0800, 0x0000, 0x0000, 0x1843, 0x89d1, 0x99f3,
    0x99f2, 0xa1f2, 0xa1f2, 0xa9f1, 0xa9f1, 0xb1f1, 0xb1f1, 0xb9f1, 0xb9d1, 0xb9d0, 0xc1d0, 0xc1d0,
    0xc9d0, 0xc9af, 0x3864, 0x0000, 0x0000, 0x0800, 0x712a, 0xc1f1, 0xb9d0, 0xb9af, 0xc1af, 0xc1af,
    0xc1af, 0xc98f, 0xc98e, 0xc98e, 0xc98e, 0xc98e, 0xd18e, 0xd18d, 0xd1ad, 0xd9ad, 0x60a5, 0x0800,
    0x0800, 0x1000, 0x80c7, 0xd96d, 0xd16c, 0xd14c, 0xd14c, 0xd14c, 0xd94c, 0xd94b, 0xd94b, 0xe14b,
    0xe14b, 0xe14b, 0xe14a, 0xe14a, 0xf14a, 0xe128, 0x4042, 0x1000, 0x1000, 0x2000, 0xb0e7, 0xe949,
    0xe149, 0xe149, 0xe129, 0xe128, 0xe928, 0xe928, 0xe928, 0xe928, 0xe907, 0xe907, 0xe907, 0xf107,
    0xf927, 0xb8c5, 0x2800, 0x1800, 0x2000, 0x5821, 0xe8c5, 0xf8c5, 0xf0c5, 0xf0c5, 0xf0c5, 0xf0a5,
    0xf0a5, 0xf0a5, 0xf0a5, 0xf0a5, 0xf0a5, 0xf0a5, 0xf0a5, 0xf0a5, 0xf0c5, 0xf8c5, 0xf0c5, 0x6821,
    0x2000, 0x2000, 0x2000, 0x1800, 0x1800, 0x2000, 0x2800, 0x3000, 0x4000, 0x4000, 0x3800, 0x3000,
    0x3000, 0x3000, 0x3000, 0x3800, 0x4800, 0x6800, 0xa820, 0xf1a2, 0xfaa3, 0xf283, 0xfac3, 0xfac3,
    0xc8c0, 0x7000, 0x3800, 0x2800, 0x2000, 0x1800, 0x1000, 0x1000, 0x1800, 0x2000, 0x2800, 0x3800,
    0x6000, 0x9080, 0xb900, 0xc120, 0xa8a0, 0x7000, 0x4800, 0x3000, 0x2000, 0x1800, 0x1000, 0x1000,
    0x1800, 0x1800, 0x2000, 0x3800, 0x6000, 0xb060, 0xf222, 0xfa83, 0xf243, 0xfa64, 0xf1e3, 0xc040,
    0x7800, 0x5800, 0x4000, 0x3800, 0x3000, 0x3000, 0x3800, 0x5000, 0x7000, 0x8820, 0x9040, 0x6000,
    0x3000, 0x2000, 0x1800, 0x1800, 0x1000, 0x1000, 0x1800, 0x1000, 0x1800, 0x5803, 0x7004, 0x8804,
    0xe003, 0xf803, 0xf1c8, 0xfe98, 0xf2ab, 0xf020, 0xf0c1, 0xf0a1, 0xf081, 0xd060, 0x4041, 0x0842,
    0x0842, 0x0842, 0x0842, 0x0842, 0x0842, 0x0842, 0x0842, 0x0842, 0x0842, 0x0842, 0x0842, 0x0842,
    0x0842, 0x0842, 0x0842, 0x0842, 0x0842, 0x0842, 0x0842, 0x0842, 0x0842, 0x0842, 0x0842, 0x0842,
    0x0842, 0x0842, 0x0842, 0x0842, 0x0842, 0x0842, 0x0842, 0x0842, 0x0842, 0x1041, 0x8841, 0xe060,
    0xf0a1, 0xf0c1, 0xf060, 0xf124, 0xf678, 0xfbad, 0xf024, 0xe803, 0xb002, 0x9803, 0x7803, 0x2800,
    0x1800, 0x1800, 0x1800, 0x1000, 0x1000, 0x1000, 0x0800, 0x0800, 0x0800, 0x0800, 0x0800, 0x0800,
    0x0000, 0x0000, 0x0000, 0x0000, 0x0000, 0x0000, 0x0000, 0x0000, 0x0000, 0x0000, 0x0000, 0x0000,
    0x0000, 0x0000, 0x0000, 0x0000, 0x0000, 0x0000, 0x0000, 0x0000, 0x0000, 0x0000, 0x0000, 0x0000,
    0x0000, 0x28c7, 0x69d1, 0x79f3, 0x79f3, 0x79f3, 0x81f3, 0x81f3, 0x81f2, 0x81f3, 0x81f3, 0x89f2,
    0x89f2, 0x9213, 0x9a34, 0x9231, 0x38e6, 0x0000, 0x0000, 0x0000, 0x0000, 0x596e, 0x8a35, 0x8214,
    0x81f3, 0x89f3, 0x89f3, 0x89f3, 0x89f3, 0x91f2, 0x91f2, 0x91f2, 0x91f2, 0x99f2, 0x99d2, 0xa1d2,
    0xb1f2, 0x794b, 0x0800, 0x0000, 0x0000, 0x1863, 0x81b0, 0x91f2, 0x91f2, 0x91f2, 0x99f1, 0xa1f1,
    0xa1f1, 0xa9f1, 0xa9f1, 0xb1f1, 0xb1d1, 0xb1d0, 0xb9d0, 0xb9d0, 0xc1d0, 0xc1af, 0x3864, 0x0000,
    0x0000, 0x0800, 0x712a, 0xb9f1, 0xb9d0, 0xb1b0, 0xb9af, 0xb9af, 0xb9af, 0xc18f, 0xc18e, 0xc18e,
    0xc18e, 0xc18e, 0xc98e, 0xc98d, 0xd18e, 0xd1ae, 0x58a5, 0x0800, 0x0800, 0x0800, 0x78c7, 0xd16d,
    0xc96d, 0xc94c, 0xd14c, 0xd14c, 0xd14c, 0xd14b, 0xd94b, 0xd94b, 0xd94b, 0xd94b, 0xe14a, 0xe14a,
    0xe94a, 0xe129, 0x4042, 0x1000, 0x1000, 0x2000, 0xa8e7, 0xe149, 0xd949, 0xd949, 0xd929, 0xe129,
    0xe129, 0xe128, 0xe128, 0xe928, 0xe908, 0xe908, 0xe907, 0xe907, 0xf928, 0xb8c5, 0x2000, 0x1800,
    0x2000, 0x6021, 0xe8a5, 0xf8c5, 0xf0a5, 0xf0a5, 0xf0a5, 0xf0a5, 0xf0a4, 0xf0a5, 0xf0a5, 0xf0a5,
    0xf0a5, 0xf0a5, 0xf0a5, 0xf0a5, 0xf0a5, 0xf8a5, 0xf0a5, 0x6821, 0x2000, 0x2000, 0x1800, 0x1800,
    0x1800, 0x1800, 0x2000, 0x2000, 0x2000, 0x2000, 0x2000, 0x2000, 0x2000, 0x2800, 0x2800, 0x3800,
    0x5000, 0x8800, 0xd901, 0xfa63, 0xf243, 0xf263, 0xfaa3, 0xe961, 0x8800, 0x4800, 0x3000, 0x2000,
    0x1800, 0x1800, 0x1000, 0x1000, 0x1800, 0x2000, 0x2800, 0x4800, 0xa8c0, 0xf2c1, 0xfba2, 0xfbe2,
    0xfb22, 0xc120, 0x6800, 0x3800, 0x2000, 0x1800, 0x1000, 0x1000, 0x1000, 0x1800, 0x2000, 0x2800,
    0x4000, 0x7000, 0xd0e1, 0xfa63, 0xf243, 0xf224, 0xfa44, 0xe942, 0x9000, 0x5800, 0x3800, 0x2800,
    0x2800, 0x2800, 0x2800, 0x2800, 0x2800, 0x2800, 0x2800, 0x2000, 0x2000, 0x1800, 0x1800, 0x1000,
    0x1000, 0x1000, 0x1000, 0x1000, 0x1800, 0x5803, 0x7004, 0x8804, 0xe003, 0xf803, 0xf1a8, 0xfe78,
    0xf2ab, 0xf040, 0xf0c1, 0xf0a1, 0xf080, 0xd040, 0x4041, 0x0842, 0x0842, 0x0842, 0x0842, 0x0842,
    0x0842, 0x0842, 0x0842, 0x0842, 0x0842, 0x0842, 0x0842, 0x0842, 0x0842, 0x0842, 0x0842, 0x0842,
    0x0842, 0x0842, 0x0842, 0x0842, 0x0842, 0x0842, 0x0842, 0x0842, 0x0842, 0x0842, 0x0842, 0x0842,
    0x0842, 0x0842, 0x0842, 0x0842, 0x0842, 0x1041, 0x9041, 0xe060, 0xf0a0, 0xf0c1, 0xf060, 0xf124,
    0xf678, 0xf3ae, 0xf024, 0xe803, 0xb002, 0x9803, 0x7803, 0x2800, 0x1800, 0x1800, 0x1800, 0x1000,
    0x1000, 0x1000, 0x0800, 0x0800, 0x0800, 0x0800, 0x0800, 0x0800, 0x0800, 0x0000, 0x0000, 0x0000,
    0x0000, 0x0000, 0x0000, 0x0000, 0x0000, 0x0000, 0x0000, 0x0000, 0x0000, 0x0000, 0x0000, 0x0000,
    0x0000, 0x0000, 0x0000, 0x0000, 0x0000, 0x0000, 0x0000, 0x0000, 0x0822, 0x61b1, 0x7235, 0x7214,
    0x71f4, 0x71f3, 0x79d3, 0x79d3, 0x79d3, 0x81d4, 0x81d4, 0x81f4, 0x89f4, 0x89f4, 0x91f5, 0xaa77,
    0x9212, 0x1042, 0x0000, 0x0000, 0x0000, 0x596e, 0x8235, 0x8214, 0x81f3, 0x81f3, 0x81f3, 0x81f3,
    0x89d3, 0x89d3, 0x89f2, 0x89f2, 0x89d2, 0x91d2, 0x91d2, 0x99d2, 0xa1f2, 0x714c, 0x0000, 0x0000,
    0x0000, 0x1863, 0x79b0, 0x89f2, 0x89f2, 0x91f2, 0x91f2, 0x99f1, 0x99f1, 0xa1f1, 0xa1f1, 0xa1f1,
    0xa9d1, 0xa9d0, 0xb1d0, 0xb1d0, 0xb9d0, 0xb9af, 0x3064, 0x0000, 0x0000, 0x0800, 0x692a, 0xb1d1,
    0xa9d0, 0xa9af, 0xb1af, 0xb1af, 0xb1af, 0xb98f, 0xb98f, 0xb98e, 0xb98e, 0xb98e, 0xc18e, 0xc18d,
    0xc98e, 0xd1ae, 0x58a5, 0x0800, 0x0800, 0x0800, 0x70c7, 0xc96d, 0xc96d, 0xc94c, 0xc94c, 0xc94c,
    0xc94c, 0xd14b, 0xd14b, 0xd14b, 0xd14b, 0xd94b, 0xd94b, 0xd94a, 0xe94a, 0xd929, 0x4042, 0x0800,
    0x1000, 0x2000, 0xa8e7, 0xd949, 0xd949, 0xd949, 0xd949, 0xd949, 0xd929, 0xd928, 0xe128, 0xe128,
    0xe108, 0xe108, 0xe108, 0xe908, 0xf128, 0xb0a5, 0x2000, 0x1000, 0x1800, 0x5821, 0xe8a5, 0xf8a5,
    0xf0a5, 0xf0a5, 0xf0a5, 0xf085, 0xf084, 0xf084, 0xf084, 0xf085, 0xf085, 0xf085, 0xf085, 0xf085,
    0xf085, 0xf8a5, 0xf085, 0x6821, 0x2000, 0x1800, 0x1800, 0x1800, 0x1000, 0x1800, 0x1800, 0x1800,
    0x1800, 0x1800, 0x1800, 0x1800, 0x2000, 0x2000, 0x2800, 0x4000, 0x7000, 0xc860, 0xfa03, 0xfa43,
    0xf243, 0xfa63, 0xf1e2, 0xa840, 0x5800, 0x3000, 0x2000, 0x2000, 0x1800, 0x1000, 0x1000, 0x1000,
    0x1800, 0x2000, 0x3000, 0x7820, 0xea82, 0xfbc3, 0xfb63, 0xfb63, 0xfbc3, 0xf2c2, 0x8840, 0x3800,
    0x2000, 0x1800, 0x1000, 0x1000, 0x1000, 0x1000, 0x1800, 0x2000, 0x3000, 0x4800, 0x9000, 0xe982,
    0xfa44, 0xf204, 0xfa04, 0xf9e3, 0xc881, 0x7000, 0x4000, 0x2800, 0x2000, 0x2000, 0x2000, 0x1800,
    0x1800, 0x1800, 0x1800, 0x1800, 0x1800, 0x1800, 0x1000, 0x1000, 0x1000, 0x1000, 0x1000, 0x1000,
    0x1800, 0x5803, 0x7004, 0x8804, 0xe003, 0xf803, 0xf1a8, 0xfe78, 0xf2ab, 0xf020, 0xf0c1, 0xf0a1,
    0xf080, 0xc840, 0x3841, 0x0842, 0x0842, 0x0842, 0x0842, 0x0842, 0x0842, 0x0842, 0x0842, 0x0842,
    0x0842, 0x0842, 0x0842, 0x0842, 0x0842, 0x0842, 0x0842, 0x0842, 0x0842, 0x0842, 0x0842, 0x0842,
    0x0842, 0x0842, 0x0842, 0x0842, 0x0842, 0x0842, 0x0842, 0x0842, 0x0842, 0x0842, 0x0842, 0x0842,
    0x0842, 0x1041, 0x8841, 0xe060, 0xf0a0, 0xf0c1, 0xf060, 0xf124, 0xf678, 0xf3ae, 0xf024, 0xe803,
    0xb002, 0x9803, 0x7803, 0x2800, 0x1800, 0x1800, 0x1800, 0x1000, 0x1000, 0x1000, 0x1000, 0x0800,
    0x0800, 0x0800, 0x0800, 0x0800, 0x0800, 0x0800, 0x0800, 0x0000, 0x0000, 0x0000, 0x0000, 0x0821,
    0x1023, 0x1022, 0x1023, 0x1023, 0x1043, 0x1043, 0x1043, 0x1043, 0x1043, 0x1043, 0x1063, 0x1863,
    0x0821, 0x0000, 0x0000, 0x0000, 0x1043, 0x59d1, 0x6a14, 0x69f3, 0x69d2, 0x69d2, 0x71d2, 0x71d2,
    0x71d3, 0x79d3, 0x79d3, 0x79d3, 0x79f3, 0x79f3, 0x81f3, 0x89f4, 0x89f3, 0x2064, 0x0000, 0x0000,
    0x0000, 0x516e, 0x7a34, 0x7a13, 0x79f3, 0x79f3, 0x7a13, 0x81f3, 0x81d3, 0x81d2, 0x81d2, 0x81d2,
    0x81d2, 0x89d2, 0x89d1, 0x91d2, 0x99f2, 0x614c, 0x0000, 0x0000, 0x0000, 0x1043, 0x71b0, 0x81f2,
    0x81f2, 0x89f2, 0x89f2, 0x91f1, 0x91f1, 0x99d1, 0x99d1, 0x99d0, 0xa1d0, 0xa1d0, 0xa1d0, 0xa9d0,
    0xb1d0, 0xb1af, 0x3064, 0x0000, 0x0000, 0x0000, 0x612a, 0xa1d1, 0xa1b0, 0xa1af, 0xa1af, 0xa9af,
    0xa98f, 0xb18f, 0xb18e, 0xb18e, 0xb16e, 0xb96e, 0xb96d, 0xb96d, 0xc18e, 0xc98e, 0x5085, 0x0000,
    0x0800, 0x0800, 0x70c7, 0xc96d, 0xc16d, 0xc14c, 0xc14c, 0xc14c, 0xc94b, 0xc94b, 0xc94b, 0xd14b,
    0xd14b, 0xd14b, 0xd14b, 0xd94b, 0xe14a, 0xd929, 0x4042, 0x0800, 0x0800, 0x1800, 0xa0e7, 0xd94a,
    0xd149, 0xd129, 0xd129, 0xd129, 0xd929, 0xd929, 0xd928, 0xd908, 0xd908, 0xe108, 0xe108, 0xe108,
    0xf108, 0xb0a5, 0x2000, 0x1000, 0x1800, 0x5801, 0xe884, 0xf885, 0xf085, 0xf085, 0xf084, 0xf084,
    0xf084, 0xf084, 0xf084, 0xf084, 0xf085, 0xf085, 0xf085, 0xf085, 0xf085, 0xf885, 0xf065, 0x6021,
    0x2000, 0x1800, 0x1800, 0x1000, 0x1000, 0x1000, 0x1000, 0x1000, 0x1000, 0x1000, 0x1000, 0x1800,
    0x1800, 0x2000, 0x3000, 0x5800, 0xa820, 0xf182, 0xfa23, 0xf203, 0xfa43, 0xfa43, 0xc8a1, 0x7000,
    0x4000, 0x2800, 0x2000, 0x1800, 0x1800, 0x1000, 0x1000, 0x1000, 0x1800, 0x2000, 0x3800, 0x9880,
    0xfb23, 0xfb63, 0xf343, 0xf343, 0xfb43, 0xfb22, 0xa8a0, 0x4000, 0x2800, 0x2000, 0x1800, 0x1000,
    0x1000, 0x1000, 0x1800, 0x1800, 0x2000, 0x3000, 0x5800, 0xb860, 0xf9c3, 0xfa04, 0xf1e4, 0xf9e4,
    0xf163, 0xa020, 0x5800, 0x3000, 0x2000, 0x1800, 0x1800, 0x1800, 0x1000, 0x1000, 0x1000, 0x1000,
    0x1000, 0x1000, 0x1000, 0x1000, 0x1000, 0x1000, 0x1000, 0x1000, 0x1800, 0x5803, 0x7004, 0x8804,
    0xe003, 0xf803, 0xf1a8, 0xfe78, 0xf2ab, 0xf020, 0xf0a0, 0xf0a1, 0xf080, 0xc040, 0x2841, 0x0842,
    0x0842, 0x0842, 0x0842, 0x0842, 0x0842, 0x0842, 0x0842, 0x0842, 0x0842, 0x0842, 0x0842, 0x0842,
    0x0842, 0x0842, 0x0842, 0x0842, 0x0842, 0x0842, 0x0842, 0x0842, 0x0842, 0x0842, 0x0842, 0x0842,
    0x0842, 0x0842, 0x0842, 0x0842, 0x0842, 0x0842, 0x0842, 0x0842, 0x0842, 0x0841, 0x7841, 0xe060,
    0xf0a1, 0xf0c1, 0xf060, 0xf144, 0xf678, 0xf3ce, 0xf044, 0xe804, 0xb803, 0x9803, 0x8003, 0x2800,
    0x1800, 0x1800, 0x1800, 0x1000, 0x1000, 0x1000, 0x1000, 0x0800, 0x0800, 0x0800, 0x0800, 0x0800,
    0x0800, 0x0800, 0x0800, 0x0000, 0x0000, 0x0000, 0x1864, 0x40eb, 0x490c, 0x40ec, 0x410c, 0x410c,
    0x492c, 0x492d, 0x494d, 0x514e, 0x514f, 0x516f, 0x596f, 0x69b0, 0x514c, 0x0821, 0x0000, 0x0000,
    0x0842, 0x51b1, 0x61f3, 0x61f2, 0x69d2, 0x69d2, 0x69d2, 0x69d2, 0x71d3, 0x71d3, 0x71d3, 0x79d3,
    0x79f3, 0x79f3, 0x79d3, 0x81f4, 0x81d2, 0x2064, 0x0000, 0x0000, 0x0000, 0x496e, 0x7a34, 0x7213,
    0x7213, 0x7213, 0x7213, 0x71f3, 0x71d2, 0x79d2, 0x79d2, 0x79d2, 0x81d2, 0x81d1, 0x81d1, 0x89d2,
    0x91f2, 0x614c, 0x0000, 0x0000, 0x0000, 0x1043, 0x69b0, 0x81f2, 0x79d2, 0x81d2, 0x81d1, 0x81d1,
    0x89d1, 0x89d1, 0x91d1, 0x91d0, 0x99d0, 0x99b0, 0x99b0, 0xa1d0, 0xa9d0, 0xa9af, 0x3064, 0x0000,
    0x0000, 0x0000, 0x612a, 0x99d1, 0x99b0, 0x99af, 0x998f, 0xa18f, 0xa18f, 0xa98f, 0xa98e, 0xa98e,
    0xb16e, 0xb16e, 0xb16d, 0xb16d, 0xb98d, 0xc18d, 0x5085, 0x0000, 0x0800, 0x0800, 0x68c7, 0xc16d,
    0xb96d, 0xb94c, 0xb94c, 0xc14c, 0xc14b, 0xc14b, 0xc14b, 0xc92b, 0xc94b, 0xc94b, 0xd14b, 0xd14b,
    0xd94a, 0xd129, 0x3842, 0x0800, 0x0800, 0x1800, 0x98e7, 0xd14a, 0xc929, 0xc949, 0xd129, 0xd129,
    0xd129, 0xd129, 0xd128, 0xd108, 0xd908, 0xd908, 0xd908, 0xd908, 0xe908, 0xa8a6, 0x1800, 0x1000,
    0x1000, 0x5801, 0xe884, 0xf885, 0xf084, 0xf084, 0xf084, 0xf084, 0xf064, 0xf084, 0xf084, 0xf084,
    0xf064, 0xf064, 0xf064, 0xf064, 0xf065, 0xf865, 0xf065, 0x6021, 0x1800, 0x1800, 0x1800, 0x1000,
    0x1000, 0x1000, 0x1000, 0x1000, 0x1000, 0x1000, 0x1000, 0x1800, 0x1800, 0x2000, 0x4000, 0x8000,
    0xe0e1, 0xfa03, 0xf203, 0xf203, 0xfa23, 0xe122, 0x8800, 0x4800, 0x3000, 0x2800, 0x2000, 0x1800,
    0x1800, 0x1800, 0x1800, 0x1800, 0x2000, 0x2800, 0x3800, 0x8840, 0xf2a2, 0xfb63, 0xf323, 0xf323,
    0xfb63, 0xfae3, 0xa880, 0x4800, 0x2800, 0x2000, 0x1800, 0x1800, 0x1000, 0x1000, 0x1800, 0x1800,
    0x2000, 0x3000, 0x4800, 0x8000, 0xd8c1, 0xf9c3, 0xf1c4, 0xf1a4, 0xf9c4, 0xe0e2, 0x8000, 0x4000,
    0x2800, 0x1800, 0x1800, 0x1000, 0x1000, 0x1000, 0x1000, 0x1000, 0x1000, 0x1000, 0x1000, 0x1000,
    0x1000, 0x1000, 0x1000, 0x1000, 0x1800, 0x5803, 0x7004, 0x8804, 0xe003, 0xf804, 0xf9c8, 0xfe78,
    0xf2ab, 0xf020, 0xf0a0, 0xf0a1, 0xf080, 0xc060, 0x2841, 0x0842, 0x0842, 0x0842, 0x0842, 0x0842,
    0x0842, 0x0842, 0x0842, 0x0842, 0x0842, 0x0842, 0x0842, 0x0842, 0x0842, 0x0842, 0x0842, 0x0842,
    0x0842, 0x0842, 0x0842, 0x0842, 0x0842, 0x0842, 0x0842, 0x0842, 0x0842, 0x0842, 0x0842, 0x0842,
    0x0842, 0x0842, 0x0842, 0x0842, 0x0842, 0x0842, 0x7041, 0xe060, 0xf0a1, 0xf0c1, 0xf060, 0xf124,
    0xfe78, 0xfc0e, 0xf045, 0xe804, 0xc003, 0x9803, 0x8803, 0x3000, 0x1800, 0x1800, 0x1800, 0x1800,
    0x1000, 0x1000, 0x1000, 0x1000, 0x0800, 0x0800, 0x0800, 0x0800, 0x0800, 0x0800, 0x0800, 0x0800,
    0x0000, 0x0800, 0x30e9, 0x494e, 0x492d, 0x490d, 0x410d, 0x412d, 0x412d, 0x494e, 0x494e, 0x494f,
    0x514f, 0x5170, 0x5970, 0x61b1, 0x69d2, 0x2085, 0x0000, 0x0000, 0x0843, 0x51b0, 0x61f3, 0x61f2,
    0x61d2, 0x61d2, 0x61d2, 0x61d2, 0x61d2, 0x69d3, 0x69d2, 0x71d2, 0x71d2, 0x71d3, 0x79d3, 0x79f3,
    0x79d2, 0x1864, 0x0000, 0x0000, 0x0000, 0x496d, 0x7234, 0x6a13, 0x6a33, 0x6a13, 0x6a13, 0x71f2,
    0x71d2, 0x71d2, 0x71d2, 0x71d2, 0x79d2, 0x79d1, 0x79d1, 0x81d2, 0x89f2, 0x594c, 0x0000, 0x0000,
    0x0000, 0x1043, 0x69b0, 0x79f2, 0x79d2, 0x79d1, 0x79d1, 0x81d1, 0x81d1, 0x81d1, 0x89d0, 0x89d0,
    0x91d0, 0x91b0, 0x91b0, 0x99b0, 0xa1d0, 0xa1af, 0x3084, 0x0000, 0x0000, 0x0000, 0x592a, 0x91d1,
    0x91b0, 0x91af, 0x91af, 0x998f, 0x998f, 0x998e, 0xa18e, 0xa16e, 0xa16e, 0xa96e, 0xa96d, 0xb16d,
    0xb16d, 0xb96d, 0x4885, 0x0000, 0x0800, 0x0800, 0x68c7, 0xb94d, 0xb14d, 0xb14c, 0xb14c, 0xb94c,
    0xb94c, 0xb94b, 0xb94b, 0xc12b, 0xc14b, 0xc94b, 0xc94b, 0xc94b, 0xd14b, 0xc909, 0x3842, 0x0800,
    0x0800, 0x1000, 0x98e7, 0xc92a, 0xc12a, 0xc929, 0xc929, 0xc929, 0xd129, 0xd129, 0xd129, 0xd108,
    0xd108, 0xd108, 0xd108, 0xd908, 0xe108, 0xa8a6, 0x1800, 0x1000, 0x1000, 0x5001, 0xe864, 0xf865,
    0xf064, 0xf064, 0xf064, 0xf064, 0xf064, 0xf064, 0xf064, 0xf064, 0xf064, 0xf064, 0xf064, 0xf064,
    0xf064, 0xf865, 0xf065, 0x6021, 0x1800, 0x1800, 0x1000, 0x1000, 0x1000, 0x1000, 0x0800, 0x1000,
    0x1000, 0x1000, 0x1000, 0x1000, 0x1800, 0x2800, 0x5000, 0xb840, 0xf982, 0xf9c3, 0xf1c3, 0xfa03,
    0xf1a3, 0xb040, 0x6000, 0x3800, 0x3000, 0x2800, 0x2000, 0x2000, 0x2000, 0x2000, 0x2000, 0x2000,
    0x2000, 0x2800, 0x3000, 0x6000, 0xc961, 0xfb23, 0xfb43, 0xfb43, 0xfb23, 0xe181, 0x8000, 0x3800,
    0x2800, 0x2000, 0x2000, 0x2000, 0x2000, 0x1800, 0x1800, 0x2000, 0x2000, 0x2800, 0x3800, 0x5800,
    0x9800, 0xe922, 0xf9a3, 0xf1a4, 0xf9a4, 0xf984, 0xb841, 0x5000, 0x2800, 0x1800, 0x1800, 0x1000,
    0x1000, 0x1000, 0x1000, 0x0800, 0x1000, 0x1000, 0x1000, 0x1000, 0x1000, 0x1000, 0x1000, 0x1000,
    0x2000, 0x6003, 0x7004, 0x9004, 0xe803, 0xf804, 0xfa29, 0xfeb9, 0xf26a, 0xf020, 0xf0a0, 0xf0a1,
    0xe880, 0xb840, 0x2041, 0x0842, 0x0842, 0x0842, 0x0842, 0x0842, 0x0842, 0x0842, 0x0842, 0x0842,
    0x0842, 0x0842, 0x0842, 0x0842, 0x0842, 0x0842, 0x0842, 0x0842, 0x0842, 0x0842, 0x0842, 0x0842,
    0x0842, 0x0842, 0x0842, 0x0842, 0x0842, 0x0842, 0x0842, 0x0842, 0x0842, 0x0842, 0x0842, 0x0842,
    0x0842, 0x0842, 0x6841, 0xd860, 0xf0a1, 0xf0c1, 0xf060, 0xf0c2, 0xfe37, 0xfcd1, 0xf885, 0xf004,
    0xc803, 0xa003, 0x9003, 0x4001, 0x1800, 0x1800, 0x1800, 0x1800, 0x1000, 0x1000, 0x1000, 0x1000,
    0x1000, 0x0800, 0x0800, 0x0800, 0x0800, 0x0800, 0x0800, 0x0800, 0x0800, 0x0801, 0x30ea, 0x410c,
    0x410c, 0x410c, 0x410c, 0x410d, 0x412d, 0x412d, 0x414d, 0x414e, 0x414e, 0x494f, 0x494f, 0x5170,
    0x5990, 0x20a6, 0x0000, 0x0000, 0x0843, 0x49d0, 0x59f3, 0x59d2, 0x59d2, 0x59d2, 0x59d2, 0x59d2,
    0x61d2, 0x61d2, 0x61d2, 0x69d2, 0x69d2, 0x69d2, 0x71d2, 0x71f3, 0x71d2, 0x1864, 0x0000, 0x0000,
    0x0000, 0x416d, 0x6a34, 0x6a13, 0x6213, 0x6212, 0x6212, 0x69f2, 0x69d2, 0x69d2, 0x69d2, 0x71d2,
    0x71d1, 0x71d1, 0x79d1, 0x79d1, 0x81d2, 0x512c, 0x0000, 0x0000, 0x0000, 0x1043, 0x61b0, 0x71f2,
    0x71d1, 0x71d1, 0x79d1, 0x79d1, 0x79d1, 0x81b0, 0x81b0, 0x81b0, 0x89b0, 0x89b0, 0x89b0, 0x91b0,
    0x99d0, 0x99af, 0x3084, 0x0000, 0x0000, 0x0000, 0x512a, 0x89d1, 0x89b0, 0x89af, 0x898f, 0x918f,
    0x918f, 0x998e, 0x996e, 0x996e, 0xa16e, 0xa16e, 0xa16d, 0xa16d, 0xa96d, 0xb16e, 0x4885, 0x0000,
    0x0800, 0x0800, 0x60c7, 0xa94d, 0xa94c, 0xa94c, 0xa94c, 0xb14c, 0xb14c, 0xb14b, 0xb94b, 0xb94b,
    0xc14b, 0xc14b, 0xc14b, 0xc94b, 0xd14b, 0xc109, 0x3842, 0x0000, 0x0800, 0x1000, 0x90e7, 0xc92a,
    0xc12a, 0xc129, 0xc129, 0xc929, 0xc929, 0xc929, 0xc929, 0xd108, 0xd108, 0xd108, 0xd108, 0xd108,
    0xe109, 0xa0a6, 0x1800, 0x1000, 0x1000, 0x5001, 0xe864, 0xf864, 0xf064, 0xf064, 0xf064, 0xf064,
    0xf064, 0xf064, 0xf064, 0xf064, 0xf044, 0xf044, 0xf064, 0xf064, 0xf064, 0xf864, 0xf044, 0x6001,
    0x1800, 0x1800, 0x1000, 0x1000, 0x1000, 0x0800, 0x0800, 0x0800, 0x0800, 0x0800, 0x1000, 0x1800,
    0x2000, 0x2800, 0x6000, 0xd0c1, 0xf9a3, 0xf1a3, 0xf1c3, 0xf9c3, 0xd0a1, 0x7800, 0x5000, 0x4000,
    0x3800, 0x3000, 0x3000, 0x3000, 0x2800, 0x2800, 0x2800, 0x2800, 0x2800, 0x3000, 0x3800, 0x5000,
    0x8000, 0xc921, 0xea02, 0xea02, 0xd941, 0x9820, 0x5800, 0x3800, 0x3000, 0x2800, 0x2800, 0x2800,
    0x2800, 0x2000, 0x2000, 0x2800, 0x2800, 0x2800, 0x3800, 0x4000, 0x6800, 0xc040, 0xf963, 0xf9a4,
    0xf184, 0xf984, 0xd8a2, 0x6800, 0x3000, 0x2000, 0x1800, 0x1000, 0x1000, 0x0800, 0x0800, 0x0800,
    0x0800, 0x0800, 0x1000, 0x1000, 0x1000, 0x1000, 0x1000, 0x1000, 0x2801, 0x6003, 0x7004, 0xa004,
    0xf004, 0xf824, 0xfaeb, 0xfefa, 0xf1e8, 0xf020, 0xf0a0, 0xf0a1, 0xf080, 0xb040, 0x1841, 0x0842,
    0x0842, 0x0842, 0x0842, 0x0842, 0x0842, 0x0842, 0x0842, 0x0842, 0x0842, 0x0842, 0x0842, 0x0842,
    0x0842, 0x0842, 0x0842, 0x0842, 0x0842, 0x0842, 0x0842, 0x0842, 0x0842, 0x0842, 0x0842, 0x0842,
    0x0842, 0x0842, 0x0842, 0x0842, 0x0842, 0x0842, 0x0842, 0x0842, 0x0842, 0x0842, 0x5841, 0xc860,
    0xe880, 0xf0a1, 0xf060, 0xf061, 0xfd95, 0xf5f5, 0xf106, 0xf004, 0xd803, 0xa803, 0x9004, 0x6002,
    0x2000, 0x1800, 0x1800, 0x1800, 0x1800, 0x1000, 0x1000, 0x1000, 0x1000, 0x1000, 0x0800, 0x0800,
    0x0800, 0x0800, 0x0800, 0x0800, 0x0800, 0x0801, 0x30c9, 0x390c, 0x390c, 0x390c, 0x410c, 0x410c,
    0x410c, 0x392d, 0x392d, 0x412d, 0x414e, 0x414e, 0x494e, 0x496f, 0x5190, 0x20a6, 0x0000, 0x0000,
    0x0842, 0x49b0, 0x59f3, 0x59f2, 0x59d2, 0x59d1, 0x59d1, 0x59d1, 0x59d2, 0x61d2, 0x59d2, 0x61d2,
    0x61d2, 0x61d2, 0x69d2, 0x71f3, 0x69d2, 0x1864, 0x0000, 0x0000, 0x0000, 0x396d, 0x6233, 0x6212,
    0x6212, 0x6212, 0x61f2, 0x61f2, 0x61d2, 0x69d1, 0x69d1, 0x69d1, 0x69d1, 0x69b1, 0x71b1, 0x71d1,
    0x79d2, 0x514c, 0x0000, 0x0000, 0x0000, 0x1063, 0x61d1, 0x69f2, 0x69d1, 0x71d1, 0x71b1, 0x71d1,
    0x79d1, 0x79d1, 0x79b0, 0x79b0, 0x81b0, 0x81b0, 0x81af, 0x89af, 0x91b0, 0x91b0, 0x3084, 0x0000,
    0x0000, 0x0000, 0x512a, 0x89d1, 0x81af, 0x818f, 0x818f, 0x898f, 0x898f, 0x918f, 0x916e, 0x996e,
    0x996e, 0x996d, 0x996d, 0x994d, 0xa16d, 0xb18e, 0x48a5, 0x0000, 0x0000, 0x0800, 0x60c7, 0xa14d,
    0xa14c, 0xa14c, 0xa94c, 0xa94c, 0xa94c, 0xb14b, 0xb14b, 0xb14b, 0xb94b, 0xb94b, 0xc14b, 0xc12b,
    0xc92b, 0xc10a, 0x3842, 0x0000, 0x0800, 0x1000, 0x98e8, 0xc14a, 0xb92a, 0xb92a, 0xc129, 0xc129,
    0xc129, 0xc929, 0xc929, 0xc909, 0xc908, 0xc8e8, 0xc908, 0xd108, 0xd909, 0xa8a6, 0x1800, 0x0800,
    0x1000, 0x5001, 0xe844, 0xf844, 0xf044, 0xf064, 0xf064, 0xf064, 0xf044, 0xf064, 0xf064, 0xf044,
    0xf044, 0xf044, 0xf044, 0xf044, 0xf044, 0xf844, 0xf044, 0x6001, 0x1000, 0x1000, 0x1000, 0x1000,
    0x1000, 0x0800, 0x0800, 0x0800, 0x0800, 0x1000, 0x1000, 0x1800, 0x2000, 0x2800, 0x6800, 0xe102,
    0xf9a3, 0xf1a3, 0xf9a3, 0xf183, 0xb820, 0x7800, 0x6800, 0x6000, 0x6000, 0x5800, 0x5800, 0x5800,
    0x5000, 0x5000, 0x5000, 0x5000, 0x5800, 0x5800, 0x6000, 0x7000, 0x8000, 0xa000, 0xb800, 0xb800,
    0xa800, 0x8800, 0x7800, 0x6800, 0x5800, 0x5800, 0x5800, 0x5000, 0x5000, 0x5000, 0x5000, 0x4800,
    0x5000, 0x5000, 0x5000, 0x5800, 0x7800, 0xb820, 0xf123, 0xf164, 0xf144, 0xf944, 0xe8c3, 0x7800,
    0x3000, 0x2000, 0x1800, 0x1000, 0x0800, 0x0800, 0x0800, 0x0800, 0x0800, 0x0800, 0x1000, 0x1000,
    0x1000, 0x1000, 0x1000, 0x1000, 0x3802, 0x6804, 0x7004, 0xc003, 0xf804, 0xf864, 0xf44f, 0xf6ba,
    0xf124, 0xf040, 0xf0a1, 0xf0a1, 0xe880, 0x9841, 0x1041, 0x0842, 0x0842, 0x0842, 0x0842, 0x0842,
    0x0842, 0x0842, 0x0842, 0x0842, 0x0842, 0x0842, 0x0842, 0x0842, 0x0842, 0x0842, 0x0842, 0x0842,
    0x0842, 0x0842, 0x0842, 0x0842, 0x0842, 0x0842, 0x0842, 0x0842, 0x0842, 0x0842, 0x0842, 0x0842,
    0x0842, 0x0842, 0x0842, 0x0842, 0x0842, 0x0842, 0x4041, 0xb040, 0xe080, 0xf0a1, 0xf080, 0xf020,
    0xf430, 0xfefa, 0xf208, 0xf825, 0xe804, 0xb803, 0x9803, 0x8003, 0x3000, 0x1800, 0x2000, 0x1800,
    0x1800, 0x1800, 0x1000, 0x1000, 0x1000, 0x1000, 0x1000, 0x1000, 0x0800, 0x0800, 0x0800, 0x0800,
    0x0800, 0x0801, 0x30ea, 0x412d, 0x390c, 0x390c, 0x412d, 0x392d, 0x392d, 0x392d, 0x392d, 0x412d,
    0x414e, 0x414e, 0x494e, 0x494f, 0x4970, 0x2085, 0x0000, 0x0000, 0x1042, 0x41d0, 0x5213, 0x51f2,
    0x51f2, 0x59f2, 0x59d2, 0x59d2, 0x59d2, 0x59d2, 0x59d2, 0x61f2, 0x61f2, 0x61f2, 0x61f2, 0x69f3,
    0x59b1, 0x1043, 0x0000, 0x0000, 0x0000, 0x396d, 0x5a34, 0x5a13, 0x5a12, 0x6212, 0x61f2, 0x61f2,
    0x61d2, 0x61d2, 0x69d2, 0x69d2, 0x69d1, 0x69b1, 0x69b1, 0x71d2, 0x79f3, 0x490b, 0x0000, 0x0000,
    0x0000, 0x1042, 0x59b0, 0x6a13, 0x69d2, 0x69d1, 0x71d1, 0x71d1, 0x79d1, 0x79d1, 0x79d1, 0x79b0,
    0x81b0, 0x81b0, 0x81b0, 0x89b0, 0x91d0, 0x89af, 0x2063, 0x0000, 0x0000, 0x0000, 0x40e9, 0x81d1,
    0x81b0, 0x818f, 0x818f, 0x898f, 0x898f, 0x918f, 0x918f, 0x916e, 0x996e, 0x996e, 0x996d, 0xa16d,
    0xa98e, 0xa98e, 0x4084, 0x0000, 0x0000, 0x0000, 0x50a6, 0xa94d, 0xa14d, 0xa14c, 0xa14c, 0xa94c,
    0xb14c, 0xb14c, 0xb14c, 0xb94c, 0xb94b, 0xb94b, 0xb92b, 0xc12b, 0xc92b, 0xb0e9, 0x2821, 0x0000,
    0x0800, 0x0800, 0x80c7, 0xc14b, 0xc12a, 0xc12a, 0xc12a, 0xc12a, 0xc92a, 0xc929, 0xc929, 0xc909,
    0xc909, 0xc909, 0xd109, 0xd109, 0xe109, 0x90a5, 0x1000, 0x1000, 0x1000, 0x4000, 0xe844, 0xf845,
    0xf844, 0xf844, 0xf844, 0xf844, 0xf844, 0xf844, 0xf844, 0xf844, 0xf844, 0xf844, 0xf844, 0xf844,
    0xf844, 0xf845, 0xe844, 0x5001, 0x1000, 0x1000, 0x1000, 0x1000, 0x1000, 0x0800, 0x0800, 0x0800,
    0x0800, 0x1000, 0x1000, 0x1000, 0x1800, 0x2800, 0x6000, 0xd0c1, 0xf983, 0xf183, 0xf1a3, 0xf1a3,
    0xe122, 0xd0a1, 0xc0c1, 0xb8c1, 0xb8c1, 0xb8c1, 0xb8c1, 0xb8c1, 0xb8c1, 0xb8c1, 0xb8e1, 0xb8e1,
    0xb8e1, 0xc101, 0xc101, 0xc901, 0xd101, 0xd900, 0xd900, 0xd901, 0xd921, 0xd101, 0xc900, 0xc0e0,
    0xc0e1, 0xc0e1, 0xc0e1, 0xb8c1, 0xb8c1, 0xb8c1, 0xb8c1, 0xb8c1, 0xb8a1, 0xb0a1, 0xb081, 0xb881,
    0xc881, 0xe0c2, 0xf144, 0xf144, 0xf144, 0xf924, 0xe0a2, 0x7000, 0x3000, 0x2000, 0x1000, 0x1000,
    0x0800, 0x0800, 0x0800, 0x0800, 0x0800, 0x0800, 0x1000, 0x1000, 0x1000, 0x1000, 0x1000, 0x1800,
    0x5803, 0x6804, 0x8804, 0xd804, 0xf804, 0xf0e5, 0xfdf5, 0xf575, 0xf061, 0xf060, 0xf0c1, 0xf0a1,
    0xe060, 0x7041, 0x0842, 0x0842, 0x0842, 0x0842, 0x0842, 0x0842, 0x0842, 0x0842, 0x0842, 0x0842,
    0x0842, 0x0842, 0x0842, 0x0842, 0x0842, 0x0842, 0x0842, 0x0842, 0x0842, 0x0842, 0x0842, 0x0842,
    0x0842, 0x0842, 0x0842, 0x0842, 0x0842, 0x0842, 0x0842, 0x0842, 0x0842, 0x0842, 0x0842, 0x0842,
    0x0842, 0x0842, 0x3041, 0xa840, 0xe080, 0xf0a1, 0xf0a0, 0xf020, 0xf228, 0xff5c, 0xfbee, 0xf065,
    0xf005, 0xd004, 0xa003, 0x9004, 0x6002, 0x2000, 0x1800, 0x1800, 0x1800, 0x1800, 0x1800, 0x1000,
    0x1000, 0x1000, 0x1000, 0x1000, 0x1000, 0x1000, 0x0800, 0x0800, 0x0800, 0x1001, 0x30ea, 0x412d,
    0x392c, 0x392c, 0x390c, 0x390c, 0x392c, 0x392d, 0x392d, 0x392d, 0x392d, 0x394d, 0x414e, 0x414f,
    0x390c, 0x1022, 0x0000, 0x0000, 0x1042, 0x41d0, 0x4a13, 0x49f2, 0x49f1, 0x49d1, 0x51d1, 0x51d2,
    0x51f2, 0x59f2, 0x59f2, 0x59f2, 0x59f2, 0x59f2, 0x61f2, 0x59d1, 0x30e9, 0x0000, 0x0800, 0x0000,
    0x0000, 0x396d, 0x5233, 0x51f2, 0x51f2, 0x59f2, 0x59f2, 0x59f2, 0x59d2, 0x61d1, 0x61d1, 0x61d1,
    0x61d1, 0x61b1, 0x61b1, 0x69d1, 0x6190, 0x2065, 0x0000, 0x0800, 0x0000, 0x0800, 0x30e8, 0x59d1,
    0x61d1, 0x69d1, 0x69d1, 0x71d1, 0x71d1, 0x71b0, 0x71b0, 0x71b0, 0x79b0, 0x79af, 0x818f, 0x8190,
    0x81af, 0x50e8, 0x0800, 0x0800, 0x0800, 0x0000, 0x2063, 0x696d, 0x81b0, 0x818f, 0x818f, 0x818f,
    0x818f, 0x898e, 0x896e, 0x894e, 0x914e, 0x916e, 0x996d, 0xa16d, 0xa16d, 0x70e9, 0x1021, 0x0800,
    0x0800, 0x0000, 0x2022, 0x7909, 0x994c, 0xa14c, 0xa14c, 0xa14c, 0xa14c, 0xa92b, 0xa92b, 0xb12b,
    0xb12b, 0xb92b, 0xb92b, 0xb92b, 0xb10a, 0x6085, 0x0800, 0x0800, 0x0800, 0x0800, 0x3842, 0xa0e8,
    0xb92a, 0xb92a, 0xc12a, 0xc12a, 0xc129, 0xc129, 0xc109, 0xc109, 0xc909, 0xc8e9, 0xc8e9, 0xd109,
    0xc0c7, 0x4042, 0x0800, 0x1000, 0x1000, 0x1800, 0x9802, 0xe044, 0xf044, 0xf044, 0xf044, 0xf044,
    0xf044, 0xf044, 0xf044, 0xf044, 0xf044, 0xf044, 0xf044, 0xf044, 0xf044, 0xe024, 0x9022, 0x2000,
    0x1000, 0x1000, 0x1000, 0x1000, 0x1000, 0x0800, 0x0800, 0x0800, 0x0800, 0x1000, 0x1000, 0x1000,
    0x1800, 0x2800, 0x4800, 0xb061, 0xf983, 0xf9a4, 0xf1a4, 0xf1a4, 0xf9c4, 0xf9c3, 0xf9c3, 0xf9e3,
    0xf9e3, 0xfa03, 0xfa03, 0xfa03, 0xfa23, 0xfa23, 0xfa43, 0xfa43, 0xfa63, 0xfa83, 0xfa83, 0xfa83,
    0xfa83, 0xfa82, 0xfa82, 0xfaa3, 0xfaa3, 0xfa83, 0xfa63, 0xfa63, 0xfa43, 0xfa43, 0xfa43, 0xfa23,
    0xfa03, 0xfa03, 0xf9e4, 0xf9c4, 0xf9c4, 0xf9a4, 0xf984, 0xf984, 0xf964, 0xf144, 0xf124, 0xf144,
    0xf144, 0xf924, 0xc061, 0x5800, 0x2800, 0x1800, 0x1000, 0x1000, 0x0800, 0x0800, 0x0800, 0x0800,
    0x0800, 0x0800, 0x1000, 0x1000, 0x1000, 0x1000, 0x1000, 0x3802, 0x6804, 0x7004, 0xa804, 0xe804,
    0xf004, 0xf229, 0xff3b, 0xf34d, 0xf020, 0xf0a0, 0xf0c1, 0xe881, 0xd860, 0x5841, 0x0842, 0x0842,
    0x0842, 0x0842, 0x0842, 0x0842, 0x0842, 0x0842, 0x0842, 0x0842, 0x0842, 0x0842, 0x0842, 0x0842,
    0x0842, 0x0842, 0x0842, 0x0842, 0x0842, 0x0842, 0x0842, 0x0842, 0x0842, 0x0842, 0x0842, 0x0842,
    0x0842, 0x0842, 0x0842, 0x0842, 0x0842, 0x0842, 0x0842, 0x0842, 0x0842, 0x0842, 0x1841, 0x9840,
    0xe080, 0xe881, 0xf0a1, 0xf060, 0xf0a2, 0xfe17, 0xfe36, 0xf146, 0xf005, 0xe804, 0xb803, 0x9803,
    0x8804, 0x4802, 0x1800, 0x1800, 0x1800, 0x1800, 0x1800, 0x1800, 0x1000, 0x1000, 0x1000, 0x1000,
    0x1000, 0x1000, 0x1000, 0x1000, 0x1000, 0x1000, 0x2064, 0x2086, 0x2086, 0x2086, 0x2086, 0x2086,
    0x2086, 0x2086, 0x2086, 0x20a6, 0x20a6, 0x20a6, 0x20a7, 0x20a7, 0x1043, 0x0800, 0x0800, 0x0800,
    0x0821, 0x20e8, 0x2909, 0x2909, 0x2909, 0x28e8, 0x28e8, 0x28e9, 0x2909, 0x2909, 0x2909, 0x2909,
    0x3109, 0x3109, 0x3109, 0x20a6, 0x0800, 0x0800, 0x0800, 0x0800, 0x0000, 0x18a6, 0x292a, 0x2909,
    0x2909, 0x2909, 0x2909, 0x2909, 0x2909, 0x2909, 0x30e9, 0x30e9, 0x30e9, 0x30e9, 0x30e9, 0x30c8,
    0x1863, 0x0000, 0x0800, 0x0800, 0x0800, 0x0800, 0x0000, 0x2085, 0x30e9, 0x3909, 0x38e9, 0x38e9,
    0x38e8, 0x38e8, 0x38c8, 0x38c8, 0x38c7, 0x40c7, 0x40c8, 0x40c8, 0x3085, 0x0800, 0x0800, 0x0800,
    0x0800, 0x0800, 0x0800, 0x2042, 0x40c7, 0x40e8, 0x40e7, 0x40c7, 0x40c7, 0x40c7, 0x48c7, 0x48a6,
    0x50a7, 0x50c7, 0x50c7, 0x50c7, 0x4085, 0x1001, 0x0800, 0x0800, 0x1000, 0x1000, 0x0800, 0x1821,
    0x4085, 0x50a6, 0x50a6, 0x58a6, 0x50a6, 0x5885, 0x5885, 0x5885, 0x6085, 0x6085, 0x6085, 0x6085,
    0x3843, 0x0800, 0x0800, 0x1000, 0x1000, 0x0800, 0x0800, 0x3022, 0x6085, 0x6085, 0x6085, 0x6085,
    0x6084, 0x6084, 0x6884, 0x6884, 0x7084, 0x7064, 0x6864, 0x6864, 0x3822, 0x0800, 0x1000, 0x1000,
    0x1000, 0x1000, 0x2000, 0x6821, 0x9022, 0x9022, 0x9022, 0x9022, 0x9022, 0x9022, 0x9022, 0x9022,
    0x9022, 0x9022, 0x9022, 0x9022, 0x9022, 0x6801, 0x2000, 0x1000, 0x1000, 0x1000, 0x1000, 0x1000,
    0x1000, 0x1000, 0x1000, 0x1000, 0x0800, 0x1000, 0x1000, 0x1000, 0x1800, 0x2000, 0x3000, 0x7800,
    0xe0e2, 0xf9a4, 0xf9a4, 0xf1a4, 0xf1a4, 0xf9c4, 0xf9c4, 0xf9c4, 0xf9e4, 0xfa03, 0xfa03, 0xfa03,
    0xfa23, 0xfa23, 0xfa43, 0xfa43, 0xfa63, 0xfa63, 0xfa63, 0xf263, 0xf263, 0xf263, 0xf283, 0xf283,
    0xf283, 0xfa63, 0xfa63, 0xfa63, 0xfa43, 0xfa23, 0xfa23, 0xfa03, 0xfa03, 0xfa03, 0xf9e4, 0xf9a4,
    0xf984, 0xf9a4, 0xf984, 0xf984, 0xf964, 0xf124, 0xf124, 0xf945, 0xf945, 0xe8c3, 0x8800, 0x3800,
    0x2000, 0x1800, 0x1000, 0x1000, 0x1000, 0x0800, 0x0800, 0x0800, 0x0800, 0x1000, 0x1000, 0x1000,
    0x1000, 0x1000, 0x2801, 0x6004, 0x6804, 0x8804, 0xd804, 0xf004, 0xf0a5, 0xfcf1, 0xfeda, 0xf125,
    0xf020, 0xf0a1, 0xf0a1, 0xe880, 0xb840, 0x3041, 0x0842, 0x0842, 0x0842, 0x0842, 0x0842, 0x0842,
    0x0842, 0x0842, 0x0842, 0x0842, 0x0842, 0x0842, 0x0842, 0x0842, 0x0842, 0x0842, 0x0842, 0x0842,
    0x0842, 0x0842, 0x0842, 0x0842, 0x0842, 0x0842, 0x0842, 0x0842, 0x0842, 0x0842, 0x0842, 0x0842,
    0x0842, 0x0842, 0x0842, 0x0842, 0x0842, 0x0842, 0x0841, 0x7841, 0xd860, 0xe881, 0xf0a1, 0xf0a0,
    0xf020, 0xf2eb, 0xff5c, 0xf3cd, 0xf065, 0xf004, 0xe003, 0xa803, 0x9003, 0x8004, 0x4801, 0x2000,
    0x1800, 0x1800, 0x1800, 0x1800, 0x1800, 0x1800, 0x1800, 0x1800, 0x1000, 0x1000, 0x1000, 0x1000,
    0x1000, 0x1000, 0x1000, 0x0800, 0x1000, 0x1000, 0x1000, 0x1000, 0x0800, 0x0800, 0x0800, 0x0800,
    0x0800, 0x0800, 0x0800, 0x0800, 0x0800, 0x0800, 0x0800, 0x0800, 0x0800, 0x0800, 0x0800, 0x0800,
    0x0800, 0x0800, 0x0800, 0x0800, 0x0800, 0x0800, 0x0800, 0x0800, 0x0800, 0x0800, 0x0000, 0x0800,
    0x0800, 0x0800, 0x0800, 0x0800, 0x0800, 0x0800, 0x0800, 0x0800, 0x0800, 0x0800, 0x0800, 0x0000,
    0x0000, 0x0000, 0x0000, 0x0800, 0x0800, 0x0800, 0x0800, 0x0800, 0x0000, 0x0800, 0x0800, 0x0800,
    0x0800, 0x0800, 0x0800, 0x0800, 0x0800, 0x0800, 0x0800, 0x0800, 0x0800, 0x0800, 0x0800, 0x0000,
    0x0000, 0x0000, 0x0800, 0x0000, 0x0000, 0x0800, 0x1000, 0x1000, 0x0800, 0x1000, 0x0800, 0x0800,
    0x0000, 0x0000, 0x0000, 0x0000, 0x0800, 0x0800, 0x0800, 0x0800, 0x0800, 0x0800, 0x0000, 0x0000,
    0x0000, 0x0800, 0x1000, 0x1000, 0x1000, 0x1000, 0x1000, 0x0800, 0x0000, 0x0000, 0x0000, 0x0000,
    0x0800, 0x0800, 0x0800, 0x0800, 0x0000, 0x0000, 0x0000, 0x0000, 0x0000, 0x0800, 0x1000, 0x1000,
    0x1000, 0x1000, 0x1000, 0x0800, 0x0000, 0x0000, 0x0000, 0x0800, 0x0800, 0x0800, 0x0800, 0x0800,
    0x0800, 0x0800, 0x0000, 0x0000, 0x0800, 0x1000, 0x1000, 0x1000, 0x1000, 0x1800, 0x1000, 0x0800,
    0x1000, 0x1000, 0x1800, 0x1800, 0x1800, 0x1800, 0x1800, 0x1800, 0x1800, 0x1800, 0x1000, 0x1000,
    0x1000, 0x1000, 0x1800, 0x1800, 0x1000, 0x1000, 0x1000, 0x1000, 0x1000, 0x1000, 0x1000, 0x1000,
    0x1000, 0x1000, 0x1000, 0x1000, 0x1800, 0x2000, 0x2800, 0x4000, 0x9020, 0xe0e2, 0xf183, 0xf9a4,
    0xf9a4, 0xf9c4, 0xf9c4, 0xf9c4, 0xf9c3, 0xf9e3, 0xf9e3, 0xfa03, 0xfa23, 0xfa23, 0xfa23, 0xfa43,
    0xfa43, 0xfa43, 0xfa63, 0xfa63, 0xfa63, 0xfa63, 0xfa63, 0xfa63, 0xfa63, 0xfa63, 0xfa43, 0xfa43,
    0xfa23, 0xfa23, 0xfa03, 0xf9e3, 0xf9e3, 0xf9c3, 0xf9a4, 0xf984, 0xf984, 0xf984, 0xf964, 0xf944,
    0xf944, 0xf924, 0xf925, 0xf904, 0xe8a3, 0xa021, 0x4800, 0x2800, 0x2000, 0x1800, 0x1000, 0x1000,
    0x1000, 0x1000, 0x1000, 0x1000, 0x1000, 0x1000, 0x1000, 0x1000, 0x1000, 0x2801, 0x6004, 0x6805,
    0x7804, 0xb804, 0xf004, 0xf024, 0xf2a9, 0xff5b, 0xf431, 0xf020, 0xf080, 0xf0c1, 0xf081, 0xe060,
    0x8041, 0x1041, 0x0842, 0x0842, 0x0842, 0x0842, 0x0842, 0x0842, 0x0842, 0x0842, 0x0842, 0x0842,
    0x0842, 0x0842, 0x0842, 0x0842, 0x0842, 0x0842, 0x0842, 0x0842, 0x0842, 0x0842, 0x0842, 0x0842,
    0x0842, 0x0842, 0x0842, 0x0842, 0x0842, 0x0842, 0x0842, 0x0842, 0x0842, 0x0842, 0x0842, 0x0842,
    0x0842, 0x0842, 0x0842, 0x4841, 0xc040, 0xe860, 0xf081, 0xf0a1, 0xf040, 0xf061, 0xfdb6, 0xfef9,
    0xf228, 0xf025, 0xf004, 0xd003, 0xa003, 0x9004, 0x8804, 0x5002, 0x2800, 0x1800, 0x1800, 0x1800,
    0x1800, 0x1800, 0x1800, 0x1000, 0x1000, 0x1000, 0x1000, 0x1000, 0x1000, 0x1000, 0x1000, 0x1000,
    0x1000, 0x1000, 0x1000, 0x1000, 0x0800, 0x0800, 0x0800, 0x0800, 0x0800, 0x1000, 0x0800, 0x0800,
    0x1000, 0x0800, 0x0800, 0x0800, 0x0800, 0x0800, 0x0800, 0x0800, 0x0800, 0x0800, 0x0800, 0x0800,
    0x0800, 0x0800, 0x0800, 0x0800, 0x0800, 0x0800, 0x0800, 0x0800, 0x0800, 0x0800, 0x0800, 0x0800,
    0x0800, 0x0800, 0x0800, 0x0800, 0x0800, 0x0800, 0x0800, 0x0800, 0x0800, 0x0800, 0x0800, 0x0800,
    0x0800, 0x0800, 0x0800, 0x0800, 0x0800, 0x0800, 0x0800, 0x0800, 0x0800, 0x0800, 0x0800, 0x0800,
    0x0800, 0x0800, 0x0800, 0x0800, 0x0800, 0x0800, 0x0800, 0x0800, 0x0800, 0x0800, 0x0800, 0x0800,
    0x0800, 0x0800, 0x0800, 0x0800, 0x0800, 0x0800, 0x0800, 0x0800, 0x0800, 0x0800, 0x0800, 0x0800,
    0x0800, 0x0800, 0x0800, 0x0800, 0x0800, 0x0800, 0x0800, 0x0800, 0x0800, 0x0800, 0x1000, 0x1000,
    0x0800, 0x0800, 0x0800, 0x0800, 0x0800, 0x0800, 0x0800, 0x0800, 0x0800, 0x0800, 0x0800, 0x0800,
    0x0800, 0x0800, 0x0800, 0x0800, 0x0800, 0x0800, 0x0800, 0x0800, 0x0800, 0x0800, 0x0800, 0x0800,
    0x0800, 0x0800, 0x0800, 0x1000, 0x1000, 0x1000, 0x0800, 0x0800, 0x0800, 0x0800, 0x0800, 0x0800,
    0x0800, 0x0800, 0x1000, 0x0800, 0x1000, 0x1000, 0x1000, 0x1000, 0x1000, 0x1000, 0x1800, 0x1800,
    0x1800, 0x1000, 0x1000, 0x1000, 0x1000, 0x1800, 0x1000, 0x1000, 0x1000, 0x1000, 0x1000, 0x1000,
    0x1000, 0x0800, 0x0800, 0x0800, 0x0800, 0x0800, 0x0800, 0x0800, 0x0800, 0x0800, 0x0800, 0x1000,
    0x1000, 0x1800, 0x2000, 0x3000, 0x4000, 0x6800, 0xa061, 0xc8c2, 0xd8e2, 0xd0e2, 0xd0e2, 0xd0e2,
    0xd0e2, 0xd902, 0xd902, 0xd921, 0xd922, 0xd922, 0xd921, 0xd941, 0xd941, 0xd941, 0xd921, 0xd941,
    0xd941, 0xd961, 0xd941, 0xd941, 0xd961, 0xd941, 0xd941, 0xd941, 0xd922, 0xd921, 0xd901, 0xd102,
    0xd102, 0xd0e2, 0xd0e2, 0xd0e2, 0xd8e2, 0xd0c2, 0xd0a2, 0xd0a2, 0xd0a2, 0xd8a2, 0xd082, 0xb041,
    0x7800, 0x4000, 0x3000, 0x2000, 0x1800, 0x1000, 0x1000, 0x1000, 0x0800, 0x0800, 0x0800, 0x0800,
    0x0800, 0x1000, 0x1000, 0x1800, 0x3002, 0x5804, 0x7005, 0x8004, 0xb804, 0xf004, 0xf825, 0xf166,
    0xfe15, 0xfe79, 0xf104, 0xf020, 0xf0c1, 0xf0a1, 0xf080, 0xc840, 0x5041, 0x0842, 0x0842, 0x0842,
    0x0842, 0x0842, 0x0842, 0x0842, 0x0842, 0x0842, 0x0842, 0x0842, 0x0842, 0x0842, 0x0842, 0x0842,
    0x0842, 0x0842, 0x0842, 0x0842, 0x0842, 0x0842, 0x0842, 0x0842, 0x0842, 0x0842, 0x0842, 0x0842,
    0x0842, 0x0842, 0x0842, 0x0842, 0x0842, 0x0842, 0x0842, 0x0842, 0x0842, 0x0842, 0x0842, 0x1841,
    0x9840, 0xe060, 0xe881, 0xf0c1, 0xf0c1, 0xf020, 0xf1c7, 0xfefb, 0xfdb4, 0xf147, 0xf025, 0xf025,
    0xd804, 0xb003, 0x9004, 0x8804, 0x7003, 0x4802, 0x2800, 0x2000, 0x1800, 0x1800, 0x1800, 0x1800,
    0x1800, 0x1800, 0x1800, 0x1800, 0x1000, 0x1800, 0x1800, 0x1000, 0x1000, 0x1000, 0x1000, 0x1000,
    0x1000, 0x1000, 0x1000, 0x1000, 0x1000, 0x1000, 0x1000, 0x1000, 0x1000, 0x1000, 0x1000, 0x1000,
    0x1000, 0x1000, 0x1000, 0x1000, 0x1000, 0x1000, 0x1000, 0x1000, 0x1000, 0x1000, 0x1000, 0x1000,
    0x1000, 0x1000, 0x1000, 0x1000, 0x1000, 0x1000, 0x1000, 0x1000, 0x1000, 0x1000, 0x1000, 0x0800,
    0x0800, 0x0800, 0x0800, 0x1000, 0x1000, 0x1000, 0x1000, 0x0800, 0x0800, 0x0800, 0x0800, 0x1000,
    0x1000, 0x1000, 0x0800, 0x0800, 0x0800, 0x1000, 0x1000, 0x1000, 0x1000, 0x1000, 0x1000, 0x1000,
    0x1000, 0x1000, 0x1000, 0x1000, 0x1000, 0x1000, 0x1000, 0x1000, 0x1000, 0x1000, 0x1000, 0x1000,
    0x1000, 0x1000, 0x1000, 0x1000, 0x1000, 0x1000, 0x1000, 0x1000, 0x1000, 0x1000, 0x1000, 0x1000,
    0x1000, 0x1000, 0x1000, 0x1000, 0x1000, 0x1000, 0x1000, 0x1000, 0x1000, 0x1000, 0x1000, 0x1000,
    0x1000, 0x1000, 0x1000, 0x1000, 0x1000, 0x1000, 0x0800, 0x1000, 0x1000, 0x1000, 0x1000, 0x1000,
    0x1000, 0x1000, 0x1000, 0x1000, 0x1000, 0x0800, 0x0800, 0x0800, 0x1000, 0x1000, 0x1000, 0x1000,
    0x1000, 0x1000, 0x1000, 0x1000, 0x1000, 0x1000, 0x1000, 0x1000, 0x1000, 0x0800, 0x0800, 0x1000,
    0x1000, 0x1000, 0x1000, 0x1000, 0x1000, 0x1000, 0x1000, 0x1000, 0x1000, 0x1000, 0x1000, 0x1000,
    0x1000, 0x1000, 0x1000, 0x1000, 0x1000, 0x1000, 0x1000, 0x1000, 0x1000, 0x1000, 0x1000, 0x1000,
    0x1000, 0x0800, 0x1000, 0x1000, 0x1000, 0x1000, 0x1000, 0x1000, 0x1000, 0x1000, 0x1800, 0x2000,
    0x2800, 0x3000, 0x4000, 0x5000, 0x6000, 0x6800, 0x6800, 0x6800, 0x6800, 0x6800, 0x6800, 0x6800,
    0x6800, 0x6800, 0x6800, 0x6800, 0x6800, 0x7000, 0x7000, 0x7000, 0x7800, 0x8000, 0x8000, 0x7800,
    0x7800, 0x7800, 0x7800, 0x7000, 0x7000, 0x6800, 0x6800, 0x6800, 0x6800, 0x6800, 0x6800, 0x6800,
    0x6800, 0x6000, 0x6000, 0x6000, 0x6000, 0x6000, 0x5800, 0x4800, 0x3800, 0x3000, 0x2000, 0x1800,
    0x1800, 0x1000, 0x1000, 0x1000, 0x1000, 0x1000, 0x1000, 0x1000, 0x1000, 0x2000, 0x3001, 0x5003,
    0x6804, 0x6804, 0x8004, 0xc004, 0xf024, 0xf825, 0xf126, 0xf4f1, 0xff3c, 0xf28b, 0xf000, 0xf080,
    0xf0c1, 0xf081, 0xf060, 0xa840, 0x2041, 0x0842, 0x0842, 0x0842, 0x0842, 0x0842, 0x0842, 0x0842,
    0x0842, 0x0842, 0x0842, 0x0842, 0x0842, 0x0842, 0x0842, 0x0842, 0x0842, 0x0842, 0x0842, 0x0842,
    0x0842, 0x0842, 0x0842, 0x0842, 0x0842, 0x0842, 0x0842, 0x0842, 0x0842, 0x0842, 0x0842, 0x0842,
    0x0842, 0x0842, 0x0842, 0x0842, 0x0842, 0x0842, 0x0842, 0x0842, 0x5041, 0xc840, 0xe860, 0xf081,
    0xf0c1, 0xf080, 0xf020, 0xf30c, 0xff3c, 0xfd12, 0xf167, 0xf825, 0xf005, 0xe004, 0xb803, 0xa004,
    0x9804, 0x9005, 0x7804, 0x6803, 0x5803, 0x5002, 0x4802, 0x5002, 0x5002, 0x5002, 0x5002, 0x5002,
    0x4802, 0x4802, 0x4802, 0x4802, 0x5002, 0x4802, 0x4802, 0x5003, 0x5003, 0x5003, 0x5002, 0x5002,
    0x5002, 0x5002, 0x5002, 0x5003, 0x5003, 0x5002, 0x5003, 0x5003, 0x5003, 0x5003, 0x5003, 0x5003,
    0x5003, 0x5003, 0x5003, 0x5003, 0x5003, 0x5003, 0x5003, 0x5003, 0x5003, 0x5003, 0x5003, 0x5003,
    0x5003, 0x5003, 0x5003, 0x4803, 0x4803, 0x4803, 0x4803, 0x4803, 0x4803, 0x4803, 0x4803, 0x4803,
    0x4803, 0x4803, 0x4803, 0x4803, 0x4803, 0x4803, 0x4803, 0x4803, 0x4803, 0x4803, 0x4803, 0x4803,
    0x4803, 0x4803, 0x4803, 0x4803, 0x5003, 0x5003, 0x5003, 0x5003, 0x5003, 0x5003, 0x5803, 0x5803,
    0x5003, 0x5803, 0x5003, 0x5003, 0x5003, 0x5003, 0x5003, 0x5003, 0x5003, 0x5003, 0x5003, 0x5003,
    0x5003, 0x5003, 0x5003, 0x5003, 0x5003, 0x5003, 0x5003, 0x5003, 0x5803, 0x5803, 0x5803, 0x5803,
    0x5803, 0x5003, 0x5003, 0x5003, 0x5003, 0x5003, 0x5003, 0x5003, 0x5803, 0x5803, 0x5803, 0x5803,
    0x5803, 0x5803, 0x5803, 0x5803, 0x5803, 0x5803, 0x5803, 0x5803, 0x5803, 0x5803, 0x5803, 0x5803,
    0x5803, 0x5003, 0x5803, 0x5803, 0x5803, 0x5803, 0x5803, 0x5803, 0x5803, 0x5803, 0x5803, 0x5803,
    0x5803, 0x5803, 0x5803, 0x5003, 0x5003, 0x4803, 0x4803, 0x5003, 0x5003, 0x5002, 0x5003, 0x5003,
    0x5003, 0x5003, 0x5003, 0x5003, 0x5803, 0x5003, 0x5003, 0x5003, 0x5003, 0x5003, 0x5003, 0x5003,
    0x5003, 0x4803, 0x4803, 0x4803, 0x4803, 0x4803, 0x5003, 0x4803, 0x4803, 0x4803, 0x4803, 0x4803,
    0x4803, 0x4803, 0x5003, 0x5003, 0x5003, 0x5803, 0x5803, 0x5802, 0x6003, 0x7003, 0x7802, 0x7802,
    0x8002, 0x8802, 0x9002, 0x9002, 0x8802, 0x8802, 0x9002, 0x8802, 0x8802, 0x8802, 0x8802, 0x8802,
    0x9002, 0x9002, 0x9802, 0x9802, 0x9802, 0xa002, 0xa002, 0xa002, 0x9802, 0x9802, 0x9802, 0x9802,
    0x9002, 0x8802, 0x8802, 0x8802, 0x8802, 0x8802, 0x8802, 0x8002, 0x8002, 0x8002, 0x8802, 0x8002,
    0x8002, 0x7802, 0x7002, 0x7002, 0x7002, 0x7002, 0x6003, 0x5803, 0x5002, 0x4802, 0x4802, 0x4802,
    0x4802, 0x4802, 0x4803, 0x4803, 0x5003, 0x6004, 0x7004, 0x7804, 0x8004, 0xa004, 0xd004, 0xf024,
    0xf825, 0xf126, 0xf46f, 0xff7c, 0xf410, 0xf020, 0xf060, 0xf0c1, 0xf0a1, 0xf081, 0xe860, 0x6841,
    0x0842, 0x0842, 0x0842, 0x0842, 0x0842, 0x0842, 0x0842, 0x0842, 0x0842, 0x0842, 0x0842, 0x0842,
    0x0842, 0x0842, 0x0842, 0x0842, 0x0842, 0x0842, 0x0842, 0x0842, 0x0842, 0x0842, 0x0842, 0x0842,
    0x0842, 0x0842, 0x0842, 0x0842, 0x0842, 0x0842, 0x0842, 0x0842, 0x0842, 0x0842, 0x0842, 0x0842,
    0x0842, 0x0842, 0x0842, 0x0842, 0x1841, 0x8840, 0xe040, 0xe881, 0xf0a1, 0xf0c1, 0xf060, 0xf020,
    0xf3af, 0xff3c, 0xfd33, 0xf1a7, 0xf025, 0xf005, 0xf004, 0xd804, 0xc004, 0xb004, 0xa005, 0xa005,
    0x9805, 0x9805, 0x9805, 0x9005, 0x9005, 0x9005, 0x9005, 0x9005, 0x9005, 0x8805, 0x8805, 0x9005,
    0x9005, 0x9005, 0x9805, 0x9805, 0x9805, 0x9805, 0x9805, 0x9805, 0x9805, 0x9805, 0x9805, 0x9805,
    0x9805, 0x9805, 0x9805, 0xa006, 0xa006, 0xa006, 0xa006, 0xa006, 0xa006, 0xa006, 0x9806, 0x9806,
    0xa006, 0xa005, 0xa006, 0xa006, 0xa006, 0xa005, 0xa005, 0xa005, 0xa005, 0x9806, 0x9806, 0x9806,
    0x9806, 0x9806, 0x9806, 0x9005, 0x9005, 0x9006, 0x9006, 0x9005, 0x9805, 0x9805, 0x9806, 0x9805,
    0x9805, 0x9805, 0x9805, 0x9806, 0x9806, 0x9805, 0x9806, 0x9806, 0x9806, 0x9806, 0xa006, 0xa006,
    0xa006, 0xa006, 0xa006, 0xa806, 0xa806, 0xa806, 0xa805, 0xa806, 0xa806, 0xa805, 0xa805, 0xa805,
    0xa805, 0xa005, 0xa005, 0xa005, 0xa005, 0xa005, 0xa805, 0xa805, 0xa806, 0xa806, 0xa805, 0xa805,
    0xa805, 0xa805, 0xa805, 0xa806, 0xa806, 0xb005, 0xb005, 0xa805, 0xa805, 0xa005, 0xa005, 0xa005,
    0xa005, 0xa005, 0xa805, 0xa805, 0xb005, 0xb005, 0xb005, 0xb005, 0xb005, 0xb805, 0xb805, 0xb805,
    0xb005, 0xb005, 0xb005, 0xb006, 0xb006, 0xb006, 0xb005, 0xb005, 0xb005, 0xb005, 0xb005, 0xb805,
    0xb805, 0xb805, 0xb806, 0xb806, 0xb806, 0xb805, 0xb805, 0xb805, 0xb805, 0xb005, 0xb005, 0xa805,
    0xa805, 0xa005, 0xa005, 0xa005, 0xa005, 0x9805, 0xa005, 0xa005, 0xa805, 0xa805, 0xa805, 0xa805,
    0xa805, 0xa805, 0xa805, 0xa005, 0xa005, 0xa005, 0xa005, 0x9805, 0x9805, 0x9805, 0x9805, 0x9005,
    0x9005, 0x9805, 0x9806, 0x9806, 0x9805, 0x9805, 0x9805, 0x9805, 0x9805, 0x9805, 0x9805, 0xa005,
    0xa005, 0xa005, 0xa005, 0xa005, 0xa805, 0xb005, 0xb805, 0xb805, 0xc005, 0xc805, 0xc805, 0xc805,
    0xc805, 0xc805, 0xc805, 0xc805, 0xc805, 0xd005, 0xd005, 0xd005, 0xd005, 0xd005, 0xd804, 0xd804,
    0xd804, 0xd804, 0xd804, 0xd004, 0xd004, 0xd004, 0xd804, 0xd005, 0xd004, 0xc804, 0xc805, 0xc805,
    0xc805, 0xc805, 0xc804, 0xc004, 0xc004, 0xc004, 0xc004, 0xc004, 0xb804, 0xb805, 0xb004, 0xb005,
    0xb005, 0xb005, 0xa805, 0xa005, 0x9805, 0x9805, 0x9005, 0x8805, 0x8805, 0x8805, 0x8805, 0x8805,
    0x8805, 0x8804, 0x8804, 0xa004, 0xc804, 0xe804, 0xf804, 0xf845, 0xf187, 0xfcb0, 0xff5c, 0xf471,
    0xf041, 0xf040, 0xf0c1, 0xf0a1, 0xf081, 0xf060, 0xc040, 0x3041, 0x0842, 0x0842, 0x0842, 0x0842,
    0x0842, 0x0842, 0x0842, 0x0842, 0x0842, 0x0842, 0x0842, 0x0842, 0x0842, 0x0842, 0x0842, 0x0842,
    0x0842, 0x0842, 0x0842, 0x0842, 0x0842, 0x0842, 0x0842, 0x0842, 0x0842, 0x0842, 0x0842, 0x0842,
    0x0842, 0x0842, 0x0842, 0x0842, 0x0842, 0x0842, 0x0842, 0x0842, 0x0842, 0x0842, 0x0842, 0x0842,
    0x0842, 0x3841, 0xb040, 0xe080, 0xf081, 0xf0a1, 0xf0c1, 0xf060, 0xf020, 0xf36d, 0xff1c, 0xfe16,
    0xf2eb, 0xf0e6, 0xf025, 0xf004, 0xf004, 0xe804, 0xd804, 0xd004, 0xc804, 0xc804, 0xc004, 0xc004,
    0xc004, 0xb804, 0xb804, 0xc004, 0xc004, 0xc004, 0xb804, 0xc004, 0xc004, 0xc004, 0xc025, 0xc825,
    0xc025, 0xc025, 0xc025, 0xc825, 0xc825, 0xc825, 0xc825, 0xc804, 0xc805, 0xc825, 0xc825, 0xc825,
    0xc825, 0xc825, 0xc825, 0xc825, 0xc825, 0xc825, 0xc825, 0xc825, 0xc825, 0xc825, 0xc845, 0xc845,
    0xc845, 0xc825, 0xc825, 0xc825, 0xc825, 0xc825, 0xc825, 0xc825, 0xc825, 0xc025, 0xc025, 0xc025,
    0xc005, 0xc005, 0xc005, 0xc005, 0xc025, 0xc025, 0xc025, 0xc025, 0xc825, 0xc825, 0xc825, 0xc825,
    0xc825, 0xc825, 0xc825, 0xc825, 0xc825, 0xc825, 0xc825, 0xc825, 0xc825, 0xc825, 0xc825, 0xd025,
    0xd045, 0xd045, 0xd025, 0xd045, 0xd025, 0xc825, 0xc805, 0xc825, 0xd025, 0xc825, 0xc825, 0xc825,
    0xc825, 0xc825, 0xc825, 0xc825, 0xc825, 0xc825, 0xc825, 0xd025, 0xd045, 0xd045, 0xd045, 0xd045,
    0xd045, 0xd045, 0xd025, 0xd025, 0xd025, 0xd025, 0xd045, 0xc825, 0xc825, 0xc825, 0xd025, 0xd025,
    0xd025, 0xd025, 0xd025, 0xd045, 0xd845, 0xd045, 0xd025, 0xd025, 0xd045, 0xd045, 0xd025, 0xd025,
    0xd025, 0xd025, 0xd025, 0xd025, 0xd025, 0xd845, 0xd845, 0xd845, 0xd845, 0xd845, 0xd845, 0xd845,
    0xd025, 0xd825, 0xd845, 0xd845, 0xd045, 0xd025, 0xd025, 0xd025, 0xd025, 0xd025, 0xd025, 0xc825,
    0xc805, 0xc805, 0xc805, 0xc805, 0xc805, 0xc805, 0xc805, 0xd005, 0xc825, 0xc804, 0xc804, 0xc805,
    0xc825, 0xc825, 0xc805, 0xc005, 0xc005, 0xc005, 0xc005, 0xc025, 0xc005, 0xc005, 0xc025, 0xc825,
    0xc825, 0xc805, 0xc005, 0xc005, 0xc005, 0xc005, 0xc005, 0xc005, 0xc005, 0xc005, 0xc005, 0xc005,
    0xc805, 0xc805, 0xc805, 0xc824, 0xd025, 0xd025, 0xd025, 0xd005, 0xd004, 0xd004, 0xd004, 0xd004,
    0xd004, 0xd004, 0xd004, 0xd024, 0xd024, 0xd004, 0xd004, 0xd004, 0xd004, 0xd004, 0xd004, 0xd004,
    0xd004, 0xd004, 0xd024, 0xd024, 0xd004, 0xd004, 0xd004, 0xd004, 0xd004, 0xc804, 0xc804, 0xc804,
    0xc804, 0xc804, 0xc804, 0xc804, 0xc804, 0xc804, 0xc804, 0xc804, 0xc804, 0xc804, 0xc805, 0xc825,
    0xc825, 0xc825, 0xc004, 0xc004, 0xc004, 0xb804, 0xb804, 0xb804, 0xc004, 0xd004, 0xe004, 0xf004,
    0xf824, 0xf845, 0xf0c6, 0xf2aa, 0xfdd5, 0xff3c, 0xf410, 0xf020, 0xf020, 0xf0a1, 0xf0a1, 0xf081,
    0xf080, 0xd040, 0x6041, 0x0842, 0x0842, 0x0842, 0x0842, 0x0842, 0x0842, 0x0842, 0x0842, 0x0842,
    0x0842, 0x0842, 0x0842, 0x0842, 0x0842, 0x0842, 0x0842, 0x0842, 0x0842, 0x0842, 0x0842, 0x0842,
    0x0842, 0x0842, 0x0842, 0x0842, 0x0842, 0x0842, 0x0842, 0x0842, 0x0842, 0x0842, 0x0842, 0x0842,
    0x0842, 0x0842, 0x0842, 0x0842, 0x0842, 0x0842, 0x0842, 0x0842, 0x0842, 0x0841, 0x6041, 0xc840,
    0xe881, 0xf081, 0xf0a1, 0xf0c1, 0xf060, 0xf020, 0xf26a, 0xfe79, 0xff3b, 0xfcf1, 0xf249, 0xf0e6,
    0xf065, 0xf844, 0xf824, 0xf804, 0xf803, 0xf804, 0xf804, 0xf804, 0xf804, 0xf804, 0xf004, 0xf804,
    0xf004, 0xf004, 0xf004, 0xf804, 0xf824, 0xf824, 0xf844, 0xf844, 0xf844, 0xf844, 0xf845, 0xf845,
    0xf844, 0xf844, 0xf824, 0xf824, 0xf824, 0xf844, 0xf844, 0xf845, 0xf845, 0xf865, 0xf865, 0xf865,
    0xf865, 0xf844, 0xf844, 0xf844, 0xf845, 0xf865, 0xf865, 0xf885, 0xf884, 0xf064, 0xf064, 0xf864,
    0xf864, 0xf064, 0xf044, 0xf844, 0xf844, 0xf844, 0xf844, 0xf844, 0xf824, 0xf824, 0xf824, 0xf824,
    0xf844, 0xf844, 0xf845, 0xf865, 0xf865, 0xf865, 0xf865, 0xf864, 0xf844, 0xf844, 0xf844, 0xf844,
    0xf844, 0xf844, 0xf844, 0xf844, 0xf844, 0xf864, 0xf864, 0xf864, 0xf865, 0xf885, 0xf885, 0xf885,
    0xf885, 0xf865, 0xf844, 0xf844, 0xf844, 0xf844, 0xf844, 0xf844, 0xf864, 0xf864, 0xf864, 0xf885,
    0xf885, 0xf884, 0xf864, 0xf864, 0xf884, 0xf8a5, 0xf0a5, 0xf0a5, 0xf085, 0xf085, 0xf864, 0xf864,
    0xf865, 0xf865, 0xf885, 0xf885, 0xf885, 0xf885, 0xf864, 0xf064, 0xf064, 0xf864, 0xf864, 0xf865,
    0xf885, 0xf085, 0xf885, 0xf885, 0xf885, 0xf885, 0xf085, 0xf884, 0xf865, 0xf865, 0xf845, 0xf845,
    0xf865, 0xf885, 0xf885, 0xf885, 0xf885, 0xf885, 0xf865, 0xf865, 0xf065, 0xf865, 0xf885, 0xf085,
    0xf085, 0xf064, 0xf865, 0xf865, 0xf865, 0xf845, 0xf844, 0xf024, 0xf824, 0xf845, 0xf845, 0xf845,
    0xf824, 0xf824, 0xf824, 0xf845, 0xf845, 0xf024, 0xf024, 0xf844, 0xf845, 0xf824, 0xf824, 0xf824,
    0xf824, 0xf824, 0xf824, 0xf825, 0xf845, 0xf845, 0xf845, 0xf845, 0xf844, 0xf824, 0xf824, 0xf824,
    0xf825, 0xf825, 0xf824, 0xf824, 0xf824, 0xf804, 0xf804, 0xf804, 0xf804, 0xf824, 0xf024, 0xf824,
    0xf844, 0xf044, 0xf845, 0xf825, 0xf824, 0xf024, 0xf024, 0xf824, 0xf824, 0xf824, 0xf824, 0xf845,
    0xf045, 0xf025, 0xf824, 0xf824, 0xf824, 0xf824, 0xf824, 0xf845, 0xf045, 0xf845, 0xf065, 0xf865,
    0xf844, 0xf824, 0xf824, 0xf824, 0xf824, 0xf824, 0xf824, 0xf024, 0xf024, 0xf004, 0xf004, 0xf004,
    0xf804, 0xf804, 0xf804, 0xf804, 0xf824, 0xf824, 0xf824, 0xf844, 0xf845, 0xf845, 0xf824, 0xf824,
    0xf804, 0xf804, 0xf804, 0xf804, 0xf804, 0xf804, 0xf824, 0xf865, 0xf106, 0xf269, 0xf4d1, 0xfef9,
    0xfe9a, 0xf30c, 0xf020, 0xf040, 0xf0a1, 0xf0a1, 0xf081, 0xf060, 0xd860, 0x7841, 0x1041, 0x0842,
    0x0842, 0x0842, 0x0842, 0x0842, 0x0842, 0x0842, 0x0842, 0x0842, 0x0842, 0x0842, 0x0842, 0x0842,
    0x0842, 0x0842, 0x0842, 0x0842, 0x0842, 0x0842, 0x0842, 0x0842, 0x0842, 0x0842, 0x0842, 0x0842,
    0x0842, 0x0842, 0x0842, 0x0842, 0x0842, 0x0842, 0x0842, 0x0842, 0x0842, 0x0842, 0x0842, 0x0842,
    0x0842, 0x0842, 0x0842, 0x0842, 0x0842, 0x0842, 0x2041, 0x8841, 0xd840, 0xe881, 0xf0a1, 0xf0a1,
    0xf0c1, 0xf081, 0xf000, 0xf0e3, 0xfc50, 0xfefa, 0xfef9, 0xfd53, 0xf3ae, 0xf26a, 0xf1a8, 0xf147,
    0xf906, 0xf8e6, 0xf8e6, 0xf906, 0xf906, 0xf8e6, 0xf8e6, 0xf8e6, 0xf0e6, 0xf0c5, 0xf8e6, 0xf8e6,
    0xf906, 0xf906, 0xf926, 0xf927, 0xf926, 0xf926, 0xf927, 0xf926, 0xf926, 0xf926, 0xf906, 0xf926,
    0xf926, 0xf926, 0xf927, 0xf927, 0xf947, 0xf947, 0xf947, 0xf967, 0xf967, 0xf947, 0xf947, 0xf926,
    0xf926, 0xf926, 0xf126, 0xf126, 0xf126, 0xf126, 0xf126, 0xf146, 0xf946, 0xf146, 0xf146, 0xf946,
    0xf946, 0xf946, 0xf946, 0xf946, 0xf926, 0xf947, 0xf927, 0xf947, 0xf947, 0xf926, 0xf926, 0xf967,
    0xf967, 0xf967, 0xf947, 0xf967, 0xf947, 0xf947, 0xf947, 0xf947, 0xf947, 0xf926, 0xf926, 0xf926,
    0xf926, 0xf946, 0xf947, 0xf967, 0xf967, 0xf987, 0xf967, 0xf967, 0xf967, 0xf967, 0xf967, 0xf947,
    0xf946, 0xf946, 0xf946, 0xf947, 0xf947, 0xf947, 0xf947, 0xf967, 0xf987, 0xf966, 0xf966, 0xf987,
    0xf987, 0xf987, 0xf9a7, 0xf9a7, 0xf9a7, 0xf987, 0xf987, 0xf167, 0xf967, 0xf987, 0xf987, 0xf987,
    0xf987, 0xf967, 0xf946, 0xf146, 0xf146, 0xf146, 0xf947, 0xf947, 0xf167, 0xf187, 0xf9a8, 0xf9a7,
    0xf987, 0xf987, 0xf967, 0xf967, 0xf987, 0xf967, 0xf967, 0xf967, 0xf967, 0xf967, 0xf987, 0xf167,
    0xf987, 0xf987, 0xf987, 0xf967, 0xf967, 0xf946, 0xf167, 0xf146, 0xf146, 0xf146, 0xf947, 0xf947,
    0xf926, 0xf926, 0xf926, 0xf926, 0xf927, 0xf947, 0xf967, 0xf947, 0xf947, 0xf947, 0xf967, 0xf967,
    0xf947, 0xf947, 0xf947, 0xf947, 0xf947, 0xf927, 0xf927, 0xf946, 0xf946, 0xf947, 0xf947, 0xf947,
    0xf947, 0xf927, 0xf927, 0xf927, 0xf927, 0xf926, 0xf927, 0xf947, 0xf947, 0xf947, 0xf927, 0xf927,
    0xf926, 0xf926, 0xf906, 0xf906, 0xf906, 0xf926, 0xf126, 0xf926, 0xf946, 0xf947, 0xf927, 0xf947,
    0xf947, 0xf946, 0xf947, 0xf947, 0xf947, 0xf947, 0xf947, 0xf947, 0xf947, 0xf947, 0xf947, 0xf947,
    0xf947, 0xf967, 0xf967, 0xf967, 0xf967, 0xf967, 0xf987, 0xf967, 0xf947, 0xf946, 0xf947, 0xf947,
    0xf947, 0xf947, 0xf947, 0xf926, 0xf926, 0xf926, 0xf926, 0xf926, 0xf926, 0xf927, 0xf927, 0xf927,
    0xf947, 0xf947, 0xf947, 0xf947, 0xf947, 0xf927, 0xf926, 0xf126, 0xf906, 0xf906, 0xf906, 0xf926,
    0xf967, 0xf9c8, 0xf26a, 0xf38d, 0xf532, 0xfef9, 0xfefa, 0xfc51, 0xf104, 0xf000, 0xf080, 0xf0e1,
    0xf0c1, 0xf081, 0xf060, 0xe040, 0x9041, 0x2041, 0x0842, 0x0842, 0x0842, 0x0842, 0x0842, 0x0842,
    0x0842, 0x0842, 0x0842, 0x0842, 0x0842, 0x0842, 0x0842, 0x0842, 0x0842, 0x0842, 0x0842, 0x0842,
    0x0842, 0x0842, 0x0842, 0x0842, 0x0842, 0x0842, 0x0842, 0x0842, 0x0842, 0x0842, 0x0842, 0x0842,
    0x0842, 0x0842, 0x0842, 0x0842, 0x0842, 0x0842, 0x0842, 0x0842, 0x0842, 0x0842, 0x0842, 0x0842,
    0x0842, 0x0842, 0x0842, 0x3041, 0x9040, 0xd060, 0xe880, 0xe881, 0xf081, 0xf0a1, 0xf0a1, 0xf020,
    0xf020, 0xf165, 0xf410, 0xfe58, 0xf71b, 0xf6d9, 0xf657, 0xfdd6, 0xfd95, 0xfd54, 0xfd54, 0xfd74,
    0xfd74, 0xfd54, 0xfd53, 0xfd54, 0xfd54, 0xfd54, 0xfd53, 0xfd54, 0xfd53, 0xfd53, 0xfd54, 0xfd74,
    0xfd74, 0xfd74, 0xfd74, 0xfd74, 0xfd74, 0xfd74, 0xfd74, 0xfd74, 0xfd74, 0xfd74, 0xfd74, 0xfd74,
    0xfd74, 0xfd74, 0xfd94, 0xfd94, 0xfd94, 0xfd94, 0xfd94, 0xfd74, 0xfd74, 0xfd74, 0xfd74, 0xfd74,
    0xfd74, 0xfd74, 0xfd74, 0xfd74, 0xfd94, 0xfd94, 0xfd94, 0xfd94, 0xfd74, 0xf574, 0xfd94, 0xfd74,
    0xfd74, 0xfd94, 0xfd94, 0xfd74, 0xfd94, 0xf574, 0xf574, 0xfd94, 0xfdb4, 0xfd94, 0xfd94, 0xfd94,
    0xfd94, 0xfdb4, 0xfd94, 0xfd94, 0xfd74, 0xfd53, 0xfd73, 0xfd74, 0xfd74, 0xfd74, 0xfd74, 0xfd94,
    0xfd94, 0xfd94, 0xfd94, 0xfd94, 0xfd74, 0xfd74, 0xfd94, 0xfd94, 0xfd53, 0xfd73, 0xfd74, 0xfd94,
    0xfd74, 0xfd74, 0xfd94, 0xfd94, 0xfd94, 0xfd94, 0xfdb4, 0xfdb4, 0xfd94, 0xfd94, 0xfdb4, 0xfdb4,
    0xfdb4, 0xfdb4, 0xfdb5, 0xfdb4, 0xfd94, 0xfd94, 0xfd94, 0xfd94, 0xfd94, 0xfd94, 0xfd74, 0xfd74,
    0xfd74, 0xfd74, 0xfd74, 0xfd94, 0xfd94, 0xfd94, 0xfdb4, 0xfdb4, 0xfd94, 0xfd94, 0xfd94, 0xfd94,
    0xfdb4, 0xfdb4, 0xfd94, 0xfd94, 0xfd94, 0xfd94, 0xfd94, 0xfd94, 0xfd94, 0xfd94, 0xfd94, 0xfd94,
    0xfd94, 0xfd74, 0xfd74, 0xfd74, 0xfd94, 0xfd94, 0xfd74, 0xfd54, 0xfd53, 0xfd74, 0xfd74, 0xfd53,
    0xfd74, 0xfd94, 0xfd74, 0xfd94, 0xfd94, 0xfd94, 0xfd94, 0xfd94, 0xfd74, 0xfd74, 0xfd74, 0xfd74,
    0xfd94, 0xfd74, 0xfd73, 0xfd74, 0xfd74, 0xfd94, 0xfd94, 0xfd74, 0xfd74, 0xfd74, 0xfd74, 0xfd53,
    0xfd74, 0xfd74, 0xfd74, 0xfd94, 0xfd94, 0xfd74, 0xfd74, 0xfd74, 0xfd74, 0xfd74, 0xfd74, 0xfd74,
    0xfd74, 0xfd73, 0xf573, 0xfd94, 0xfd94, 0xfd94, 0xfd94, 0xfd94, 0xfd94, 0xfd94, 0xfd94, 0xfdb4,
    0xfd94, 0xfd94, 0xfd94, 0xfd94, 0xfd94, 0xfd94, 0xfdb4, 0xfd94, 0xfd94, 0xfdb4, 0xfd94, 0xfd74,
    0xfd94, 0xfdb4, 0xfdb4, 0xfdb4, 0xfd94, 0xfd94, 0xfdb4, 0xfd94, 0xfd94, 0xfd94, 0xfd94, 0xfd74,
    0xfd94, 0xfd94, 0xfd94, 0xfd94, 0xfd94, 0xfd94, 0xfd94, 0xfd94, 0xfd94, 0xfd94, 0xfd94, 0xfd94,
    0xfd94, 0xfd94, 0xfd74, 0xfd74, 0xfd74, 0xfd74, 0xfd74, 0xfd94, 0xfdd5, 0xfe57, 0xfefa, 0xfefa,
    0xf617, 0xf3ef, 0xf186, 0xf020, 0xf020, 0xf0a1, 0xf0c1, 0xf0c1, 0xf081, 0xe860, 0xd860, 0x9041,
    0x2841, 0x0842, 0x0842, 0x0842, 0x0842, 0x0842, 0x0842, 0x0842, 0x0842, 0x0842, 0x0842, 0x0842,
    0x0842, 0x0842, 0x0842, 0x0842, 0x0842, 0x0842, 0x0842, 0x0842, 0x0842, 0x0842, 0x0842, 0x0842,
    0x0842, 0x0842, 0x0842, 0x0842, 0x0842, 0x0842, 0x0842, 0x0842, 0x0842, 0x0842, 0x0842, 0x0842,
    0x0842, 0x0842, 0x0842, 0x0842, 0x0842, 0x0842, 0x0842, 0x0842, 0x0842, 0x0842, 0x0842, 0x0842,
    0x3041, 0x8041, 0xd040, 0xe860, 0xe881, 0xf0a1, 0xf0c1, 0xf0c1, 0xf081, 0xf020, 0xf020, 0xf0a2,
    0xf1e7, 0xf36d, 0xf492, 0xf534, 0xfd75, 0xfd75, 0xfd75, 0xfd95, 0xfd75, 0xfd75, 0xfd75, 0xf575,
    0xfd75, 0xfd75, 0xfd75, 0xfd75, 0xfd75, 0xfd75, 0xfd75, 0xfd75, 0xfd75, 0xfd75, 0xfd75, 0xfd75,
    0xfd75, 0xfd75, 0xfd75, 0xfd75, 0xfd75, 0xfd75, 0xfd75, 0xfd75, 0xfd75, 0xfd75, 0xfd75, 0xfd75,
    0xfd54, 0xfd75, 0xfd75, 0xf575, 0xf555, 0xf575, 0xf575, 0xf575, 0xfd75, 0xf575, 0xfd95, 0xfd95,
    0xfd75, 0xfd95, 0xfd95, 0xfd75, 0xfd75, 0xf595, 0xf575, 0xfd75, 0xfd75, 0xf575, 0xf575, 0xfd75,
    0xfd75, 0xf575, 0xf575, 0xfd75, 0xfd75, 0xf575, 0xfd75, 0xfd75, 0xfd75, 0xfd75, 0xfd75, 0xfd75,
    0xfd75, 0xfd75, 0xfd75, 0xfd75, 0xfd75, 0xfd75, 0xfd75, 0xfd75, 0xfd75, 0xf554, 0xfd55, 0xf554,
    0xfd54, 0xfd74, 0xfd75, 0xfd75, 0xfd75, 0xfd75, 0xfd75, 0xfd75, 0xfd55, 0xfd54, 0xfd75, 0xf575,
    0xf575, 0xfd75, 0xfd75, 0xfd75, 0xfd75, 0xfd75, 0xfd75, 0xfd75, 0xfd75, 0xfd75, 0xfd75, 0xfd75,
    0xfd75, 0xfd75, 0xfd75, 0xfd75, 0xfd74, 0xfd74, 0xfd74, 0xfd75, 0xfd75, 0xfd75, 0xfd75, 0xfd75,
    0xfd75, 0xfd75, 0xf554, 0xfd55, 0xf575, 0xfd75, 0xfd75, 0xfd54, 0xfd54, 0xf575, 0xf575, 0xfd55,
    0xfd55, 0xfd54, 0xfd54, 0xfd74, 0xfd74, 0xfd74, 0xfd75, 0xfd75, 0xfd75, 0xfd75, 0xfd75, 0xfd75,
    0xfd75, 0xfd75, 0xfd75, 0xfd75, 0xfd75, 0xfd75, 0xfd75, 0xfd54, 0xfd54, 0xfd75, 0xfd75, 0xfd75,
    0xfd75, 0xfd75, 0xfd75, 0xf554, 0xf554, 0xf554, 0xfd54, 0xfd74, 0xfd74, 0xfd74, 0xfd74, 0xfd74,
    0xf575, 0xfd75, 0xfd75, 0xfd54, 0xf554, 0xfd54, 0xfd54, 0xfd54, 0xfd74, 0xfd75, 0xfd75, 0xfd75,
    0xfd75, 0xfd75, 0xfd54, 0xfd55, 0xfd75, 0xfd54, 0xf554, 0xf554, 0xfd54, 0xfd55, 0xfd75, 0xfd75,
    0xfd75, 0xfd75, 0xf575, 0xfd75, 0xfd75, 0xfd75, 0xfd55, 0xf555, 0xfd55, 0xfd75, 0xfd74, 0xfd54,
    0xfd55, 0xfd75, 0xfd75, 0xfd75, 0xfd54, 0xfd54, 0xfd74, 0xfd75, 0xfd54, 0xfd54, 0xfd75, 0xf554,
    0xfd55, 0xfd75, 0xfd75, 0xfd75, 0xfd75, 0xfd54, 0xfd54, 0xfd55, 0xfd75, 0xfd75, 0xfd75, 0xfd75,
    0xfd75, 0xf575, 0xfd55, 0xfd75, 0xfd75, 0xfd55, 0xfd55, 0xfd75, 0xfd75, 0xfd75, 0xfd75, 0xfd75,
    0xfd75, 0xfd75, 0xfd75, 0xfd54, 0xfcf3, 0xfc50, 0xf32c, 0xf1c7, 0xf082, 0xf000, 0xf020, 0xf081,
    0xf0c1, 0xf0c1, 0xf0a1, 0xf081, 0xf060, 0xd860, 0x8841, 0x2841, 0x0842, 0x0842, 0x0842, 0x0842,
    0x0842, 0x0842, 0x0842, 0x0842, 0x0842, 0x0842, 0x0842, 0x0842, 0x0842, 0x0842, 0x0842, 0x0842,
    0x0842, 0x0842, 0x0842, 0x0842, 0x0842, 0x0842, 0x0842, 0x0842, 0x0842, 0x0842, 0x0842, 0x0842,
    0x0842, 0x0842, 0x0842, 0x0842, 0x0842, 0x0842, 0x0842, 0x0842, 0x0842, 0x0842, 0x0842, 0x0842,
    0x0842, 0x0842, 0x0842, 0x0842, 0x0842, 0x0842, 0x0842, 0x0842, 0x0842, 0x2041, 0x7841, 0xc040,
    0xe060, 0xe880, 0xf081, 0xf0a1, 0xf0a1, 0xf0a1, 0xf0a1, 0xf060, 0xf000, 0xf000, 0xf020, 0xf020,
    0xf020, 0xf020, 0xf020, 0xf040, 0xf040, 0xf020, 0xf020, 0xf040, 0xf020, 0xf040, 0xf040, 0xf020,
    0xf020, 0xf020, 0xf020, 0xf020, 0xf020, 0xf020, 0xf020, 0xf020, 0xf020, 0xf020, 0xf020, 0xf020,
    0xf020, 0xf840, 0xf020, 0xf020, 0xf040, 0xf020, 0xf020, 0xf020, 0xf020, 0xf020, 0xf020, 0xf020,
    0xf020, 0xf020, 0xf020, 0xf020, 0xf020, 0xf020, 0xf040, 0xf040, 0xf040, 0xf040, 0xf040, 0xf020,
    0xf040, 0xf041, 0xf020, 0xf020, 0xf020, 0xf020, 0xf020, 0xf020, 0xf020, 0xf020, 0xf020, 0xf020,
    0xf020, 0xf020, 0xf020, 0xf020, 0xf020, 0xf020, 0xf020, 0xf020, 0xf020, 0xf020, 0xf040, 0xf040,
    0xf020, 0xf020, 0xf020, 0xf020, 0xf020, 0xf020, 0xf020, 0xf020, 0xf020, 0xf040, 0xf020, 0xf020,
    0xf040, 0xf040, 0xf040, 0xf040, 0xf020, 0xf020, 0xf020, 0xf020, 0xf020, 0xf020, 0xf020, 0xf020,
    0xf040, 0xf040, 0xf020, 0xf020, 0xf020, 0xf040, 0xf040, 0xf040, 0xf040, 0xf040, 0xf040, 0xf040,
    0xf040, 0xf040, 0xf040, 0xf020, 0xf020, 0xf040, 0xf040, 0xf020, 0xf020, 0xf020, 0xf020, 0xf020,
    0xf040, 0xf040, 0xf020, 0xf020, 0xf020, 0xf020, 0xf020, 0xf020, 0xf020, 0xf020, 0xf020, 0xf020,
    0xf040, 0xf040, 0xf040, 0xf020, 0xf020, 0xf020, 0xf040, 0xf040, 0xf020, 0xf020, 0xf020, 0xf020,
    0xf020, 0xf020, 0xf020, 0xf020, 0xf020, 0xf020, 0xf040, 0xf040, 0xf020, 0xf020, 0xf020, 0xf020,
    0xf020, 0xf020, 0xf020, 0xf020, 0xf020, 0xf020, 0xf040, 0xf040, 0xf020, 0xf020, 0xf020, 0xf020,
    0xf020, 0xf020, 0xf020, 0xf020, 0xf020, 0xf020, 0xf020, 0xf020, 0xf020, 0xf020, 0xf020, 0xf020,
    0xf020, 0xf020, 0xf020, 0xf020, 0xf020, 0xf020, 0xf040, 0xf040, 0xf040, 0xf020, 0xf020, 0xf020,
    0xf020, 0xf020, 0xf020, 0xf020, 0xf020, 0xf020, 0xf020, 0xf020, 0xf020, 0xf840, 0xf040, 0xf020,
    0xf020, 0xf020, 0xf020, 0xf040, 0xf020, 0xf020, 0xf020, 0xf020, 0xf020, 0xf040, 0xf020, 0xf020,
    0xf020, 0xf020, 0xf020, 0xf020, 0xf020, 0xf020, 0xf020, 0xf020, 0xf020, 0xf020, 0xf020, 0xf020,
    0xf040, 0xf020, 0xf020, 0xf040, 0xf040, 0xf040, 0xf040, 0xf040, 0xf020, 0xf020, 0xf040, 0xf020,
    0xf020, 0xf020, 0xf000, 0xf020, 0xf060, 0xf080, 0xf0a1, 0xf0c1, 0xf0a1, 0xf0a0, 0xf060, 0xe840,
    0xd840, 0x8841, 0x2841, 0x0842, 0x0842, 0x0842, 0x0842, 0x0842, 0x0842, 0x0842, 0x0842, 0x0842,
    0x0842, 0x0842, 0x0842, 0x0842, 0x0842, 0x0842, 0x0842, 0x0842, 0x0842, 0x0842, 0x0842, 0x0842,
    0x0842, 0x0842, 0x0842, 0x0842, 0x0842, 0x0842, 0x0842, 0x0842, 0x0842, 0x0842, 0x0842, 0x0842,
    0x0842, 0x0842, 0x0842, 0x0842, 0x0842, 0x0842, 0x0842, 0x0842, 0x0842, 0x0842, 0x0842, 0x0842,
    0x0842, 0x0842, 0x0842, 0x0842, 0x0842, 0x0842, 0x1841, 0x5841, 0xa040, 0xd040, 0xe860, 0xe880,
    0xe880, 0xf081, 0xf0a1, 0xf0a1, 0xf0a1, 0xf0a1, 0xf080, 0xf080, 0xf080, 0xf060, 0xf080, 0xf060,
    0xf060, 0xf060, 0xf080, 0xf080, 0xf080, 0xf080, 0xf080, 0xf080, 0xf080, 0xf080, 0xf080, 0xf080,
    0xf080, 0xf080, 0xf080, 0xf080, 0xf080, 0xf080, 0xf080, 0xf080, 0xf080, 0xf080, 0xf080, 0xf080,
    0xf080, 0xf080, 0xf080, 0xf080, 0xf080, 0xf080, 0xf080, 0xf080, 0xf080, 0xf080, 0xf080, 0xf080,
    0xf080, 0xf080, 0xf080, 0xf080, 0xf080, 0xf080, 0xf080, 0xf080, 0xf080, 0xf080, 0xf080, 0xf080,
    0xf080, 0xf080, 0xf080, 0xf080, 0xf080, 0xf060, 0xf060, 0xf060, 0xf080, 0xf080, 0xf080, 0xf080,
    0xf080, 0xf080, 0xf080, 0xf080, 0xf080, 0xf080, 0xf080, 0xf080, 0xf080, 0xf080, 0xf080, 0xf080,
    0xf080, 0xf080, 0xf080, 0xf080, 0xf080, 0xf080, 0xf080, 0xf080, 0xf080, 0xf080, 0xf080, 0xf080,
    0xf080, 0xf080, 0xf080, 0xf080, 0xf080, 0xf080, 0xf080, 0xf080, 0xf080, 0xf080, 0xf080, 0xf080,
    0xf060, 0xf080, 0xf080, 0xf080, 0xf080, 0xf080, 0xf080, 0xf080, 0xf080, 0xf080, 0xf080, 0xf080,
    0xf080, 0xf080, 0xf080, 0xf080, 0xf080, 0xf080, 0xf080, 0xf080, 0xf080, 0xf080, 0xf080, 0xf080,
    0xf080, 0xf080, 0xf080, 0xf080, 0xf080, 0xf080, 0xf080, 0xf080, 0xf080, 0xf080, 0xf080, 0xf080,
    0xf080, 0xf080, 0xf080, 0xf080, 0xf080, 0xf080, 0xf080, 0xf080, 0xf080, 0xf080, 0xf080, 0xf080,
    0xf080, 0xf080, 0xf080, 0xf080, 0xf080, 0xf080, 0xf080, 0xf080, 0xf080, 0xf080, 0xf080, 0xf080,
    0xf080, 0xf080, 0xf080, 0xf080, 0xf080, 0xf080, 0xf080, 0xf080, 0xf080, 0xf080, 0xf080, 0xf080,
    0xf080, 0xf080, 0xf080, 0xf080, 0xf080, 0xf080, 0xf080, 0xf080, 0xf080, 0xf080, 0xf080, 0xf080,
    0xf080, 0xf080, 0xf080, 0xf080, 0xf080, 0xf080, 0xf080, 0xf080, 0xf080, 0xf080, 0xf080, 0xf080,
    0xf080, 0xf080, 0xf080, 0xf080, 0xf080, 0xf080, 0xf080, 0xf080, 0xf080, 0xf080, 0xf080, 0xf080,
    0xf080, 0xf080, 0xf080, 0xf080, 0xf080, 0xf080, 0xf080, 0xf080, 0xf080, 0xf080, 0xf080, 0xf080,
    0xf080, 0xf080, 0xf080, 0xf080, 0xf080, 0xf0a1, 0xf080, 0xf080, 0xf080, 0xf080, 0xf080, 0xf080,
    0xf080, 0xf080, 0xf080, 0xf080, 0xf080, 0xf080, 0xf080, 0xf080, 0xf080, 0xf080, 0xf0a0, 0xf0a1,
    0xf0a1, 0xf0a1, 0xf081, 0xf080, 0xf080, 0xe860, 0xd040, 0xb040, 0x7041, 0x2041, 0x0842, 0x0842,
    0x0842, 0x0842, 0x0842, 0x0842, 0x0842, 0x0842, 0x0842, 0x0842, 0x0842, 0x0842, 0x0842, 0x0842,
    0x0842, 0x0842, 0x0842, 0x0842, 0x0842, 0x0842, 0x0842, 0x0842, 0x0842, 0x0842, 0x0842, 0x0842,
    0x0842, 0x0842, 0x0842, 0x0842, 0x0842, 0x0842, 0x0842, 0x0842, 0x0842, 0x0842, 0x0842, 0x0842,
    0x0842, 0x0842, 0x0842, 0x0842, 0x0842, 0x0842, 0x0842, 0x0842, 0x0842, 0x0842, 0x0842, 0x0842,
    0x0842, 0x0842, 0x0842, 0x1041, 0x3841, 0x7841, 0xa840, 0xd040, 0xe060, 0xe860, 0xf060, 0xf081,
    0xf881, 0xf0a1, 0xf0a1, 0xf0a1, 0xf0a1, 0xf0a1, 0xf0a1, 0xf0a1, 0xf0a1, 0xf081, 0xf081, 0xf0a1,
    0xf0a1, 0xf0a1, 0xf0a1, 0xf0a1, 0xf0a1, 0xf0a1, 0xf0c1, 0xf0c1, 0xf0c1, 0xf0c1, 0xf0a1, 0xf0a1,
    0xf0a1, 0xf0a1, 0xf0a1, 0xf0a1, 0xf0a1, 0xf0a1, 0xf0a1, 0xf0a1, 0xf0a1, 0xf0a1, 0xf0a1, 0xf0c1,
    0xf0c1, 0xf0c1, 0xf0c1, 0xf0a1, 0xf0a1, 0xf0a1, 0xf0a1, 0xf0a1, 0xf0a1, 0xf0a1, 0xf0a1, 0xf0a1,
    0xf0a1, 0xf0a1, 0xf0c1, 0xf0c1, 0xf0a1, 0xf0a1, 0xf0a1, 0xf0a1, 0xf0a1, 0xf0a1, 0xf0a1, 0xf0a1,
    0xf0a1, 0xf0a1, 0xf0a1, 0xf0a1, 0xf0a1, 0xf0a1, 0xf0a1, 0xf0a1, 0xf0a1, 0xf0a1, 0xf8a1, 0xf8a1,
    0xf8a1, 0xf8a1, 0xf0a1, 0xf0a1, 0xf0a1, 0xf0a1, 0xf0a1, 0xf0a1, 0xf0a1, 0xf0a1, 0xf0a1, 0xf0a1,
    0xf0a1, 0xf0a1, 0xf0a1, 0xf0a1, 0xf0a1, 0xf0a1, 0xf0a1, 0xf0c1, 0xf0a1, 0xf0a1, 0xf0a1, 0xf0a1,
    0xf0a1, 0xf0a1, 0xf0a1, 0xf0a1, 0xf0a1, 0xf0a1, 0xf0a1, 0xf0a1, 0xf0a1, 0xf0a1, 0xf0a1, 0xf0a1,
    0xf0a1, 0xf0a1, 0xf0a1, 0xf0a1, 0xf0a1, 0xf0a1, 0xf0a1, 0xf0a1, 0xf0a1, 0xf0a1, 0xf0a1, 0xf0a1,
    0xf0a1, 0xf0a1, 0xf0a1, 0xf0a1, 0xf0a1, 0xf0a1, 0xf0a1, 0xf0a1, 0xf0a1, 0xf0a1, 0xf0a1, 0xf0a1,
    0xf8c1, 0xf0a1, 0xf0c1, 0xf0c1, 0xf0a1, 0xf0a1, 0xf0a1, 0xf8c1, 0xf8c1, 0xf0a1, 0xf8a1, 0xf0a1,
    0xf0a1, 0xf0a1, 0xf0a1, 0xf0a1, 0xf0a1, 0xf0a1, 0xf0a1, 0xf0a1, 0xf0a1, 0xf0a1, 0xf0a1, 0xf0a1,
    0xf0a1, 0xf0a1, 0xf0a1, 0xf0a1, 0xf081, 0xf0a1, 0xf0a1, 0xf0a1, 0xf0a1, 0xf0a1, 0xf0a1, 0xf0a1,
    0xf0a1, 0xf0a1, 0xf8a1, 0xf0a1, 0xf0a1, 0xf0a1, 0xf0a1, 0xf0c1, 0xf0c1, 0xf0a1, 0xf0a1, 0xf0a1,
    0xf0a1, 0xf0c1, 0xf0c1, 0xf0c1, 0xf0c1, 0xf0c1, 0xf0a1, 0xf0a1, 0xf0a1, 0xf0a1, 0xf0a1, 0xf0a1,
    0xf0a1, 0xf0a1, 0xf0a1, 0xf0a1, 0xf0a1, 0xf0a1, 0xf081, 0xf0a1, 0xf0a1, 0xf0a1, 0xf0a1, 0xf0a1,
    0xf0a1, 0xf0a1, 0xf0a1, 0xf0a1, 0xf0a1, 0xf0a1, 0xf0a1, 0xf0a1, 0xf0a1, 0xf0a1, 0xf0a1, 0xf0a1,
    0xf0a1, 0xf0a1, 0xf0a1, 0xf0a1, 0xf0a1, 0xf0a1, 0xf0a1, 0xf0c1, 0xf8c1, 0xf8c1, 0xf0c1, 0xf8c1,
    0xf0c1, 0xf0c1, 0xf0a1, 0xf0a1, 0xf0a1, 0xf0a1, 0xf0a1, 0xf0a1, 0xf0a1, 0xf0a1, 0xf8a1, 0xf0a1,
    0xf0a1, 0xf0a1, 0xf0a1, 0xf0a1, 0xf081, 0xf081, 0xf080, 0xf080, 0xf080, 0xf080, 0xe860, 0xe860,
    0xc840, 0x9840, 0x6841, 0x4041, 0x1041, 0x0842, 0x0842, 0x0842, 0x0842, 0x0842, 0x0842, 0x0842,
    0x0842, 0x0842, 0x0842, 0x0842, 0x0842, 0x0842, 0x0842, 0x0842, 0x0842, 0x0842, 0x0842, 0x0842,
    0x0842, 0x0842, 0x0842, 0x0842, 0x0842, 0x0842, 0x0842, 0x0842, 0x0842, 0x0842, 0x0842, 0x0842,
    0x0842, 0x0842, 0x0842, 0x0842, 0x0842, 0x0842, 0x0842, 0x0842, 0x0842, 0x0842, 0x0842, 0x0842,
    0x0842, 0x0842, 0x0842, 0x0842, 0x0842, 0x0842, 0x0842, 0x0842, 0x0842, 0x0842, 0x0842, 0x0842,
    0x0842, 0x1841, 0x3041, 0x6841, 0xa840, 0xc840, 0xd840, 0xe040, 0xe860, 0xf060, 0xf060, 0xf060,
    0xf060, 0xf080, 0xf080, 0xf080, 0xf080, 0xf060, 0xf060, 0xf060, 0xf060, 0xf080, 0xf080, 0xf060,
    0xf080, 0xf081, 0xf081, 0xf081, 0xf080, 0xf080, 0xf080, 0xf060, 0xf060, 0xf060, 0xf060, 0xf060,
    0xf080, 0xf080, 0xf060, 0xf060, 0xf060, 0xf060, 0xf060, 0xf080, 0xf080, 0xf080, 0xf080, 0xf080,
    0xf080, 0xf060, 0xf060, 0xf080, 0xf080, 0xf060, 0xf060, 0xf060, 0xf880, 0xf880, 0xf080, 0xf080,
    0xf080, 0xf080, 0xf060, 0xf080, 0xf080, 0xf080, 0xf080, 0xf080, 0xf080, 0xf080, 0xf080, 0xf080,
    0xf060, 0xf060, 0xf060, 0xf060, 0xf880, 0xf880, 0xf880, 0xf880, 0xf880, 0xf080, 0xf080, 0xf060,
    0xf060, 0xf060, 0xf060, 0xf080, 0xf080, 0xf060, 0xf080, 0xf080, 0xf080, 0xf060, 0xf060, 0xf060,
    0xf060, 0xf080, 0xf060, 0xf080, 0xf080, 0xf080, 0xf060, 0xf060, 0xf060, 0xf080, 0xf880, 0xf080,
    0xf080, 0xf080, 0xf060, 0xf060, 0xf060, 0xf060, 0xf080, 0xf080, 0xf060, 0xf080, 0xf080, 0xf060,
    0xf080, 0xf080, 0xf080, 0xf080, 0xf080, 0xf080, 0xf080, 0xf060, 0xf060, 0xf060, 0xf060, 0xf060,
    0xf060, 0xf080, 0xf080, 0xf080, 0xf080, 0xf060, 0xf060, 0xf080, 0xf080, 0xf080, 0xf080, 0xf080,
    0xf080, 0xf080, 0xf060, 0xf080, 0xf080, 0xf080, 0xf081, 0xf080, 0xf080, 0xf080, 0xf080, 0xf080,
    0xf080, 0xf080, 0xf080, 0xf080, 0xf080, 0xf080, 0xf080, 0xf080, 0xf080, 0xf080, 0xf080, 0xe880,
    0xe860, 0xf080, 0xf080, 0xf080, 0xf080, 0xf060, 0xf060, 0xf060, 0xf080, 0xf080, 0xf080, 0xf080,
    0xf080, 0xf060, 0xf060, 0xf080, 0xf081, 0xf081, 0xf080, 0xf080, 0xf080, 0xf080, 0xf080, 0xf080,
    0xf880, 0xf080, 0xf080, 0xf880, 0xf060, 0xf060, 0xf060, 0xf060, 0xf060, 0xf080, 0xf080, 0xf080,
    0xf080, 0xf080, 0xf060, 0xe860, 0xf060, 0xf060, 0xf080, 0xf080, 0xf080, 0xf080, 0xf080, 0xf080,
    0xf080, 0xf080, 0xf060, 0xf060, 0xf080, 0xf080, 0xf080, 0xf060, 0xf080, 0xf060, 0xf060, 0xf060,
    0xf080, 0xf080, 0xf080, 0xf080, 0xf080, 0xf080, 0xf080, 0xf080, 0xf081, 0xf080, 0xf080, 0xe880,
    0xf081, 0xf080, 0xf060, 0xf060, 0xe860, 0xf060, 0xf060, 0xf080, 0xf060, 0xf060, 0xf060, 0xf060,
    0xf060, 0xe860, 0xe040, 0xe040, 0xd040, 0xc040, 0xb040, 0x8841, 0x5041, 0x2041, 0x0842, 0x0842,
    0x0842, 0x0842, 0x0842, 0x0842, 0x0842, 0x0842, 0x0842, 0x0842, 0x0842, 0x0842, 0x0842, 0x0842,
    0x0842, 0x0842, 0x0842, 0x0842, 0x0842, 0x0842, 0x0842, 0x0842, 0x0842, 0x0842, 0x0842, 0x0842,
    0x0842, 0x0842, 0x0842, 0x0842, 0x0842, 0x0842, 0x0842, 0x0842, 0x0842, 0x0842, 0x0842, 0x0842,
    0x0842, 0x0842, 0x0842, 0x0842, 0x0842, 0x0842, 0x0842, 0x0842, 0x0842, 0x0842, 0x0842, 0x0842,
    0x0842, 0x0842, 0x0842, 0x0842, 0x0842, 0x0842, 0x0842, 0x0842, 0x0842, 0x0842, 0x0842, 0x0841,
    0x2841, 0x4841, 0x5841, 0x6841, 0x7841, 0x9041, 0x9841, 0xa041, 0xa041, 0xa840, 0xa840, 0xa860,
    0xa041, 0xa041, 0x9841, 0x9841, 0xa041, 0xa041, 0xa041, 0x9841, 0xa041, 0xa041, 0x9861, 0x9861,
    0xa041, 0xa040, 0xa041, 0xa040, 0xa840, 0xa040, 0xa041, 0xa041, 0xa061, 0xa041, 0xa040, 0xa040,
    0xa040, 0xa040, 0xa840, 0xa840, 0xa040, 0xa041, 0xa041, 0xa041, 0xa041, 0xa041, 0xa041, 0x9841,
    0xa040, 0xa840, 0xa840, 0xa840, 0xb040, 0xb041, 0xa841, 0xa841, 0xb040, 0xb040, 0xa840, 0xa040,
    0xa041, 0xa041, 0x9840, 0x9861, 0xa041, 0xa861, 0xa041, 0xa041, 0xa840, 0xa840, 0xb040, 0xb040,
    0xb040, 0xb040, 0xa840, 0xa840, 0xa840, 0xa841, 0xa840, 0xa840, 0xb040, 0xa840, 0xa040, 0xa040,
    0xa860, 0xa861, 0xa860, 0xa840, 0xa840, 0xa041, 0xa041, 0xa041, 0xa041, 0xa040, 0xa040, 0xa041,
    0xa041, 0xa041, 0xa041, 0xa041, 0xa840, 0xb040, 0xb040, 0xa841, 0xa840, 0xa840, 0xa041, 0xa041,
    0xa041, 0xa040, 0xa060, 0xa041, 0x9840, 0x9841, 0xa041, 0xb040, 0xb040, 0xb840, 0xb860, 0xb840,
    0xa841, 0xa041, 0xa041, 0xa040, 0xa840, 0xa840, 0xa840, 0xa840, 0xa041, 0xa041, 0xa840, 0xa040,
    0xa840, 0xa840, 0xa041, 0xa041, 0x9841, 0xa041, 0xa041, 0xa040, 0xa840, 0xa041, 0x9841, 0x9841,
    0xa840, 0xa841, 0xa041, 0xa041, 0xa041, 0xa041, 0xa041, 0xa041, 0xa060, 0xa040, 0xa041, 0xa041,
    0xa041, 0xa041, 0xa041, 0xa840, 0xa060, 0xa060, 0xa041, 0xa040, 0xa840, 0xa041, 0x9841, 0x9861,
    0xa041, 0xa061, 0xa040, 0xa041, 0xa041, 0xa041, 0xa041, 0xa041, 0x9841, 0xa041, 0xa041, 0xa060,
    0xa061, 0xa041, 0xa041, 0x9841, 0xa041, 0xa841, 0xa840, 0xa840, 0xb040, 0xa841, 0xa841, 0xb040,
    0xa840, 0xa040, 0x9841, 0xa041, 0xa041, 0xa040, 0x9841, 0x9841, 0xa041, 0xa041, 0xa041, 0x9841,
    0x9840, 0x9841, 0x9841, 0xa041, 0xa860, 0xa041, 0x9861, 0x9841, 0xa041, 0xa041, 0xa041, 0xa040,
    0xa041, 0x9841, 0x9841, 0x9841, 0xa041, 0x9841, 0x9841, 0x9841, 0x9840, 0x9841, 0xa041, 0xa041,
    0xa041, 0xa041, 0xa041, 0xa041, 0xa041, 0xa061, 0xa041, 0x9861, 0x9861, 0x9841, 0x9841, 0x9841,
    0x9841, 0x9041, 0x9841, 0x9841, 0xa041, 0xa041, 0xa041, 0x9841, 0x9840, 0x8040, 0x7841, 0x6841,
    0x5041, 0x3841, 0x2841, 0x1041, 0x0842, 0x0842, 0x0842, 0x0842, 0x0842, 0x0842, 0x0842, 0x0842,
    0x0842, 0x0842, 0x0842, 0x0842, 0x0842, 0x0842, 0x0842, 0x0842, 0x0842, 0x0842, 0x0842, 0x0842,
    0x0842, 0x0842, 0x0842, 0x0842, 0x0842, 0x0842, 0x0842, 0x0842, 0x0842, 0x0842, 0x0842, 0x0842,
    0x0842, 0x0842, 0x0842, 0x0842, 0x0842, 0x0842, 0x0842, 0x0842, 0x0842, 0x0842, 0x0842, 0x0842,
    0x0842, 0x0842, 0x0842, 0x0842, 0x0842, 0x0842, 0x0842, 0x0842, 0x0842, 0x0842, 0x0842, 0x0842,
    0x0842, 0x0842, 0x0842, 0x0842, 0x0842, 0x0842, 0x0842, 0x0842, 0x0842, 0x0842, 0x0842, 0x0842,
    0x0842, 0x0842, 0x0842, 0x0842, 0x1041, 0x1041, 0x1041, 0x1041, 0x1041, 0x1041, 0x0842, 0x0842,
    0x1041, 0x1041, 0x1041, 0x1041, 0x1041, 0x1041, 0x1041, 0x0842, 0x1041, 0x1041, 0x1041, 0x1041,
    0x1041, 0x1041, 0x1041, 0x1041, 0x1041, 0x1041, 0x1041, 0x1041, 0x1041, 0x1041, 0x1041, 0x1041,
    0x1041, 0x1041, 0x1041, 0x1041, 0x1041, 0x1041, 0x1041, 0x1041, 0x1041, 0x1842, 0x1841, 0x1841,
    0x1841, 0x1841, 0x1041, 0x1841, 0x1841, 0x1841, 0x1841, 0x1041, 0x1041, 0x1041, 0x1041, 0x1041,
    0x1041, 0x1041, 0x1041, 0x1041, 0x1841, 0x1841, 0x1841, 0x1842, 0x1841, 0x1841, 0x1041, 0x1041,
    0x1041, 0x1841, 0x1041, 0x1841, 0x1841, 0x1041, 0x1041, 0x1041, 0x1041, 0x1041, 0x1041, 0x1041,
    0x1841, 0x1041, 0x1041, 0x1041, 0x1041, 0x1041, 0x1041, 0x1041, 0x1041, 0x1041, 0x1041, 0x1041,
    0x1841, 0x2041, 0x2041, 0x1841, 0x1841, 0x1041, 0x1041, 0x1041, 0x1041, 0x1041, 0x1041, 0x1041,
    0x1041, 0x0842, 0x1041, 0x1841, 0x2041, 0x2841, 0x2841, 0x2041, 0x1841, 0x1041, 0x1041, 0x1041,
    0x1041, 0x1841, 0x1841, 0x1041, 0x1041, 0x1041, 0x1041, 0x1041, 0x1041, 0x1041, 0x1041, 0x1041,
    0x1041, 0x1041, 0x1841, 0x1841, 0x1841, 0x1041, 0x1041, 0x1041, 0x1042, 0x1041, 0x1041, 0x1041,
    0x1041, 0x1041, 0x1041, 0x1041, 0x1041, 0x1041, 0x1041, 0x1041, 0x1041, 0x1041, 0x1041, 0x1041,
    0x1041, 0x1041, 0x1041, 0x1842, 0x1841, 0x1041, 0x1041, 0x1041, 0x1041, 0x1042, 0x1041, 0x1041,
    0x1041, 0x1041, 0x1041, 0x1041, 0x1041, 0x1041, 0x1041, 0x1041, 0x1042, 0x1842, 0x1041, 0x1041,
    0x1041, 0x1841, 0x1041, 0x1841, 0x1841, 0x1841, 0x1841, 0x1841, 0x1841, 0x1041, 0x1041, 0x1041,
    0x1041, 0x1041, 0x1041, 0x0842, 0x1041, 0x1041, 0x1041, 0x1041, 0x1041, 0x1041, 0x1041, 0x1041,
    0x1041, 0x1041, 0x1041, 0x1041, 0x1041, 0x1041, 0x1041, 0x1041, 0x1041, 0x1041, 0x1041, 0x1041,
    0x1041, 0x1041, 0x1041, 0x1041, 0x1041, 0x1041, 0x1041, 0x1041, 0x1041, 0x1041, 0x1041, 0x1041,
    0x1041, 0x1041, 0x1041, 0x1041, 0x1041, 0x1041, 0x1041, 0x1041, 0x1041, 0x0841, 0x0842, 0x1041,
    0x1041, 0x1041, 0x1041, 0x1041, 0x0842, 0x0842, 0x0842, 0x0842, 0x0842, 0x0842, 0x0842, 0x0842,
    0x0842, 0x0842, 0x0842, 0x0842, 0x0842, 0x0842, 0x0842, 0x0842, 0x0842, 0x0842, 0x0842, 0x0842,
    0x0842, 0x0842, 0x0842, 0x0842, 0x0842, 0x0842, 0x0842, 0x0842, 0x0842, 0x0842, 0x0842, 0x0842,
    0x0842, 0x0842, 0x0842, 0x0842, 0x0842, 0x0842, 0x0842, 0x0842, 0x0842, 0x0842, 0x0842, 0x0842,
    0x0842, 0x0842, 0x0842, 0x0842, 0x0842, 0x0842, 0x0842, 0x0842, 0x0842, 0x0842, 0x0842, 0x0842,
    0x0842, 0x0842, 0x0842, 0x0842, 0x0842, 0x0842, 0x0842, 0x0842, 0x0842, 0x0842, 0x0842, 0x0842,
    0x0842, 0x0842, 0x0842, 0x0842, 0x0842, 0x0842, 0x0842, 0x0842, 0x0842, 0x0842, 0x0842, 0x0842,
    0x0842, 0x0842, 0x0842, 0x0842, 0x0842, 0x0842, 0x0842, 0x0842, 0x0842, 0x0842, 0x0842, 0x0842,
    0x0842, 0x0842, 0x0842, 0x0842, 0x0842, 0x0842, 0x0842, 0x0842, 0x0842, 0x0842, 0x0842, 0x0842,
    0x0842, 0x0842, 0x0842, 0x0842, 0x0842, 0x0842, 0x0842, 0x0842, 0x0842, 0x0842, 0x0842, 0x0842,
    0x0842, 0x0842, 0x0842, 0x0842, 0x0842, 0x0842, 0x0842, 0x0842, 0x0842, 0x0842, 0x0842, 0x0842,
    0x0842, 0x0842, 0x0842, 0x0842, 0x0842, 0x0842, 0x0842, 0x0842, 0x0842, 0x0842, 0x0842, 0x0842,
    0x0842, 0x0842, 0x0842, 0x0842, 0x0842, 0x0842, 0x0842, 0x0842, 0x0842, 0x0842, 0x0842, 0x0842,
    0x0842, 0x0842, 0x0842, 0x0842, 0x0842, 0x0842, 0x0842, 0x0842, 0x0842, 0x0842, 0x0842, 0x0842,
    0x0842, 0x0842, 0x0842, 0x0842, 0x0842, 0x0842, 0x0842, 0x0842, 0x0842, 0x0842, 0x0842, 0x0842,
    0x0842, 0x0842, 0x0842, 0x0842, 0x0842, 0x0842, 0x0842, 0x0842, 0x0842, 0x0842, 0x0842, 0x0842,
    0x0842, 0x0842, 0x0842, 0x0842, 0x0842, 0x0842, 0x0842, 0x0842, 0x0842, 0x0842, 0x0842, 0x0842,
    0x0842, 0x0842, 0x0842, 0x0842, 0x0842, 0x0842, 0x0842, 0x0842, 0x0842, 0x0842, 0x0842, 0x0842,
    0x0842, 0x0842, 0x0842, 0x0842, 0x0842, 0x0842, 0x0842, 0x0842, 0x0842, 0x0842, 0x0842, 0x0842,
    0x0842, 0x0842, 0x0842, 0x0842, 0x0842, 0x0842, 0x0842, 0x0842, 0x0842, 0x0842, 0x0842, 0x0842,
    0x0842, 0x0842, 0x0842, 0x0842, 0x0842, 0x0842, 0x0842, 0x0842, 0x0842, 0x0842, 0x0842, 0x0842,
    0x0842, 0x0842, 0x0842, 0x0842, 0x0842, 0x0842, 0x0842, 0x0842, 0x0842, 0x0842, 0x0842, 0x0842,
    0x0842, 0x0842, 0x0842, 0x0842, 0x0842, 0x0842, 0x0842, 0x0842, 0x0842, 0x0842, 0x0842, 0x0842,
    0x0842, 0x0842, 0x0842, 0x0842, 0x0842, 0x0842, 0x0842, 0x0842, 0x0842, 0x0842, 0x0842, 0x0842,
    0x0842, 0x0842, 0x0842, 0x0842, 0x0842, 0x0842, 0x0842, 0x0842, 0x0842, 0x0842, 0x0842, 0x0842,
    0x0842, 0x0842, 0x0842, 0x0842, 0x0842, 0x0842, 0x0842, 0x0842, 0x0842, 0x0842, 0x0842, 0x0842,
    0x0842, 0x0842, 0x0842, 0x0842, 0x0842, 0x0842, 0x0842, 0x0842, 0x0842, 0x0842, 0x0842, 0x0842,
    0x0842, 0x0842, 0x0842, 0x0842, 0x0842, 0x0842, 0x0842, 0x0842, 0x0842, 0x0842, 0x0842, 0x0842,
    0x0842, 0x0842, 0x0842, 0x0842, 0x0842, 0x0842, 0x0842, 0x0842, 0x0842, 0x0842, 0x0842, 0x0842,
    0x0842, 0x0842, 0x0842, 0x0842, 0x0842, 0x0842, 0x0842, 0x0842, 0x0842, 0x0842, 0x0842, 0x0842,
    0x0842, 0x0842, 0x0842, 0x0842, 0x0842, 0x0842, 0x0842, 0x0842, 0x0842, 0x0842, 0x0842, 0x0842,
    0x0842, 0x0842, 0x0842, 0x0842, 0x0842, 0x0842, 0x0842, 0x0842, 0x0842, 0x0842, 0x0842, 0x0842,
    0x0842, 0x0842, 0x0842, 0x0842, 0x0842, 0x0842, 0x0842, 0x0842, 0x0842, 0x0842, 0x0842, 0x0842,
    0x0842, 0x0842, 0x0842, 0x0842, 0x0842, 0x0842, 0x0842, 0x0842, 0x0842, 0x0842, 0x0842, 0x0842,
    0x0842, 0x0842, 0x0842, 0x0842, 0x0842, 0x0842, 0x0842, 0x0842, 0x0842, 0x0842, 0x0842, 0x0842,
    0x0842, 0x0842, 0x0842, 0x0842, 0x0842, 0x0842, 0x0842, 0x0842, 0x0842, 0x0842, 0x0842, 0x0842,
    0x0842, 0x0842, 0x0842, 0x0842, 0x0842, 0x0842, 0x0842, 0x0842, 0x0842, 0x0842, 0x0842, 0x0842,
    0x0842, 0x0842, 0x0842, 0x0842, 0x0842, 0x0842, 0x0842, 0x0842, 0x0842, 0x0842, 0x0842, 0x0842,
    0x0842, 0x0842, 0x0842, 0x0842, 0x0842, 0x0842, 0x0842, 0x0842, 0x0842, 0x0842, 0x0842, 0x0842,
    0x0842, 0x0842, 0x0842, 0x0842, 0x0842, 0x0842, 0x0842, 0x0842, 0x0842, 0x0842, 0x0842, 0x0842,
    0x0842, 0x0842, 0x0842, 0x0842, 0x0842, 0x0842, 0x0842, 0x0842, 0x0842, 0x0842, 0x0842, 0x0842,
    0x0842, 0x0842, 0x0842, 0x0842, 0x0842, 0x0842, 0x0842, 0x0842, 0x0842, 0x0842, 0x0842, 0x0842,
    0x0842, 0x0842, 0x0842, 0x0842, 0x0842, 0x0842, 0x0842, 0x0842, 0x0842, 0x0842, 0x0842, 0x0842,
    0x0842, 0x0842, 0x0842, 0x0842, 0x0842, 0x0842, 0x0842, 0x0842, 0x0842, 0x0842, 0x0842, 0x0842,
    0x0842, 0x0842, 0x0842, 0x0842, 0x0842, 0x0842, 0x0842, 0x0842, 0x0842, 0x0842, 0x0842, 0x0842,
    0x0842, 0x0842, 0x0842, 0x0842, 0x0842, 0x0842, 0x0842, 0x0842, 0x0842, 0x0842, 0x0842, 0x0842,
    0x0842, 0x0842, 0x0842, 0x0842, 0x0842, 0x0842, 0x0842, 0x0842, 0x0842, 0x0842, 0x0842, 0x0842,
    0x0842, 0x0842, 0x0842, 0x0842, 0x0842, 0x0842, 0x0842, 0x0842, 0x0842, 0x0842, 0x0842, 0x0842,
    0x0842, 0x0842, 0x0842, 0x0842, 0x0842, 0x0842, 0x0842, 0x0842, 0x0842, 0x0842, 0x0842, 0x0842,
    0x0842, 0x0842, 0x0842, 0x0842, 0x0842, 0x0842, 0x0842, 0x0842, 0x0842, 0x0842, 0x0842, 0x0842,
    0x0842, 0x0842, 0x0842, 0x0842, 0x0842, 0x0842, 0x0842, 0x0842, 0x0842, 0x0842, 0x0842, 0x0842,
    0x0842, 0x0842, 0x0842, 0x0842, 0x0842, 0x0842, 0x0842, 0x0842, 0x0842, 0x0842, 0x0842, 0x0842,
    0x0842, 0x0842, 0x0842, 0x0842, 0x0842, 0x0842, 0x0842, 0x0842, 0x0842, 0x0842, 0x0842, 0x0842,
    0x0842, 0x0842, 0x0842, 0x0842, 0x0842, 0x0842, 0x0842, 0x0842, 0x0842, 0x0842, 0x0842, 0x0842,
    0x0842, 0x0842, 0x0842, 0x0842, 0x0842, 0x0842, 0x0842, 0x0842, 0x0842, 0x0842, 0x0842, 0x0842,
    0x0842, 0x0842, 0x0842, 0x0842, 0x0842, 0x0842, 0x0842, 0x0842, 0x0842, 0x0842, 0x0842, 0x0842,
    0x0842, 0x0842, 0x0842, 0x0842, 0x0842, 0x0842, 0x0842, 0x0842, 0x0842, 0x0842, 0x0842, 0x0842,
    0x0842, 0x0842, 0x0842, 0x0842, 0x0842, 0x0842, 0x0842, 0x0842, 0x0842, 0x0842, 0x0842, 0x0842,
    0x0842, 0x0842, 0x0842, 0x0842, 0x0842, 0x0842, 0x0842, 0x0842, 0x0842, 0x0842, 0x0842, 0x0842,
    0x0842, 0x0842, 0x0842, 0x0842, 0x0842, 0x0842, 0x0842, 0x0842, 0x0842, 0x0842, 0x0842, 0x0842,
    0x0842, 0x0842, 0x0842, 0x0842, 0x0842, 0x0842, 0x0842, 0x0842, 0x0842, 0x0842, 0x0842, 0x0842,
    0x0842, 0x0842, 0x0842, 0x0842, 0x0842, 0x0842, 0x0842, 0x0842, 0x0842, 0x0842, 0x0842, 0x0842,
    0x0842, 0x0842, 0x0842, 0x0842, 0x0842, 0x0842, 0x0842, 0x0842, 0x0842, 0x0842, 0x0842, 0x0842,
    0x0842, 0x0842, 0x0842, 0x0842, 0x0842, 0x0842, 0x0842, 0x0842, 0x0842, 0x0842, 0x0842, 0x0842,
    0x0842, 0x0842, 0x0842, 0x0842, 0x0842, 0x0842, 0x0842, 0x0842, 0x0842, 0x0842, 0x0842, 0x0842,
    0x0842, 0x0842, 0x0842, 0x0842, 0x0842, 0x0842, 0x0842, 0x0842, 0x0842, 0x0842, 0x0842, 0x0842,
    0x0842, 0x0842, 0x0842, 0x0842, 0x0842, 0x0842, 0x0842, 0x0842, 0x0842, 0x0842, 0x0842, 0x0842,
    0x0842, 0x0842, 0x0842, 0x0842, 0x0842, 0x0842, 0x0842, 0x0842, 0x0842, 0x0842, 0x0842, 0x0842,
    0x0842, 0x0842, 0x0842, 0x0842, 0x0842, 0x0842, 0x0842, 0x0842, 0x0842, 0x0842, 0x0842, 0x0842,
    0x0842, 0x0842, 0x0842, 0x0842, 0x0842, 0x0842, 0x0842, 0x0842, 0x0842, 0x0842, 0x0842, 0x0842,
    0x0842, 0x0842, 0x0842, 0x0842, 0x0842, 0x0842, 0x0842, 0x0842, 0x0842, 0x0842, 0x0842, 0x0842,
    0x0842, 0x0842, 0x0842, 0x0842, 0x0842, 0x0842, 0x0842, 0x0842, 0x0842, 0x0842, 0x0842, 0x0842,
    0x0842, 0x0842, 0x0842, 0x0842, 0x0842, 0x0842, 0x0842, 0x0842, 0x0842, 0x0842, 0x0842, 0x0842,
    0x0842, 0x0842, 0x0842, 0x0842, 0x0842, 0x0842, 0x0842, 0x0842, 0x0842, 0x0842, 0x0842, 0x0842,
    0x0842, 0x0842, 0x0842, 0x0842, 0x0842, 0x0842, 0x0842, 0x0842, 0x0842, 0x0842, 0x0842, 0x0842,
    0x0842, 0x0842, 0x0842, 0x0842, 0x0842, 0x0842, 0x0842, 0x0842, 0x0842, 0x0842, 0x0842, 0x0842,
    0x0842, 0x0842, 0x0842, 0x0842, 0x0842, 0x0842, 0x0842, 0x0842, 0x0842, 0x0842, 0x0842, 0x0842,
    0x0842, 0x0842, 0x0842, 0x0842, 0x0842, 0x0842, 0x0842, 0x0842, 0x0842, 0x0842, 0x0842, 0x0842,
    0x0842, 0x0842, 0x0842, 0x0842, 0x0842, 0x0842, 0x0842, 0x0842, 0x0842, 0x0842, 0x0842, 0x0842,
    0x0842, 0x0842, 0x0842, 0x0842, 0x0842, 0x0842, 0x0842, 0x0842, 0x0842, 0x0842, 0x0842, 0x0842,
    0x0842, 0x0842, 0x0842, 0x0842, 0x0842, 0x0842, 0x0842, 0x0842, 0x0842, 0x0842, 0x0842, 0x0842,
    0x0842, 0x0842, 0x0842, 0x0842, 0x0842, 0x0842, 0x0842, 0x0842, 0x0842, 0x0842, 0x0842, 0x0842,
    0x0842, 0x0842, 0x0842, 0x0842, 0x0842, 0x0842, 0x0842, 0x0842, 0x0842, 0x0842, 0x0842, 0x0842,
    0x0842, 0x0842, 0x0842, 0x0842, 0x0842, 0x0842, 0x0842, 0x0842, 0x0842, 0x0842, 0x0842, 0x0842,
    0x0842, 0x0842, 0x0842, 0x0842, 0x0842, 0x0842, 0x0842, 0x0842, 0x0842, 0x0842, 0x0842, 0x0842,
    0x0842, 0x0842, 0x0842, 0x0842, 0x0842, 0x0842, 0x0842, 0x0842, 0x0842, 0x0842, 0x0842, 0x0842,
    0x0842, 0x0842, 0x0842, 0x0842, 0x0842, 0x0842, 0x0842, 0x0842, 0x0842, 0x0842, 0x0842, 0x0842,
    0x0842, 0x0842, 0x0842, 0x0842, 0x0842, 0x0842, 0x0842, 0x0842, 0x0842, 0x0842, 0x0842, 0x0842,
    0x0842, 0x0842, 0x0842, 0x0842, 0x0842, 0x0842, 0x0842, 0x0842, 0x0842, 0x0842, 0x0842, 0x0842,
    0x0842, 0x0842, 0x0842, 0x0842, 0x0842, 0x0842, 0x0842, 0x0842, 0x0842, 0x0842, 0x0842, 0x0842,
    0x0842, 0x0842, 0x0842, 0x0842, 0x0842, 0x0842, 0x0842, 0x0842, 0x0842, 0x0842, 0x0842, 0x0842,
    0x0842, 0x0842, 0x0842, 0x0842, 0x0842, 0x0842, 0x0842, 0x0842, 0x0842, 0x0842, 0x0842, 0x0842,
    0x0842, 0x0842, 0x0842, 0x0842, 0x0842, 0x0842, 0x0842, 0x0842, 0x0842, 0x0842, 0x0842, 0x0842,
    0x0842, 0x0842, 0x0842, 0x0842, 0x0842, 0x0842, 0x0842, 0x0842, 0x0842, 0x0842, 0x0842, 0x0842,
    0x0842, 0x0842, 0x0842, 0x0842, 0x0842, 0x0842, 0x0842, 0x0842, 0x0842, 0x0842, 0x0842, 0x0842,
    0x0842, 0x0842, 0x0842, 0x0842, 0x0842, 0x0842, 0x0842, 0x0842, 0x0842, 0x0842, 0x0842, 0x0842,
    0x0842, 0x0842, 0x0842, 0x0842, 0x0842, 0x0842, 0x0842, 0x0842, 0x0842, 0x0842, 0x0842, 0x0842,
    0x0842, 0x0842, 0x0842, 0x0842, 0x0842, 0x0842, 0x0842, 0x0842, 0x0842, 0x0842, 0x0842, 0x0842,
    0x0842, 0x0842, 0x0842, 0x0842, 0x0842, 0x0842, 0x0842, 0x0842, 0x0842, 0x0842, 0x0842, 0x0842,
    0x0842, 0x0842, 0x0842, 0x0842, 0x0842, 0x0842, 0x0842, 0x0842, 0x0842, 0x0842, 0x0842, 0x0842,
    0x0842, 0x0842, 0x0842, 0x0842, 0x0842, 0x0842, 0x0842, 0x0842, 0x0842, 0x0842, 0x0842, 0x0842,
    0x0842, 0x0842, 0x0842, 0x0842, 0x0842, 0x0842, 0x0842, 0x0842, 0x0842, 0x0842, 0x0842, 0x0842,
    0x0842, 0x0842, 0x0842, 0x0842, 0x0842, 0x0842, 0x0842, 0x0842, 0x0842, 0x0842, 0x0842, 0x0842,
    0x0842, 0x0842, 0x0842, 0x0842, 0x0842, 0x0842, 0x0842, 0x0842, 0x0842, 0x0842, 0x0842, 0x0842,
    0x0842, 0x0842, 0x0842, 0x0842, 0x0842, 0x0842, 0x0842, 0x0842, 0x0842, 0x0842, 0x0842, 0x0842,
    0x0842, 0x0842, 0x0842, 0x0842, 0x0842, 0x0842, 0x0842, 0x0842, 0x0842, 0x0842, 0x0842, 0x0842,
    0x0842, 0x0842, 0x0842, 0x0842, 0x0842, 0x0842, 0x0842, 0x0842, 0x0842, 0x0842, 0x0842, 0x0842,
    0x0842, 0x0842, 0x0842, 0x0842, 0x0842, 0x0842, 0x0842, 0x0842, 0x0842, 0x0842, 0x0842, 0x0842,
    0x0842, 0x0842, 0x0842, 0x0842, 0x0842, 0x0842, 0x0842, 0x0842, 0x0842, 0x0842, 0x0842, 0x0842,
    0x0842, 0x0842, 0x0842, 0x0842, 0x0842, 0x0842, 0x0842, 0x0842, 0x0842, 0x0842, 0x0842, 0x0842,
    0x0842, 0x0842, 0x0842, 0x0842, 0x0842, 0x0842, 0x0842, 0x0842, 0x0842, 0x0842, 0x0842, 0x0842,
    0x0842, 0x0842, 0x0842, 0x0842, 0x0842, 0x0842, 0x0842, 0x0842, 0x0842, 0x0842, 0x0842, 0x0842,
    0x0842, 0x0842, 0x0842, 0x0842, 0x0842, 0x0842, 0x0842, 0x0842, 0x0842, 0x0842, 0x0842, 0x0842,
    0x0842, 0x0842, 0x0842, 0x0842, 0x0842, 0x0842, 0x0842, 0x0842, 0x0842, 0x0842, 0x0842, 0x0842,
    0x0842, 0x0842, 0x0842, 0x0842, 0x0842, 0x0842, 0x0842, 0x0842, 0x0842, 0x0842, 0x0842, 0x0842,
    0x0842, 0x0842, 0x0842, 0x0842, 0x0842, 0x0842, 0x0842, 0x0842, 0x0842, 0x0842, 0x0842, 0x0842,
    0x0842, 0x0842, 0x0842, 0x0842, 0x0842, 0x0842, 0x0842, 0x0842, 0x0842, 0x0842, 0x0842, 0x0842,
    0x0842, 0x0842, 0x0842, 0x0842, 0x0842, 0x0842, 0x0842, 0x0842, 0x0842, 0x0842, 0x0842, 0x0842,
    0x0842, 0x0842, 0x0842, 0x0842, 0x0842, 0x0842, 0x0842, 0x0842, 0x0842, 0x0842, 0x0842, 0x0842,
    0x0842, 0x0842, 0x0842, 0x0842, 0x0842, 0x0842, 0x0842, 0x0842, 0x0842, 0x0842, 0x0842, 0x0842,
    0x0842, 0x0842, 0x0842, 0x0842, 0x0842, 0x0842, 0x0842, 0x0842, 0x0842, 0x0842, 0x0842, 0x0842,
    0x0842, 0x0842, 0x0842, 0x0842, 0x0842, 0x0842, 0x0842, 0x0842, 0x0842, 0x0842, 0x0842, 0x0842,
    0x0842, 0x0842, 0x0842, 0x0842, 0x0842, 0x0842, 0x0842, 0x0842, 0x0842, 0x0842, 0x0842, 0x0842,
    0x0842, 0x0842, 0x0842, 0x0842, 0x0842, 0x0842, 0x0842, 0x0842, 0x0842, 0x0842, 0x0842, 0x0842,
    0x0842, 0x0842, 0x0842, 0x0842, 0x0842, 0x0842, 0x0842, 0x0842, 0x0842, 0x0842, 0x0842, 0x0842,
    0x0842, 0x0842, 0x0842, 0x0842, 0x0842, 0x0842, 0x0842, 0x0842, 0x0842, 0x0842, 0x0842, 0x0842,
    0x0842, 0x0842, 0x0842, 0x0842, 0x0842, 0x0842, 0x0842, 0x0842, 0x0842, 0x0842, 0x0842, 0x0842,
    0x0842, 0x0842, 0x0842, 0x0842, 0x0842, 0x0842, 0x0842, 0x0842, 0x0842, 0x0842, 0x0842, 0x0842,
    0x0842, 0x0842, 0x0842, 0x0842, 0x0842, 0x0842, 0x0842, 0x0842, 0x0842, 0x0842, 0x0842, 0x0842,
    0x0842, 0x0842, 0x0842, 0x0842, 0x0842, 0x0842, 0x0842, 0x0842, 0x0842, 0x0842, 0x0842, 0x0842,
    0x0842, 0x0842, 0x0842, 0x0842, 0x0842, 0x0842, 0x0842, 0x0842, 0x0842, 0x0842, 0x0842, 0x0842,
    0x0842, 0x0842, 0x0842, 0x0842, 0x0842, 0x0842, 0x0842, 0x0842, 0x0842, 0x0842, 0x0842, 0x0842,
    0x0842, 0x0842, 0x0842, 0x0842, 0x0842, 0x0842, 0x0842, 0x0842, 0x0842, 0x0842, 0x0842, 0x0842,
    0x0842, 0x0842, 0x0842, 0x0842, 0x0842, 0x0842, 0x0842, 0x0842, 0x0842, 0x0842, 0x0842, 0x0842,
    0x0842, 0x0842, 0x0842, 0x0842, 0x0842, 0x0842, 0x0842, 0x0842, 0x0842, 0x0842, 0x0842, 0x0842,
    0x0842, 0x0842, 0x0842, 0x0842, 0x0842, 0x0842, 0x0842, 0x0842, 0x0842, 0x0842, 0x0842, 0x0842,
    0x0842, 0x0842, 0x0842, 0x0842, 0x0842, 0x0842, 0x0842, 0x0842, 0x0842, 0x0842, 0x0842, 0x0842,
    0x0842, 0x0842, 0x0842, 0x0842, 0x0842, 0x0842, 0x0842, 0x0842, 0x0842, 0x0842, 0x0842, 0x0842,
    0x0842, 0x0842, 0x0842, 0x0842, 0x0842, 0x0842, 0x0842, 0x0842, 0x0842, 0x0842, 0x0842, 0x0842,
    0x0842, 0x0842, 0x0842, 0x0842, 0x0842, 0x0842, 0x0842, 0x0842, 0x0842, 0x0842, 0x0842, 0x0842,
    0x0842, 0x0842, 0x0842, 0x0842, 0x0842, 0x0842, 0x0842, 0x0842, 0x0842, 0x0842, 0x0842, 0x0842,
    0x0842, 0x0842, 0x0842, 0x0842, 0x0842, 0x0842, 0x0842, 0x0842, 0x0842, 0x0842, 0x0842, 0x0842,
    0x0842, 0x0842, 0x0842, 0x0842, 0x0842, 0x0842, 0x0842, 0x0842, 0x0842, 0x0842, 0x0842, 0x0842,
    0x0842, 0x0842, 0x0842, 0x0842, 0x0842, 0x0842, 0x0842, 0x0842, 0x0842, 0x0842, 0x0842, 0x0842,
    0x0842, 0x0842, 0x0842, 0x0842, 0x0842, 0x0842, 0x0842, 0x0842, 0x0842, 0x0842, 0x0842, 0x0842,
    0x0842, 0x0842, 0x0842, 0x0842, 0x0842, 0x0842, 0x0842, 0x0842, 0x0842, 0x0842, 0x0842, 0x0842,
    0x0842, 0x0842, 0x0842, 0x0842, 0x0842, 0x0842, 0x0842, 0x0842, 0x0842, 0x0842, 0x0842, 0x0842,
    0x0842, 0x0842, 0x0842, 0x0842, 0x0842, 0x0842, 0x0842, 0x0842, 0x0842, 0x0842, 0x0842, 0x0842,
    0x0842, 0x0842, 0x0842, 0x0842, 0x0842, 0x0842, 0x0842, 0x0842, 0x0842, 0x0842, 0x0842, 0x0842,
    0x0842, 0x0842, 0x0842, 0x0842, 0x0842, 0x0842, 0x0842, 0x0842, 0x0842, 0x0842, 0x0842, 0x0842,
    0x0842, 0x0842, 0x0842, 0x0842, 0x0842, 0x0842, 0x0842, 0x0842, 0x0842, 0x0842, 0x0842, 0x0842,
    0x0842, 0x0842, 0x0842, 0x0842, 0x0842, 0x0842, 0x0842, 0x0842, 0x0842, 0x0842, 0x0842, 0x0842,
    0x0842, 0x0842, 0x0842, 0x0842, 0x0842, 0x0842, 0x0842, 0x0842, 0x0842, 0x0842, 0x0842, 0x0842,
    0x0842, 0x0842, 0x0842, 0x0842, 0x0842, 0x0842, 0x0842, 0x0842, 0x0842, 0x0842, 0x0842, 0x0842,
    0x0842, 0x0842, 0x0842, 0x0842, 0x0842, 0x0842, 0x0842, 0x0842, 0x0842, 0x0842, 0x0842, 0x0842,
    0x0842, 0x0842, 0x0842, 0x0842, 0x0842, 0x0842, 0x0842, 0x0842, 0x0842, 0x0842, 0x0842, 0x0842,
    0x0842, 0x0842, 0x0842, 0x0842, 0x0842, 0x0842, 0x0842, 0x0842, 0x0842, 0x0842, 0x0842, 0x0842,
    0x0842, 0x0842, 0x0842, 0x0842, 0x0842, 0x0842, 0x0842, 0x0842, 0x0842, 0x0842, 0x0842, 0x0842,
    0x0842, 0x0842, 0x0842, 0x0842, 0x0842, 0x0842, 0x0842, 0x0842, 0x0842, 0x0842, 0x0842, 0x0842,
    0x0842, 0x0842, 0x0842, 0x0842, 0x0842, 0x0842, 0x0842, 0x0842, 0x0842, 0x0842, 0x0842, 0x0842,
    0x0842, 0x0842, 0x0842, 0x0842, 0x0842, 0x0842, 0x0842, 0x0842, 0x0842, 0x0842, 0x0842, 0x0842,
    0x0842, 0x0842, 0x0842, 0x0842, 0x0842, 0x0842, 0x0842, 0x0842, 0x0842, 0x0842, 0x0842, 0x0842,
    0x0842, 0x0842, 0x0842, 0x0842, 0x0842, 0x0842, 0x0842, 0x0842, 0x0842, 0x0842, 0x0842, 0x0842,
    0x0842, 0x0842, 0x0842, 0x0842, 0x0842, 0x0842, 0x0842, 0x0842, 0x0842, 0x0842, 0x0842, 0x0842,
    0x0842, 0x0842, 0x0842, 0x0842, 0x0842, 0x0842, 0x0842, 0x0842, 0x0842, 0x0842, 0x0842, 0x0842,
    0x0842, 0x0842, 0x0842, 0x0842, 0x0842, 0x0842, 0x0842, 0x0842, 0x0842, 0x0842, 0x0842, 0x0842,
    0x0842, 0x0842, 0x0842, 0x0842, 0x0842, 0x0842, 0x0842, 0x0842, 0x0842, 0x0842, 0x0842, 0x0842,
    0x0842, 0x0842, 0x0842, 0x0842, 0x0842, 0x0842, 0x0842, 0x0842, 0x0842, 0x0842, 0x0842, 0x0842,
    0x0842, 0x0842, 0x0842, 0x0842, 0x0842, 0x0842, 0x0842, 0x0842, 0x0842, 0x0842, 0x0842, 0x0842,
    0x0842, 0x0842, 0x0842, 0x0842, 0x0842, 0x0842, 0x0842, 0x0842, 0x0842, 0x0842, 0x0842, 0x0842,
    0x0842, 0x0842, 0x0842, 0x0842, 0x0842, 0x0842, 0x0842, 0x0842, 0x0842, 0x0842, 0x0842, 0x0842,
    0x0842, 0x0842, 0x0842, 0x0842, 0x0842, 0x0842, 0x0842, 0x0842, 0x0842, 0x0842, 0x0842, 0x0842,
    0x0842, 0x0842, 0x0842, 0x0842, 0x0842, 0x0842, 0x0842, 0x0842, 0x0842, 0x0842, 0x0842, 0x0842,
    0x0842, 0x0842, 0x0842, 0x0842, 0x0842, 0x0842, 0x0842, 0x0842, 0x0842, 0x0842, 0x0842, 0x0842,
    0x0842, 0x0842, 0x0842, 0x0842, 0x0842, 0x0842, 0x0842, 0x0842, 0x0842, 0x0842, 0x0842, 0x0842,
    0x0842, 0x0842, 0x0842, 0x0842, 0x0842, 0x0842, 0x0842, 0x0842, 0x0842, 0x0842, 0x0842, 0x0842,
    0x0842, 0x0842, 0x0842, 0x0842, 0x0842, 0x0842, 0x0842, 0x0842, 0x0842, 0x0842, 0x0842, 0x0842,
    0x0842, 0x0842, 0x0842, 0x0842, 0x0842, 0x0842, 0x0842, 0x0842, 0x0842, 0x0842, 0x0842, 0x0842,
    0x0842, 0x0842, 0x0842, 0x0842, 0x0842, 0x0842, 0x0842, 0x0842, 0x0842, 0x0842, 0x0842, 0x0842,
    0x0842, 0x0842, 0x0842, 0x0842, 0x0842, 0x0842, 0x0842, 0x0842, 0x0842, 0x0842, 0x0842, 0x0842,
    0x0842, 0x0842, 0x0842, 0x0842, 0x0842, 0x0842, 0x0842, 0x0842, 0x0842, 0x0842, 0x0842, 0x0842,
    0x0842, 0x0842, 0x0842, 0x0842, 0x0842, 0x0842, 0x0842, 0x0842, 0x0842, 0x0842, 0x0842, 0x0842,
    0x0842, 0x0842, 0x0842, 0x0842, 0x0842, 0x0842, 0x0842, 0x0842, 0x0842, 0x0842, 0x0842, 0x0842,
    0x0842, 0x0842, 0x0842, 0x0842, 0x0842, 0x0842, 0x0842, 0x0842, 0x0842, 0x0842, 0x0842, 0x0842,
    0x0842, 0x0842, 0x0842, 0x0842, 0x0842, 0x0842, 0x0842, 0x0842, 0x0842, 0x0842, 0x0842, 0x0842,
    0x0842, 0x0842, 0x0842, 0x0842, 0x0842, 0x0842, 0x0842, 0x0842, 0x0842, 0x0842, 0x0842, 0x0842,
    0x0842, 0x0842, 0x0842, 0x0842, 0x0842, 0x0842, 0x0842, 0x0842, 0x0842, 0x0842, 0x0842, 0x0842,
    0x0842, 0x0842, 0x0842, 0x0842, 0x0842, 0x0842, 0x0842, 0x0842, 0x0842, 0x0842, 0x0842, 0x0842,
    0x0842, 0x0842, 0x0842, 0x0842, 0x0842, 0x0842, 0x0842, 0x0842, 0x0842, 0x0842, 0x0842, 0x0842,
    0x0842, 0x0842, 0x0842, 0x0842, 0x0842, 0x0842, 0x0842, 0x0842, 0x0842, 0x0842, 0x0842, 0x0842,
    0x0842, 0x0842, 0x0842, 0x0842, 0x0842, 0x0842, 0x0842, 0x0842, 0x0842, 0x0842, 0x0842, 0x0842,
    0x0842, 0x0842, 0x0842, 0x0842, 0x0842, 0x0842, 0x0842, 0x0842, 0x0842, 0x0842, 0x0842, 0x0842,
    0x0842, 0x0842, 0x0842, 0x0842, 0x0842, 0x0842, 0x0842, 0x0842, 0x0842, 0x0842, 0x0842, 0x0842,
    0x0842, 0x0842, 0x0842, 0x0842, 0x0842, 0x0842, 0x0842, 0x0842, 0x0842, 0x0842, 0x0842, 0x0842,
    0x0842, 0x0842, 0x0842, 0x0842, 0x0842, 0x0842, 0x0842, 0x0842, 0x0842, 0x0842, 0x0842, 0x0842,
    0x0842, 0x0842, 0x0842, 0x0842, 0x0842, 0x0842, 0x0842, 0x0842, 0x0842, 0x0842, 0x0842, 0x0842,
    0x0842, 0x0842, 0x0842, 0x0842, 0x0842, 0x0842, 0x0842, 0x0842, 0x0842, 0x0842, 0x0842, 0x0842,
    0x0842, 0x0842, 0x0842, 0x0842, 0x0842, 0x0842, 0x0842, 0x0842, 0x0842, 0x0842, 0x0842, 0x0842,
    0x0842, 0x0842, 0x0842, 0x0842, 0x0842, 0x0842, 0x0842, 0x0842, 0x0842, 0x0842, 0x0842, 0x0842,
    0x0842, 0x0842, 0x0842, 0x0842, 0x0842, 0x0842, 0x0842, 0x0842, 0x0842, 0x0842, 0x0842, 0x0842,
    0x0842, 0x0842, 0x0842, 0x0842, 0x0842, 0x0842, 0x0842, 0x0842, 0x0842, 0x0842, 0x0842, 0x0842,
    0x0842, 0x0842, 0x0842, 0x0842, 0x0842, 0x0842, 0x0842, 0x0842, 0x0842, 0x0842, 0x0842, 0x0842,
    0x0842, 0x0842, 0x0842, 0x0842, 0x0842, 0x0842, 0x0842, 0x0842, 0x0842, 0x0842, 0x0842, 0x0842,
    0x0842, 0x0842, 0x0842, 0x0842, 0x0842, 0x0842, 0x0842, 0x0842, 0x0842, 0x0842, 0x0842, 0x0842,
    0x0842, 0x0842, 0x0842, 0x0842, 0x0842, 0x0842, 0x0842, 0x0842, 0x0842, 0x0842, 0x0842, 0x0842,
    0x0842, 0x0842, 0x0842, 0x0842, 0x0842, 0x0842, 0x0842, 0x0842, 0x0842, 0x0842, 0x0842, 0x0842,
    0x0842, 0x0842, 0x0842, 0x0842, 0x0842, 0x0842, 0x0842, 0x0842, 0x0842, 0x0842, 0x0842, 0x0842,
    0x0842, 0x0842, 0x0842, 0x0842, 0x0842, 0x0842, 0x0842, 0x0842, 0x0842, 0x0842, 0x0842, 0x0842,
    0x0842, 0x0842, 0x0842, 0x0842, 0x0842, 0x0842, 0x0842, 0x0842, 0x0842, 0x0842, 0x0842, 0x0842,
    0x0842, 0x0842, 0x0842, 0x0842, 0x0842, 0x0842, 0x0842, 0x0842, 0x0842, 0x0842, 0x0842, 0x0842,
    0x0842, 0x0842, 0x0842, 0x0842, 0x0842, 0x0842, 0x0842, 0x0842, 0x0842, 0x0842, 0x0842, 0x0842,
    0x0842, 0x0842, 0x0842, 0x0842, 0x0842, 0x0842, 0x0842, 0x0842, 0x0842, 0x0842, 0x0842, 0x0842,
    0x0842, 0x0842, 0x0842, 0x0842, 0x0842, 0x0842, 0x0842, 0x0842, 0x0842, 0x0842, 0x0842, 0x0842,
    0x0842, 0x0842, 0x0842, 0x0842, 0x0842, 0x0842, 0x0842, 0x0842, 0x0842, 0x0842, 0x0842, 0x0842,
    0x0842, 0x0842, 0x0842, 0x0842, 0x0842, 0x0842, 0x0842, 0x0842, 0x0842, 0x0842, 0x0842, 0x0842,
    0x0842, 0x0842, 0x0842, 0x0842, 0x0842, 0x0842, 0x0842, 0x0842, 0x0842, 0x0842, 0x0842, 0x0842,
    0x0842, 0x0842, 0x0842, 0x0842, 0x0842, 0x0842, 0x0842, 0x0842, 0x0842, 0x0842, 0x0842, 0x0842,
    0x0842, 0x0842, 0x0842, 0x0842, 0x0842, 0x0842, 0x0842, 0x0842, 0x0842, 0x0842, 0x0842, 0x0842,
    0x0842, 0x0842, 0x0842, 0x0842, 0x0842, 0x0842, 0x0842, 0x0842, 0x0842, 0x0842, 0x0842, 0x0842,
    0x0842, 0x0842, 0x0842, 0x0842, 0x0842, 0x0842, 0x0842, 0x0842, 0x0842, 0x0842, 0x0842, 0x0842,
    0x0842, 0x0842, 0x0842, 0x0842, 0x0842, 0x0842, 0x0842, 0x0842, 0x0842, 0x0842, 0x0842, 0x0842,
    0x0842, 0x0842, 0x0842, 0x0842, 0x0842, 0x0842, 0x0842, 0x0842, 0x0842, 0x0842, 0x0842, 0x0842,
    0x0842, 0x0842, 0x0842, 0x0842, 0x0842, 0x0842, 0x0842, 0x0842, 0x0842, 0x0842, 0x0842, 0x0842,
    0x0842, 0x0842, 0x0842, 0x0842, 0x0842, 0x0842, 0x0842, 0x0842, 0x0842, 0x0842, 0x0842, 0x0842,
    0x0842, 0x0842, 0x0842, 0x0842, 0x0842, 0x0842, 0x0842, 0x0842, 0x0842, 0x0842, 0x0842, 0x0842,
    0x0842, 0x0842, 0x0842, 0x0842, 0x0842, 0x0842, 0x0842, 0x0842, 0x0842, 0x0842, 0x0842, 0x0842,
    0x0842, 0x0842, 0x0842, 0x0842, 0x0842, 0x0842, 0x0842, 0x0842, 0x0842, 0x0842, 0x0842, 0x0842,
    0x0842, 0x0842, 0x0842, 0x0842, 0x0842, 0x0842, 0x0842, 0x0842, 0x0842, 0x0842, 0x0842, 0x0842,
    0x0842, 0x0842, 0x0842, 0x0842, 0x0842, 0x0842, 0x0842, 0x0842, 0x0842, 0x0842, 0x0842, 0x0842,
    0x0842, 0x0842, 0x0842, 0x0842, 0x0842, 0x0842, 0x0842, 0x0842, 0x0842, 0x0842, 0x0842, 0x0842,
    0x0842, 0x0842, 0x0842, 0x0842, 0x0842, 0x0842, 0x0842, 0x0842, 0x0842, 0x0842, 0x0842, 0x0842,
    0x0842, 0x0842, 0x0842, 0x0842, 0x0842, 0x0842, 0x0842, 0x0842, 0x0842, 0x0842, 0x0842, 0x0842,
    0x0842, 0x0842, 0x0842, 0x0842, 0x0842, 0x0842, 0x0842, 0x0842, 0x0842, 0x0842, 0x0842, 0x0842,
    0x0842, 0x0842, 0x0842, 0x0842, 0x0842, 0x0842, 0x0842, 0x0842, 0x0842, 0x0842, 0x0842, 0x0842,
    0x0842, 0x0842, 0x0842, 0x0842, 0x0842, 0x0842, 0x0842, 0x0842, 0x0842, 0x0842, 0x0842, 0x0842,
    0x0842, 0x0842, 0x0842, 0x0842, 0x0842, 0x0842, 0x0842, 0x0842, 0x0842, 0x0842, 0x0842, 0x0842,
    0x0842, 0x0842, 0x0842, 0x0842, 0x0842, 0x0842, 0x0842, 0x0842, 0x0842, 0x0842, 0x0842, 0x0842,
    0x0842, 0x0842, 0x0842, 0x0842, 0x0842, 0x0842, 0x0842, 0x0842, 0x0842, 0x0842, 0x0842, 0x0842,
    0x0842, 0x0842, 0x0842, 0x0842, 0x0842, 0x0842, 0x0842, 0x0842, 0x0842, 0x0842, 0x0842, 0x0842,
    0x0842, 0x0842, 0x0842, 0x0842, 0x0842, 0x0842, 0x0842, 0x0842, 0x0842, 0x0842, 0x0842, 0x0842,
    0x0842, 0x0842, 0x0842, 0x0842, 0x0842, 0x0842, 0x0842, 0x0842, 0x0842, 0x0842, 0x0842, 0x0842,
    0x0842, 0x0842, 0x0842, 0x0842, 0x0842, 0x0842, 0x0842, 0x0842, 0x0842, 0x0842, 0x0842, 0x0842,
    0x0842, 0x0842, 0x0842, 0x0842, 0x0842, 0x0842, 0x0842, 0x0842, 0x0842, 0x0842, 0x0842, 0x0842,
    0x0842, 0x0842, 0x0842, 0x0842, 0x0842, 0x0842, 0x0842, 0x0842, 0x0842, 0x0842, 0x0842, 0x0842,
    0x0842, 0x0842, 0x0842, 0x0842, 0x0842, 0x0842, 0x0842, 0x0842, 0x0842, 0x0842, 0x0842, 0x0842,
    0x0842, 0x0842, 0x0842, 0x0842, 0x0842, 0x0842, 0x0842, 0x0842, 0x0842, 0x0842, 0x0842, 0x0842,
    0x0842, 0x0842, 0x0842, 0x0842, 0x0842, 0x0842, 0x0842, 0x0842, 0x0842, 0x0842, 0x0842, 0x0842,
    0x0842, 0x0842, 0x0842, 0x0842, 0x0842, 0x0842, 0x0842, 0x0842, 0x0842, 0x0842, 0x0842, 0x0842,
    0x0842, 0x0842, 0x0842, 0x0842, 0x0842, 0x0842, 0x0842, 0x0842, 0x0842, 0x0842, 0x0842, 0x0842,
    0x0842, 0x0842, 0x0842, 0x0842, 0x0842, 0x0842, 0x0842, 0x0842, 0x0842, 0x0842, 0x0842, 0x0842,
    0x0842, 0x0842, 0x0842, 0x0842, 0x0842, 0x0842, 0x0842, 0x0842, 0x0842, 0x0842, 0x0842, 0x0842,
    0x0842, 0x0842, 0x0842, 0x0842, 0x0842, 0x0842, 0x0842, 0x0842, 0x0842, 0x0842, 0x0842, 0x0842,
    0x0842, 0x0842, 0x0842, 0x0842, 0x0842, 0x0842, 0x0842, 0x0842, 0x0842, 0x0842, 0x0842, 0x0842,
    0x0842, 0x0842, 0x0842, 0x0842, 0x0842, 0x0842, 0x0842, 0x0842, 0x0842, 0x0842, 0x0842, 0x0842,
    0x0842, 0x0842, 0x0842, 0x0842, 0x0842, 0x0842, 0x0842, 0x0842, 0x0842, 0x0842, 0x0842, 0x0842,
    0x0842, 0x0842, 0x0842, 0x0842, 0x0842, 0x0842, 0x0842, 0x0842, 0x0842, 0x0842, 0x0842, 0x0842,
    0x0842, 0x0842, 0x0842, 0x0842, 0x0842, 0x0842, 0x0842, 0x0842, 0x0842, 0x0842, 0x0842, 0x0842,
    0x0842, 0x0842, 0x0842, 0x0842, 0x0842, 0x0842, 0x0842, 0x0842, 0x0842, 0x0842, 0x0842, 0x0842,
    0x0842, 0x0842, 0x0842, 0x0842, 0x0842, 0x0842, 0x0842, 0x0842, 0x0842, 0x0842, 0x0842, 0x0842,
    0x0842, 0x0842, 0x0842, 0x0842, 0x0842, 0x0842, 0x0842, 0x0842, 0x0842, 0x0842, 0x0842, 0x0842,
    0x0842, 0x0842, 0x0842, 0x0842, 0x0842, 0x0842, 0x0842, 0x0842, 0x0842, 0x0842, 0x0842, 0x0842,
    0x0842, 0x0842, 0x0842, 0x0842, 0x0842, 0x0842, 0x0842, 0x0842, 0x0842, 0x0842, 0x0842, 0x0842,
    0x0842, 0x0842, 0x0842, 0x0842, 0x0842, 0x0842, 0x0842, 0x0842, 0x0842, 0x0842, 0x0842, 0x0842,
    0x0842, 0x0842, 0x0842, 0x0842, 0x0842, 0x0842, 0x0842, 0x0842, 0x0842, 0x0842, 0x0842, 0x0842,
    0x0842, 0x0842, 0x0842, 0x0842, 0x0842, 0x0842, 0x0842, 0x0842, 0x0842, 0x0842, 0x0842, 0x0842,
    0x0842, 0x0842, 0x0842, 0x0842, 0x0842, 0x0842, 0x0842, 0x0842, 0x0842, 0x0842, 0x0842, 0x0842,
    0x0842, 0x0842, 0x0842, 0x0842, 0x0842, 0x0842, 0x0842, 0x0842, 0x0842, 0x0842, 0x0842, 0x0842,
    0x0842, 0x0842, 0x0842, 0x0842, 0x0842, 0x0842, 0x0842, 0x0842, 0x0842, 0x0842, 0x0842, 0x0842,
    0x0842, 0x0842, 0x0842, 0x0842, 0x0842, 0x0842, 0x0842, 0x0842, 0x0842, 0x0842, 0x0842, 0x0842,
    0x0842, 0x0842, 0x0842, 0x0842, 0x0842, 0x0842, 0x0842, 0x0842, 0x0842, 0x0842, 0x0842, 0x0842,
    0x0842, 0x0842, 0x0842, 0x0842, 
};
